ID,TARGET
536526,1873.718813732891
124137,4920.781204570386
164216,4518.351193534244
541629,2684.9998873028026
572504,900.622168275082
576358,3525.6233877769864
576710,2999.4857346973104
617961,1392.0228915716468
256825,966.5483120110448
256838,1024.4203887421231
276621,963.3477612137768
722102,7406.641961481227
317428,1050.2901775876098
746868,1436.5870015043997
776764,1516.8563066658937
785113,1035.677771412739
791056,5518.818053906689
821841,1229.287173897344
422071,2858.1063348256266
447142,966.8397646396637
469638,2323.0571058882897
499401,3776.2735590624434
836523,2557.623377975999
1058429,1179.1710534388521
1058555,1388.7889796359539
1070360,3697.9050676570464
906294,5142.258430841335
948686,3766.248838776491
974082,3537.652368649395
974147,7534.790908262149
1016722,5782.207948255858
1197074,3601.8948811843575
1197075,3564.337813586677
1230718,3848.829007424264
1230768,2268.124711149008
2328304,1639.8424056367162
1283392,2598.6209959838043
2476233,3962.678158728112
2630989,2759.128914578263
1476508,1802.5617670738188
2792620,4932.478237324663
2899452,6979.6572262665495
1494112,2954.853086977443
1529536,953.871132777455
1635900,1932.5266757007241
3160121,4305.417775069729
1682486,2262.1133241268667
1725117,3289.764034281473
1777144,908.2590466285002
3302466,2030.6980113079273
1800776,3120.2488895520987
3305340,1301.3713697197331
3357068,689.2429633828814
3366207,899.5094780258689
1991233,2558.469150781445
2073897,1790.6520754164276
2076890,5476.672917294768
3670885,2900.6957969825226
2242689,2912.76727632059
2255561,2608.414773912342
3882914,842.9867217303755
3938250,2615.1045923972147
3975639,1549.5572415857894
4875278,2440.318566777609
4876386,3228.115841619374
4894884,2814.3246098371496
4964466,2127.7686763495885
4965075,2310.2626783686646
4966009,1982.5919310644933
5129159,840.3107251743464
4317490,1575.8567862049679
4336868,1069.0231442619054
4359997,829.2994758035394
5228368,2035.4695052540044
5228870,2013.2697030608679
4373763,2768.2880143403095
4399839,1268.7535616886414
4425965,12146.598121750712
5276509,4227.372100317036
5369220,2071.681896453704
4700162,3768.17022645676
5999514,1851.0282299468313
5663555,2057.7754381554837
5699793,2562.89321164625
6097022,4253.3943568450995
6110739,3216.3412022954467
6185529,1516.4696861451762
5849499,3464.4439654214325
5883037,721.5221983564567
6247930,2970.442207427078
6265781,5139.046972355206
7147544,1181.0919262895632
6383915,3293.688394107592
6396412,3020.9681344957216
6396593,3553.157718568534
6396705,3356.6520045039765
6396768,3832.415499823646
7286199,2595.928089510794
7308739,3447.213849306247
7347985,997.8332663347626
6397173,2056.014085135883
6397391,1966.3087876935404
7398954,1292.8089480519488
6539491,3738.9017456270194
7516417,2294.359954598799
7544139,833.2393822908532
7609047,4994.630176480468
7624698,1698.1407227676534
6726060,1150.1919845947857
6807419,3489.3457830103766
6830335,3225.3311321617402
6857328,1999.6575610896625
7694308,4031.9529217144254
7798700,3404.3361396209
6872610,3240.315548938157
6888863,2181.318383580914
7961923,1374.450594792551
9133897,2393.8747207854353
9535857,2245.477101625757
9619901,2997.1562832088293
9643063,1970.3625875142436
9643721,1623.6864606084152
9691789,3360.4440944671096
8353475,1066.5113895367629
9746708,2837.124107700075
8487113,3247.081164336348
8494202,3169.2932532458017
10021249,1175.688671845982
10169093,2985.789981110772
10169885,4666.688023776696
10217879,2649.2126748357205
10904917,888.1380548197834
11108135,1914.6505304063573
11108459,2276.590238578246
11367083,2363.070152293672
10880583,1322.147431301581
11569859,3032.1509063582184
13245433,15859.42120835849
13354965,1925.1204694807673
11897162,3242.95902093381
11943101,12424.398540266258
13635297,3658.4273890117242
13737198,2729.302494166563
13757460,4719.887095532178
12291427,992.5578213951488
12313405,5118.7875392101205
14105621,1729.9157714550047
14116240,1465.3988175580796
14172532,1812.308374010604
12949764,1154.0347511136504
14282030,3433.892412501219
16214707,2639.30509513228
16224811,6410.781840173999
14640985,764.4527769013587
14767638,2142.061365974917
14768021,2132.450152137507
15216489,1151.6260343372164
16374377,2785.8296999983054
16431953,777.5954288861576
15278140,2161.9328151158124
15488666,2155.0988477584037
16825239,6946.436319540427
16052712,856.4386305299604
16129030,2078.056118553171
16129362,1700.1752181112874
16195498,4743.7184110338285
17095155,940.4869894633953
16214034,2146.4059063187774
19451013,2871.2523256522486
19493639,667.3049719067923
19494088,3607.846511030834
19494236,1889.8637669191662
19495103,575.927152999142
19495213,629.817155482182
17275805,5155.826778833611
17388034,1740.1464872383924
17442388,839.594116098973
17458891,1138.2340390651648
19819308,4599.951717919661
18205594,2890.5848052692127
18318533,2191.273467903021
18367636,1146.1506873442518
20265883,3490.7146978378164
20268468,615.4113976234173
20462823,3821.227718364086
20521666,4737.907672929754
20587101,3148.284000446892
20665409,1158.8861440917058
20718320,2616.0079514055687
20865363,2911.8802002493885
18959983,1740.5945898684365
19013730,3403.675433325133
21116087,733.3035808931635
21147216,1663.1924429365265
21258956,2809.478464136435
19421661,7583.0978565534215
22409064,1724.903727150675
21739202,5606.924173385909
21953868,2853.4243230869956
22509789,2974.126683984413
22203842,2622.250350261583
24496813,1975.0353528387864
24505378,9528.614871244996
24532993,6249.712298193729
24581064,3081.1965462353915
24585878,2203.1097099730814
24643897,3605.44942758478
24788910,1891.3349643569459
24803402,1454.7920213999705
24820642,2004.9312576437069
23083488,2955.904955615414
25027762,2605.487684674701
25028215,3504.3697867081746
23083701,2839.753281077792
25069056,4102.989297978472
25077014,1820.6507431877274
25186882,2369.9070533615604
25248977,1298.5701542764793
23373769,2220.9113162846265
23458427,2330.9291293478655
25335787,940.9759395080115
23673750,3090.7463409310694
25456100,3125.8944309490535
25842439,1633.7514610644164
25935019,2268.464005510722
23962488,3869.629752244734
24167430,2317.53970319902
26103478,2685.3253194898152
26181802,3367.7885690176813
24254120,2393.815331175155
26886761,3160.2653451758333
26614105,3036.720249716455
26714949,3460.219117186893
27010906,4449.432896003829
27158854,2360.8209287981304
28867303,3284.7195955190105
27158855,2738.8959978902194
27242744,8609.756291269146
27282790,2349.0899608753207
27304334,2595.7575740668035
27399627,2239.454918299756
29044275,2444.864501741952
29069333,3417.469696222019
27454362,2003.7744855827948
29185456,15930.206619274248
29231538,4146.234314747619
29232198,2586.545926621019
27693630,2150.129234069959
27748221,3225.3693424854364
27770174,676.7089207026058
29304801,2081.4219356467074
29305257,2120.2734873358213
29326255,2801.1383323546956
29376190,2254.337916614077
27977458,2983.98789280012
27978311,3164.976562437356
28017108,1721.6045581576477
28023221,2809.9297929789072
29425513,2657.529783655512
29431592,2151.806975965784
29432607,1899.4271588713366
29432747,2037.504005312783
29432887,2355.9916218271605
29433359,3249.234403449399
29433535,3031.873523589599
29433592,3243.0811980623353
29433661,2756.8603244150613
29538417,2569.071519983826
29584188,1121.4698785270286
28325109,2202.9363135111876
29676486,2178.004249580334
28454183,3303.160619663604
28714177,2126.9224859231053
30087365,5018.081177602357
30123811,1416.7703812481793
30307330,1871.6475138453002
30385260,2222.329696773491
30724485,3517.565559140009
30794541,2279.2043914151877
30794884,3143.298201321709
32038855,1837.1073441168896
30970303,2049.53395448504
32209035,7403.254370011319
32304743,2851.1494717823953
32345857,1010.5860178244695
31157943,4630.081408368237
31158105,3106.8950221550454
31158359,4144.309847356919
32454909,5861.111986350915
32483976,2050.2781779219754
32486062,2361.904223720176
31220751,850.2062390403248
32735260,3122.2323166743427
32754439,2969.067101230679
32800234,2999.719239021836
32808328,6424.7404583686175
32810046,3593.9366562081927
32810260,6976.061980738035
31518063,899.9383163155884
31576506,2454.5135407984185
32851778,1949.0348269956085
32851802,2019.605232751422
32979642,5124.341360599672
32983910,6249.633864777389
33005655,5598.25940471133
31631381,1621.0861541404604
33968922,2816.734015883577
33042945,3534.0637293864725
33066857,4613.742210514997
33329713,1959.3045290757016
33416022,2395.2295845091357
33464222,2820.0831985572586
34385524,2482.7483310116354
33569737,3885.8303798282914
34461273,2240.7311378250506
33629143,4351.499537065751
34535708,3124.0169131755533
33676494,1656.2178211589683
33701473,1926.026446594903
33716628,2800.924559450011
33730238,1464.4480892337644
33741163,3312.2869469583156
33768166,3002.037086182769
33773970,2918.3483225117498
33777965,2684.250681610554
34611347,2791.645571012052
33796290,3068.5967827623645
34651818,2480.814072390375
35248675,1614.7602208341589
35280259,1821.4774090129104
35287740,2757.2806515908205
35399617,4584.009394567579
35404739,1686.3088174521881
35537425,18410.14332230075
34958669,2216.686965561547
35667368,3171.5900705256254
35076163,3776.4620000088094
35804989,3971.724639567369
35817498,1972.9309001910472
35891255,9975.071079212392
36314037,10360.620559305338
35984233,6284.183764022115
36555311,1676.6203914012535
36053623,3389.527679192832
36098206,1542.6030252560618
36132385,2686.6305231032998
36623908,2705.1272420365863
36627413,2351.3115198577175
36167799,2789.425352318822
36169675,2957.447910867226
37346090,2324.284125055431
36629024,2332.106310384219
36635929,5353.442650003227
36662938,1530.5881116368628
36667518,1110.7361995567262
36714192,2499.585207362831
37383860,2818.236003661443
36717191,4904.9748295242
37466694,5334.052615139722
36766324,4884.709614501849
36781488,1780.4695291133912
37581153,729.8227224693119
37699162,10813.719679573056
37818579,1406.547677473389
37835417,3940.758185754844
37899887,2931.5975862494465
37900973,2048.1041515017696
37178693,2722.340808509505
37180008,2614.584689599457
37907063,2197.7356845595605
37907596,6538.4361291378855
37992810,3383.276576190228
37200172,722.9315173229635
37249678,2767.082313018783
37252901,2706.7524590328744
37264968,2306.464395832836
39073771,3540.8920974482053
39074735,5468.506635632507
38279898,2257.8956616350156
39147838,3539.920403749246
38341701,3961.765037210474
38360978,5309.728253912914
39190443,972.8916830671801
38371983,2737.782785684757
38404061,2286.83743534936
39220525,1308.1174856769946
38444496,2286.3554643971866
39272638,1669.0520905127385
38505862,5580.650274592201
39326455,2243.042078870099
39379486,1901.5664551987295
39387407,3360.897365291415
39400711,1748.9221742229283
38698419,1007.6630555027524
39545144,1634.606543064786
39545499,2244.973949407306
39545722,3103.081248370399
39546545,2933.670906348662
39546764,1646.0478671805936
38792753,3329.81678946397
39577494,985.7108014513778
39619497,3753.9855595157874
39630411,2842.7639799756384
39687804,2618.3296204396056
39688262,2465.449920332635
39747811,799.3150922217131
39787252,3453.8299479495245
39799282,1851.0541442559352
39799322,1985.9618102185373
39908541,2248.4263976673524
39938255,26473.057432803856
39945873,1425.4829026072287
40028422,867.080784896942
40128030,3038.1169138093137
40308551,3106.4166326731515
40648448,3348.5458223811856
40649705,2718.15631993518
40651990,2323.800637269467
40690002,2588.0702236733005
40408929,4896.268177778797
40408952,3224.7149469845526
40408997,3589.1561160409274
40409037,3569.518668971924
40721224,2077.071947596682
40727670,1851.6902115320934
40727817,3764.999961390938
40765607,3227.8055864528437
40814204,522.444847200729
41055386,1944.285480649575
41055389,2067.5551314790987
41056120,1809.6460645941227
41056189,1888.0479237557613
41056449,1825.9849629869416
41081095,803.4108930422078
41125206,2221.765148093195
41169627,3659.462534833881
41174281,2958.548341507641
40946553,1625.6121342579659
41014325,2517.838628311016
41020253,3527.161861642119
41020666,2865.2912785545254
41021057,4683.841701719269
41021410,2847.3121211604957
41286273,4284.546782645568
41286903,2378.672128382476
41287181,2460.508948364288
41287537,4203.72417059536
41311684,2426.4038476251235
41328700,4742.090480102087
41332452,2097.8130346027388
41344917,1928.363086019776
41345191,2232.058939690729
41345705,2277.832354383765
41426427,2199.473561382288
41512808,2647.2381328107754
41781335,3131.0465107156992
41610141,641.0138053919483
41613197,3640.7794284960087
41816934,3084.9203074063275
42655044,2756.2864513002974
42673776,3232.3330362919173
42699736,2518.9434200647224
41916918,9412.948921549567
41978488,3281.1045828562824
42812184,3589.4623193954408
42812351,3679.5833061634094
42812424,2821.9477759352444
42113785,933.7460409406751
42147771,2565.0956848505666
42836916,5202.428887121836
42286821,3762.5491581313186
42885596,3797.1936281112476
42909202,1053.9250142106696
42301737,1976.3333261182202
42340484,1611.3518760472639
42360059,2323.113784999218
43075146,4834.641028416921
43075597,3801.2574530750317
42396426,2903.75226236732
42409442,3556.324088375441
42467822,5587.669978168508
42468091,2865.7302436969335
42484463,2973.2231981751956
42497546,2256.147985948939
43299186,665.1824757704715
43338999,12965.578351324713
43390307,812.2547331554853
43408890,1552.3704623746946
44072884,2351.023749327998
43701131,4679.191662269281
43771041,3103.8019606781345
43771272,3742.7339773505755
43773000,2469.9212874703126
43800385,2514.8863227861416
44176398,2230.2892582792156
43810591,2358.1480932255276
43811074,2212.238813765803
43821610,771.2966060265927
43825354,2579.244568137775
43844062,2581.7484042679494
44176565,1945.1167403735503
44177156,2272.1269152330087
44186866,2838.2659969028573
43907408,2217.2709221853174
43927576,2322.9016876428536
43962114,2894.636323935854
44256775,2064.8460793865693
43986057,3321.9756049183466
44022873,3109.6494122558615
44306102,2417.109981277791
44448828,2097.124794565789
44336077,3278.5043229237294
44336361,2828.2973460048647
44336473,3826.2502505257476
44593413,2466.6652572806343
44416595,3851.478019453959
45137436,7858.459323295408
44736927,5236.190748973461
44950947,2285.253872101202
45212989,895.4880515584452
45215197,4040.8956692564843
45217922,3998.9973007421454
45064008,788.9168673074943
45250854,2193.345567781724
45068493,2887.1698698373357
45251409,983.135411023662
45252492,2901.8045158916193
45074688,3825.7661772605115
45285025,4799.909312742728
45418918,1994.9538387488174
45423187,2292.626294764099
45431472,2106.6394217665015
45476561,2196.98760374112
45482148,2340.7590705307066
45309038,8074.797817139377
45490926,1866.3541530661744
45311187,4630.965803135425
45316955,1035.1879111641376
45332194,974.6828173758807
45335374,2992.922312715946
45390407,1722.6224660909165
45558029,1681.7474905694628
45569546,1487.9027277909279
45590035,2084.830400089389
45592974,2011.3793381656503
45714225,4698.429766258807
45719762,2075.451005584882
45638494,3565.8547201797605
45729434,2076.556724894638
45662260,2538.5933315500574
45679662,6645.660679438255
45683043,1801.1887643793177
45686506,2351.6215855512964
45689514,2345.195073666937
45701379,2311.3101234443925
46121273,3871.995650647225
45778730,3111.0282083807947
45782340,2520.172766985937
46127165,2251.1360920957745
46131921,1928.0110030262185
45795273,1029.1500215786962
46220717,6342.535473274793
46259971,3363.4524838473444
45813760,1900.1916681911753
45823925,2751.0782925265817
46297285,3182.602501542166
45851904,1569.9888288853901
45860005,3660.96181348832
45860397,2136.503805735295
45860426,2209.023792596036
45862070,2223.9959569508787
46332335,5558.538945875979
45880312,2697.04701541035
45889320,883.0115875481943
46378200,2841.265680625004
46378474,2632.626824746888
46413468,2074.257456906305
45901944,1826.8799338852245
45906616,2812.067594392378
46430199,2587.1845573074156
46460552,1871.598014181127
45932646,3289.280627703009
45971219,3193.654910391221
45980822,2108.4064095024023
45981053,2254.9995373176216
45981681,2403.217097926721
45982674,2096.5335141738847
45982795,1965.383285800572
45983096,2291.7680715054844
45983183,2293.3862879677977
45983362,2203.3244757324405
45984568,2379.04602298082
46050939,1179.4684638276597
46061027,8126.132788892644
46547011,1017.6070000322535
46557088,2711.0219339918763
46578982,3801.1447548442093
46660731,5678.710857418025
46685336,3398.7978607701225
46861021,8661.136833346463
46910784,2025.9256069957528
46910892,1836.4450901858374
46910958,2290.5265243894573
46910967,2203.654551794366
46911000,2302.5184024475648
46911044,2091.638217498208
47333886,3491.252172629284
47337626,2332.6911293041753
46957185,1769.7009858687288
46964771,2242.456299027994
47369273,2045.646702058646
47418248,2589.696896976142
47420904,2638.545747270728
46983572,2747.1821761273927
46983674,2866.754998877746
46995919,3295.287271538072
47066510,2998.623760391736
47439467,530.9867933647301
47112721,2314.944423482069
47112974,2800.872407480608
47113023,2756.448110379229
47583521,1811.6953349183086
47596748,594.4285247631469
47764909,1432.834099111722
47247841,2325.686608675816
47248526,2315.2021531364035
47831671,1075.8324201709158
47850807,1080.6481245419816
47852614,2080.385304600516
47864822,3095.6701944147835
47253120,2292.1869582741247
47311999,2457.9538266435084
47949474,1727.6008671425784
47887789,4522.178015400831
48604043,2471.4877504182377
48639224,1658.2551214420196
48650690,3481.800910025059
48650909,1721.5623685747123
48651096,2231.581244412911
48651210,3281.093520141683
48129349,2025.5139029481093
48693701,1544.04127595518
48210494,2668.939380348353
48227345,5779.940305137486
48237067,2668.7734861867293
48728484,2697.878912189457
48238395,2729.4536298274857
48765825,1834.1602581237833
48298469,1266.5800970799894
48298686,907.0097445733791
48802640,2744.680858480318
48805390,1985.2290392164284
48342931,1526.0205640806273
48343734,1563.8383209474366
48343770,1644.7491163672573
48371017,800.1666766775488
48375012,562.7384366770727
48876045,1561.1608156168231
48395007,2344.1994222586823
48537500,820.1776034792887
48538636,3280.2095611742507
48548945,6747.952222299375
48976464,2923.7707480502954
48996600,6479.961201588813
48579952,2069.1373279984878
49041669,2479.514781222585
49068771,2378.333183844393
49068942,2032.4976571978998
49791492,3533.6709325729457
49791878,3006.772336538355
49791989,2966.205377063546
49792724,4529.101434440374
49792860,4431.089619437398
49795390,2731.8998909679963
49810034,2900.6362801394707
49810282,3319.8632264317334
49816162,518.1960525379367
49818547,854.8208449026367
49857079,3139.053300982896
49151706,416.9759835895578
49210411,3463.221383710346
49238775,4177.574967898358
49921807,3060.557706768739
49385781,973.0886903247726
49966500,1868.7755913790709
49436686,1288.7649299550772
49471118,1424.8144026474483
49516866,7492.093816195404
49524128,3357.5267102389703
49525685,7034.411667852047
50095058,1926.3844690441404
49745459,2597.4961828166192
50133883,1662.4231826653079
50144171,5784.919379947475
49755944,2538.1901602046282
50177244,3589.8119903232696
50255906,2628.2065463331774
50256036,2684.91982019352
50183466,4449.843396187764
50194584,976.8486483816959
50286609,3428.7697758067516
50294455,2479.511838199819
50306858,2251.3467758401544
50242302,1018.8923057842753
50245322,4958.6673187904935
50307437,2674.7055157642
50307645,3546.5754956351643
50338986,5695.964804714707
50371023,4266.710596614692
50671086,409.0085203986057
50687720,1781.3229887060522
50688152,1035.2836107103444
50389206,3512.4761930947384
50440351,2684.1996032406887
50694704,2446.2534990313115
50743082,2763.571050014725
50488234,2025.9684435992626
50488792,2054.6840635602475
50489036,2246.193675261116
50489589,1979.3597534112653
50499975,705.0728152519731
50744439,2551.726728325929
50744694,3154.5001442751886
50522739,1845.0679045299416
50762314,3606.2632996610923
50567848,2581.295619335054
50786020,2480.231506476595
50580580,2679.9330831616257
50792463,7562.432128985469
50801900,2020.3216061462226
50823210,1905.7899626925296
50618131,3264.9646979405156
50824067,594.6819420880471
50836509,3049.603129403003
50889521,2469.8990956441075
50893019,1447.0414117914133
50907967,3591.3195568093593
50949040,2418.5690735972235
50949348,2417.756896518938
50949621,2737.1511104260817
50949931,1853.1783446206969
50964877,3994.4580903221777
51013432,1140.8731324329144
51014342,3103.3187583100225
50857816,2560.581975102401
51059089,1836.2975721127957
51065302,2547.314142426756
51081653,1134.1543306010176
51335641,858.2227857640656
51339897,3614.6967207867297
51197832,3013.9437080567536
51199036,7486.8564144797265
51206961,3213.706588832034
51247178,1758.742223656212
51399706,2174.5161325876447
51684496,2336.3259192772557
51449118,3164.5303237562625
51484701,1374.2906901313195
51728996,2577.8686436128037
51730602,3810.4717333327826
51515235,1593.659023376805
51537212,2430.4022396604732
51747297,4663.770850960726
51770428,2283.9010214389164
51796726,2235.3467210081926
51796753,2729.1393765491866
51813233,3008.077687210372
51833739,4907.317543324884
51574863,2143.744808112619
51625788,1242.9769786357635
51630379,7025.474288601601
51900942,1813.1887652567011
51953658,2820.9588723920733
51963834,786.1093489245519
52378614,842.8475823984601
52047708,2062.017667467693
52383837,2013.4982099406643
52066440,2292.369467375816
52066986,2558.84905341555
52068972,2383.719164793602
52072560,3077.7986969147796
52404521,2461.7864626713636
52404800,2600.3766923379267
52404937,2707.766630596465
52406663,6861.635915055722
52100638,2755.050994284895
52101689,3732.3409333344675
52426829,952.3756148922615
52121451,2219.3063089094444
52438710,2430.875305605558
52438895,2895.1270061098335
52441068,2590.0759158470596
52441245,4005.91027027895
52455348,3277.636878578193
52204477,2185.0364720897364
52218452,2683.246763410019
52469892,2039.793397139943
52487653,2069.1328891331877
52491020,534.914169981482
52279359,1017.94717187172
52305852,2421.566763799899
52311275,642.4456111145086
52330013,2070.4850016127057
52548032,1119.0963585456504
52554429,3630.556908068753
52333476,2626.0938180878197
52644534,2475.753289847519
52647271,1159.006293469616
52654739,3295.988219543232
52666351,1771.8674598740045
52671867,1096.7783272743754
52697485,1671.4768710709654
52605024,4032.186981062645
52729395,3039.4502637600776
52729410,3781.040404787634
52734881,3159.9307800176102
52747677,1705.2149365162466
52624535,1905.317655342943
52782653,5485.327986281164
52628155,1337.9782419037676
52630508,2531.6746845285743
52782674,6122.842463642082
52782711,6277.610870002245
52786178,1832.2295845491408
52793183,2327.120161363226
52810823,2702.077565483658
52819646,1319.7278240111496
52835687,1250.8624686604626
52839785,2194.0691760686504
52858770,2623.6206100172058
53057720,814.7363197387424
52880972,7692.6088725845075
53061569,2823.5817723888485
52936589,797.2121798265503
53270086,2731.7495885285616
53131351,648.4273143036328
53364880,2906.399665198371
53367338,705.048287800533
53387992,1776.3661166416668
53398067,1676.7656791686984
53407429,3734.1614323024337
53211825,2330.3054439836674
53510991,2029.5166604589108
53513374,1748.5417895088565
53514617,2448.6113699223997
53521930,2452.6639609999916
53447309,543.287393187491
53506631,1674.2457138071127
53769649,4957.140097546711
53771943,2370.8937981811596
53792802,3337.96440916339
53608356,2361.1040572665283
53617488,4823.133991863132
53617730,5147.889115568203
53619808,2176.2017743687707
53872787,3900.8489999741273
53873233,1799.360221100299
53635968,2418.1197274566684
53917973,2587.0899718076944
53918358,2918.204001626929
53640203,2659.555524243252
53651824,3802.998921334206
53653459,2444.6170860131388
53654260,1439.7250112252368
53660872,2092.141854552604
53933892,4151.002714101023
53934462,4173.995713400302
53934625,3109.9305606648463
53685709,3432.1156169199107
53960196,2471.568334372172
53963962,4182.847382195361
53693331,3539.7529514667167
53698818,2528.0229268711923
54002299,2611.718868103956
53730266,3800.3465335267847
53762195,6357.137616689743
54034438,2649.8898466138494
54304365,4781.791611917295
54060677,1979.6312846458222
54342663,3549.9214670300157
54347020,3471.499793942414
54079689,4705.372959568086
54114166,1752.091557590148
54162174,1770.9174487090881
54391747,10815.634374142652
54176718,1800.010525969652
54191554,4867.882290719078
54191601,3906.170378779423
54197189,4020.60471387296
54205249,3635.7419358896573
54218225,2904.3232317927477
-680577987,5840.23912672922
54244532,2805.273736160304
-1618034915,3491.7062582738113
38711161,8564.311879856388
1416541913,6078.461972121841
885704749,7835.89645760398
-1452064098,2474.5060094285986
-1992238375,3690.3981065435887
-183937312,5808.849804224534
-1840288418,12103.293627285007
1483621308,2764.2536583967803
412808723,2364.783793524035
-1249421654,1923.7397170773822
-1101029874,8368.302031995589
-2069260900,2325.1847849422375
1508333949,2918.3766076904553
1993790458,2122.9827636760288
-2101862734,5121.717384037947
-1422884335,4061.9525139132015
-246403769,2051.285802041858
836606124,2519.2952731402847
-1238156686,1900.6642839704828
-1191257282,2077.4124786352386
-630720354,2013.3811150180097
1126862028,2071.2219380503493
-405506406,2403.440071092482
-1954458606,2153.3229765788196
-954021130,1528.2056519355722
-53186178,838.8920811157433
1986544629,3412.370875941287
263079641,1762.7918563127748
1204877026,2405.4815521890987
1432197426,2237.12499371235
-697370391,2408.453406436492
-162506205,2911.0695499398958
-1789746327,3079.0589694834466
-196689807,2707.7123102877104
277846367,1656.892453100389
700749352,2327.3182410533013
606940190,2864.530491345175
-66652966,2198.175363171862
215468844,2691.3347907893026
367046948,2584.176051248161
-2011723333,4704.492866825284
1420896982,2405.4815521890987
-49662728,2405.4815521890987
280565051,2405.4815521890987
-950005581,3131.5774451219945
-1202161775,2433.8690986168285
-771794589,6916.785696007239
716309249,2631.669115396504
844408919,2230.0526959682106
-131653453,2971.2736288754227
-1241613613,3573.407989960611
-2026521704,3077.9167474700957
-1141160570,3084.081657989397
-2043455744,3994.2896357408504
1135276983,3332.4663822634266
942442854,3140.4528546143865
704379183,6432.229928621921
433543200,990.9847372014585
-1977920446,2439.4259229308495
-1476748052,3077.9167474700957
-1894611972,2892.0861498829986
1147279285,3077.9167474700957
878945803,4722.048052040369
1979162385,5006.325884030673
123477414,3065.8258964154866
61211868,1931.3853495024402
1395177152,424.73634793869155
-996402123,3568.6518423602593
60420645,1693.2606489879927
-327769938,1077.867428417535
-1213121041,3891.10521148812
745544622,4385.6994464055315
794157536,1402.1307755814078
-361383026,4315.736531245205
-526003996,3720.309040855518
-1254430932,3200.347286061273
-826113859,3759.887971663191
2027977195,3476.0272655667245
-200353013,2070.2246842981344
-406062837,1921.3410645175204
741567037,3619.880426528391
-2043669002,2257.583876980381
520895224,2783.0118346986733
2014223627,3184.180919841205
-1495467879,2317.971655036968
1258823028,2189.265131555031
1711853508,3024.795625177989
1799049919,3544.6953354141483
-1899472667,2503.647360776971
-186148734,3660.7816375379507
129146215,535.1243413777488
437664546,4998.079645203699
555120416,893.6587940119773
-520308458,3545.6250773323222
-1081344754,2668.983708631484
1745731009,2910.207798061873
-2056233158,3227.902759210225
-2141566423,3384.0397790708066
-1994593943,1934.2355461560105
-599661688,2417.2317375013686
-2029300429,2456.1066403631007
-598944470,2682.0446056924693
4576373,3006.578445876957
-216063909,1104.35915958905
1582742531,8375.995060286206
-1896660856,1731.2612550691003
-1739404950,1901.025328637193
246470737,4694.9416916829105
730551921,3625.8716859510996
910987611,2718.5822034403786
-13626835,2389.0069080614408
510220245,2846.7300309573357
-648020050,2846.7300309573357
1368882178,1012.7188196173669
163050418,1316.4930330300826
786387330,1054.52710926215
-608360852,2614.9652234159685
-192098235,3649.619392530757
1186497182,13473.534578407565
1352253005,4134.888913033068
-1952155305,2830.284034363625
2085722350,4110.244275721238
-1376179313,2309.086746846403
-209261703,2868.100799812999
-1251790274,1142.5593542095169
996984094,593.4492141229808
1236480552,2873.1180060049046
1609865455,6060.694873267414
-215264359,2409.6032127948242
1968133871,1716.2603498791536
-1774154619,4845.21673008923
-2078896323,1501.9690827534034
838772863,5197.030385638021
-1933118923,2581.2857750503335
-254244446,3447.3615896335123
1019002689,2314.5267953311504
1747546156,1720.0911078769798
-1620489556,1865.9991186883844
-176205515,3171.450970046372
981107462,8794.65146469822
690008111,3286.2295814808253
1468220193,3084.828070005974
-1465308009,3023.8382654001944
-1719282049,1979.2687582428352
-1386178065,5466.666818552591
-1968104970,1872.5511961967068
-1846722747,2328.9137398988173
-1248539800,2837.608415615131
-582062292,2148.261371813872
-314882555,3441.3082079527103
-2068637344,1703.081731287817
1660892834,1889.6727892280244
1728325466,572.118752637443
1435280093,5012.644256135481
1345560446,1624.9112572537833
-1534638943,2291.2421030106434
-1159563931,3284.6064374090047
-1576360327,2985.6494874316872
-1886712181,4421.531341879876
-1708317456,2283.3723075142457
1135014956,830.7829190121074
148632881,923.9112497301611
86023373,4228.344664568594
1843908367,1401.49418497467
-1495512609,4926.901907420545
1001581407,2255.583495063773
-2027952810,2524.1040517236816
-289375184,2261.157937895434
-2090575987,6841.287983642117
1351998083,5550.074260334006
1681868356,1533.6852092620288
314723592,1236.6323172670618
-569146122,3571.705253393876
1345998685,1761.2930660439333
982100179,3015.5153041829185
-1330495818,2183.9110473111264
351362763,2737.0812865546295
-903919456,2417.730010172371
4092482,1877.0983358886724
1558785743,943.5391850399163
467300776,528.718975658977
1484674386,1888.579760388021
-1785744942,3266.809336323919
-209719850,1652.3060942846034
1572110779,2661.209741276293
78638294,1886.679539572898
593660306,5778.727385095894
369065671,2414.682453475047
2016145344,2884.7182118040487
-1387527237,954.8071237658032
-1258462738,3266.2073019603304
-852131259,1750.8659456040969
-2139435548,1758.9898662096705
-2145696799,3599.7630356749164
-136198516,3344.010670073286
1808265559,2185.85623426089
1280145094,3179.321912313295
-1773021206,2760.020480357063
-543424034,1604.8895431478334
2135354499,2017.9416414378938
-301051825,850.6909930506268
-1910239930,3193.0903555800774
-1721762495,2279.7439337456026
-114914405,3211.5602981832712
-1244923628,3743.156149440022
-261144841,1805.0248170207888
1681202883,3403.7659740198815
-822956276,4720.83016252381
405227130,682.3768006017344
406814334,2891.2971201246473
1704294583,3250.9799540608415
-1901502010,1239.4331544324475
-535664379,673.8894903465737
-964946695,2977.4551741603086
1856468590,2380.918144832643
-136707730,2309.9591787283307
640463222,4348.941453612739
-991387013,977.7574106906544
-1311711653,3594.5801510445694
890295517,2307.595630359365
-1161028280,2256.0393691398135
126033422,5092.100747551984
-1475139113,2363.1187175605396
-150165659,4276.552451884933
-1964844293,3374.756097829149
-170696197,3283.966954223135
-1894299121,2906.6305788074333
352716448,1697.9819647226802
-1823457306,1834.3531800886649
683236041,3397.630887560802
-1175732601,1772.6462205914381
693843883,599.4118498976385
-684551193,2924.0259305380687
2042287106,2773.8646325288646
1384330921,2693.0274836393146
1120814476,3569.2380545772426
-1803059185,454.98897312987316
-171327007,4279.164398406373
1147230365,2356.129190635543
-1593714988,1196.4998967777462
958052824,3088.510705290238
-1431543022,870.1757663402923
-27411389,4347.651615398303
-343207622,3682.784295452702
1095788070,3691.7757026639533
392875155,3299.2121663445764
-955672213,3497.9224872115587
77335110,4209.377338555025
1303132133,3441.089022644334
-1644805330,3258.997186925596
146481175,663.005156881319
-1485024087,2182.4208437877255
1269287107,2667.833823324275
1953950398,761.0027103606512
-1937826302,2437.793396371823
701371581,4490.1446106908625
-624109861,4092.1571153634923
-2144567125,3820.75772267092
-1138208127,4122.8960004169785
1375123078,997.7947209057638
2053401160,2961.1708766730144
-2024411630,6135.795118471306
-1341283461,2867.1051965265724
-1449483554,2422.7754422906264
-1683430789,2300.9304713667902
2006597649,2364.8503404160983
-1153940476,3841.4048541785132
1305409531,2721.66890295926
1770353364,3036.585629361864
-295823639,782.5027808224726
30999757,3295.3881287198255
1441916264,2456.514924658251
-1814756466,2493.922834235964
-1946295176,2324.036771411491
454729734,528.779597954723
-1852451664,2048.580098147909
-1392367215,1883.0510146983004
-1202408,1929.9713879212086
-1594947561,2159.5634566756426
-133827853,1771.628659999186
686500967,1725.2285357757523
-1735081491,2265.8878285344863
913335374,5951.679190189388
-902745607,2878.915531155668
1900535614,634.9005199223956
489416918,2257.0390617336093
-396215877,634.6164665916201
581068809,2045.2783891073905
-423985649,3589.025886935174
1784563708,2551.8742185915717
-1941629673,3519.0959990581237
1410610245,3852.6074472768264
-1990779753,4655.437823852293
-1654506991,5010.833829653406
-981539048,5100.79402643185
-1732444823,3335.682424164845
2097666838,2419.9934116329146
207275587,2676.0359187660615
1889694616,2253.5493038328127
-1223589988,2387.3880475233514
1111782751,2524.8321738691275
-1130143515,2648.3243652873293
1046779945,2138.953199848446
760587351,4549.685742584403
298852163,3060.909160943079
-257493641,2661.9444606817665
784905896,2106.65227261566
-37233408,2630.6905106560666
-1376388034,2440.7047161375735
1052146399,2295.100887110844
1454695794,898.7240821144484
-592593556,2779.217429935715
-1008630174,1975.7649541739552
-1778308716,3112.183376972006
-303175778,562.2686313347069
1899279169,914.2700065008399
522888645,3525.7472777240414
-1870722860,2139.757321078658
1424577783,1279.478915640792
-1314651936,4855.952016621701
1563613443,2252.0696700913973
-1460027851,1660.3808329117874
-180084523,1858.8958613627747
-989591754,3269.9711404738105
-1090545943,3715.583278250621
-1288638309,4314.059099684792
1991892551,2431.962564908529
-439559673,1324.8603492551238
-373132718,17816.652266184825
-1668242886,2382.6054568325267
865514672,2700.572524111164
-1039844715,2904.3585586611534
-1599665665,1592.243130014758
-1701736232,2486.5396823101705
208718562,2033.4673779829088
2082882608,956.8771890857762
739242031,2920.3503572201676
666572161,3762.05039058786
-440331526,3523.72632123457
1642243879,1587.696179281712
2132038734,2522.844827741166
1172376228,3067.326847389041
-1949996880,2591.5279050640684
1919920032,2903.653241781685
-1091396342,2893.6203901048175
-100174263,2654.4967933416524
-1962246695,2863.535690493069
-1395279245,1646.1523461354363
2043971091,745.6980641650027
984892950,2124.0814338963764
515524455,2766.895857293385
84255068,2878.7490568260173
-261684905,2444.838057178046
90040857,2929.5709934450933
1360475594,13578.523931530624
-10172658,1820.701110706787
-1064573957,745.5477060754588
1006583718,634.1165840256203
-314689072,2669.969807343002
-1543151622,4302.004681746587
-1627583789,841.9067486509115
-1273318315,1755.9118442649244
1575472088,1936.825819901627
1799691941,1022.8305362600814
-945199781,2538.482446264938
-1275323046,1439.1654284189465
-1892840925,4331.04616441797
-907483513,2666.0452344041955
414681420,3812.4990959238553
-64098818,882.5242368859557
1477619438,2557.7873495376602
-1034187884,2176.6901540796757
-554297114,1624.8307760596495
-1556323835,1433.74285081087
969761037,1863.4114918797186
-1445478642,5779.175180888383
-1548787290,2922.4123349787
1357998950,2406.3257255222616
336224263,2373.3229175940987
-883324958,1921.0182725492962
825097733,3811.3737895885747
-817917921,967.8716431645023
-82908410,4777.445096488947
1950362708,2175.454689076717
-1792246493,11565.79302288495
-250175831,597.5838451093912
-1126062056,1593.872760159186
560435921,4737.957301731735
-619795471,11389.96213076626
249582687,902.8695581438135
86299756,2613.2605882355138
1224575408,4913.402431787997
461533026,2952.2512921191524
1020797299,1390.703863846103
2062047351,1976.2617159136437
1282472482,508.8850201852047
-1001688291,1759.390480079206
-165181593,4094.995200161583
1057871313,3746.539638426762
-87791309,3811.1802915876488
-780526713,2467.2438717625214
1994158277,996.1418538357001
1430546842,3470.962073981412
1841698233,3453.6338328920065
1989939709,3059.8832985790755
-1419598254,857.0734366006651
-575976201,2725.998146462392
-1038054055,4812.0158912379875
-368971294,2453.97160722095
1014850771,610.7489644093486
1115235195,2212.792593030136
-51813710,2277.2906484303335
553720283,3795.2430063569195
-182803230,2797.8635363174226
1635310005,2686.50281219734
-92755628,761.0835316610544
-453890448,3678.0135010598974
236194675,2298.2554738459335
593561875,8034.938156441641
1460967931,3069.53594428772
539315359,1364.3459003735065
-1262359850,3931.219398015627
-322970575,3938.9791605608134
-1156960148,2194.184700477566
1728355611,5296.167176058458
-181336903,4702.497781923832
1738820209,934.1198673530715
624631681,884.3607928832314
-986003380,2281.116554597035
-31083622,4763.471624479249
-569613832,1821.2970955615906
20355593,717.4454983415794
-1807502529,964.1451968977611
2134367817,3594.4422154770014
295700176,5560.261135355154
-650895831,3381.157979556428
-1687088834,2506.3182536111613
-1211822747,3681.539625328861
-2135607800,1213.5248395949511
-610340101,1711.0846117265362
-1471613243,3055.7605041394413
-577703768,2521.80458459948
-1663146882,13620.215869990512
-1612981315,2116.9235013446946
-1387491270,4869.2851921126185
-110845418,9881.546594327061
1538747237,593.7832051929563
157346790,3248.6617340476955
122699228,2376.7509022153117
-100596597,2052.768725617379
99439997,1792.2821619122867
807512928,1945.9447220405314
541831826,2132.467337638365
-1568334277,12613.576706345459
521375717,1617.0274129988177
514806636,1776.2483358476104
-205036595,2483.768231533228
-1694649535,1838.1692378656514
319326474,1921.3317658954343
-1029261451,4255.564323347509
-306659202,1565.409519132457
1029334485,1770.1493113935567
1933354837,5144.308982175356
1121709938,2298.1404351620454
1381951673,2754.157887824812
781237891,2959.7805577404997
-268103687,1388.288839361327
-156238137,5403.446439360177
232873601,2929.3097411534864
-157880740,504.9938399510522
2042067524,2769.7538812992852
883142591,4149.577821264676
-1468697176,920.8006290771287
-1530663072,3422.1555296592896
-885542411,2839.1798092489817
-730544335,2101.8759666486426
462617951,890.3098784671125
852584500,2038.642473729195
-1910170120,615.5016177237397
-939798685,2351.424673796772
-1481605620,1791.7480878971714
-1499930180,2949.4727700148514
-1907406337,12370.72010937414
-577189941,3645.7777651073225
-1991705843,3582.444207645018
409345113,3927.3981939150412
700201620,3915.8412109038923
545721562,3758.2906605187136
308940402,3584.5190833041597
667273764,4779.274238886094
1977892186,4576.752650823398
772213987,4291.787135064658
556904539,4363.357921010203
-106082874,4707.504284805364
1085121344,4755.739761830572
923930791,4777.924737047755
105859608,4486.704916303841
-1395627480,3052.6710060267383
-132359617,3175.464537514442
998136372,3158.219561507547
1037733997,2102.5909114391616
1659839106,625.7676333085928
2013962747,1737.5887478347963
-1518933600,4008.8135082202693
-1811955438,2761.6959371235303
1127491379,5377.977763268015
1057896544,2659.8631279500346
1986322528,1253.8668233928827
1232886732,6966.248259790149
-1413292481,1716.6366368764748
-1467948530,2719.3350557880535
1920975266,2345.648929274973
1481970061,1659.8259676403159
753530773,2029.458473035584
-605696908,633.6150227339048
-520673167,3917.9533161346217
-1380398317,2350.740736677501
-2032796512,4140.899835860653
-948707863,2386.427803752501
515195398,1816.6709800718272
1881270699,1805.6799110543088
1956518591,2433.5998920950083
1236676896,7837.99009205125
-444398274,819.7922030193556
708133193,1191.898660051373
2128934442,1331.5943216976323
2044281812,2776.9893912123102
395256713,3339.2497858579036
-1433794973,976.8254114635772
1869714465,765.9314176118509
-395445379,972.7395583432047
2061225052,2633.856376379138
232110314,1984.6299558768621
1676452954,2321.9332737138625
-1088274938,6237.652259151814
298974235,1919.1542963540383
-433525955,2580.237366719167
-1813437752,5827.910580599631
-695665795,3210.2212932133616
-1461521242,3397.6001278164335
-356841262,534.7172841596214
1425465314,725.5521591331728
-1270375854,2437.418029217761
938352286,3315.888913017279
1458738164,1852.4739660737628
-149626161,873.5418716211166
-1164422117,3800.934607124081
-1821729114,2424.4333025893475
-86918851,786.3945961797384
-1161092235,3384.370167978245
-1200962719,2599.114987572785
-871142873,2813.1198428240978
978422615,2333.2620175936963
-658848776,3745.637110050761
-122788919,352.4177085172945
225617944,3248.9648604758513
-1952069934,4992.354894464492
1472223187,1659.377903259731
-81806646,3159.914547499277
563956148,2141.9169915421303
1626153382,1223.6742519968939
-1608584073,2181.6362169493063
1066631252,2065.0513255610063
-1904811607,2633.0229485358113
1079678866,3597.4081065245628
-650508822,927.854282302469
1551912342,576.3689421552995
-1614782309,4489.053418826701
-793035179,1702.7432264012418
-1929300145,1565.9067560364224
219877556,1062.218193192895
-1140930235,1092.6295249776697
-2015544013,2059.7761944947156
1224912917,2417.9142063093245
2086485329,3024.2274557562323
84055539,2945.5533685681767
854710966,3076.149629035119
-1195921228,1823.3222685597402
1405342823,2354.1818753254847
-1133065273,876.077235991442
-928599135,3092.976664693303
1880866233,2147.4732668026973
-456497316,4171.4154645625085
-1710172581,969.4014416258264
-1777321227,4164.417968031412
-1881989384,2278.526130377306
1056885277,3200.529870880528
1352534501,2535.7432450529136
1215552028,4180.718364668112
1733447457,6017.508123257223
-815450809,3686.9971043867035
1589120662,3003.773948574978
-53156219,2857.4882889103187
-848804625,13708.527196902634
-990802081,3607.936300843528
-1905161243,6988.901103528102
545378071,1984.0349603650945
470892089,2692.931987421825
205741793,1997.7770057880393
1040444039,3078.0023921138772
1095096567,931.8832911439699
367793647,1236.1104227212938
-935022685,751.4553289297967
545444602,786.5193843172913
1517419333,734.1778925983082
-1908994622,769.6703129194467
-578824226,1707.2039633579986
-433440710,2215.882212296049
-420971495,4243.485602212372
-7846995,1712.627053576205
1483501794,2273.301363217893
-373839417,4445.673538378111
1722312667,3201.4299458060314
389179685,808.370848646504
-447036042,919.2555533742837
1970258569,1144.1464358258352
-1251117517,3973.7084283470836
1715718322,1407.5718343415895
412282523,1395.626676419052
-818307885,1055.9095593624702
1401716336,5808.657977675841
1589887408,4374.486323351179
49106131,2452.5349710689884
1227305619,1732.9433587136111
-496815556,1132.1047699136577
-1335397026,1643.6986753381188
1017699179,2861.4229615075174
-1131117880,5290.401828788614
-640986468,1849.2386553783738
602645420,2630.616981350588
-817697180,1145.4681796730872
53117123,1703.1665680709891
1883864330,2715.002978671022
-1824849916,625.331287604381
-1154495087,3137.885095913785
699382234,1862.343422572241
1891515709,840.020310398536
-1755902192,3154.35875528925
41936576,2548.609342363807
2032060166,2686.245071527536
-220633285,4757.117553953016
-1303820699,2918.1888044284005
1091807567,2215.777042860979
-1729677426,715.0486884502556
-1946115612,2060.649477190447
-1793226255,1786.5771495771846
-1527357543,5988.041144751492
512577819,400.3991476367927
-515301720,2637.0705552481177
-2082605162,876.5410498785244
1461441180,3566.113016880918
-325308729,2173.020236743394
-1109472533,2023.77568643258
423357244,1144.506212265331
-435186196,435.49898542515865
-1326952545,591.0368434772461
411654067,2677.5272943696677
-1512467470,1051.1319645429862
-950435805,3247.9255542222477
1888854632,846.4982816675189
-451968621,2446.351740029483
1652864454,2843.885832990118
1477840091,847.6592480056556
-1432681724,1851.7016673518285
-2062027353,3053.2811917337763
-1287408808,9583.116560828606
1388822789,1861.093142729889
1729947722,919.872006422938
1880933121,2473.5030609826936
529644776,2977.427079926086
660554104,7492.50679259594
-1711984363,2702.5866800717627
-1352637620,740.1714323252017
1451537488,3023.578774621552
2033139080,3207.3279036185922
-729739584,1506.5555972097584
-1688885114,3122.8866025492002
-1223886094,2213.6924415756102
-1632182829,4764.014045138633
-330289751,4583.731044815685
776248229,4252.63922402416
1000789338,1768.4449333021146
-1654541319,3424.9086866858725
1768443673,680.0524665150837
-861266622,689.9925159074064
-849406904,1090.5337358774302
2068065573,2050.0249240284893
1967415082,3087.6426982415633
-1233838184,1549.6112966938651
1798218325,2033.2557346535832
-542282811,4170.296096067524
-179202629,2883.3518425377033
-330372955,1587.8268126620571
1675266925,1984.108005631925
-1953737421,2039.856323549988
1286366158,4631.365423678799
1640525633,3167.7590204032385
938503967,1374.2455537324367
1323505468,1217.6841169547338
812303325,3603.9010854732655
-1379815809,556.9762122113158
-1509609480,1881.2263895323085
-1999074821,909.4351540082483
-68440216,3581.1300778488344
1670498560,3657.597749277067
1316946119,1673.2649603877594
1621971292,2478.20800848714
1277869740,5045.3769253245055
1514582918,2795.236672041679
-2127713029,2294.5332932830383
-1910244292,1588.830266992831
692976588,2080.6724790478956
-42537319,2317.5618984958114
-1829788033,2254.8976956637384
972617833,2588.179571557541
631063406,1447.2988921553333
1359532226,2040.0168274631776
231291072,1331.01977927215
-1451114980,907.5396995622647
272134373,2202.790920293775
1881663156,1299.4779801770665
2049076241,3894.287608598141
-804608291,2736.118850754479
1767465166,1643.4881359178632
2098669835,2170.1135706772093
1292870939,3168.8138878898862
-1975704050,1807.333029567146
512425526,2341.273037535432
576499902,1782.8641018374858
172648158,1658.5221382803575
-474312189,3273.230244945155
-1234905524,1235.948684184043
-1451540716,1016.8243751507571
634206669,1201.4765533230668
-1822007582,1932.8181094748227
-221826388,1052.6722295194459
-273501715,921.2875340669342
1481456255,1194.1627271711839
-730655922,1612.4803955131956
-1751701329,1246.1670952407615
240373597,1268.135020393175
-1423752975,3177.372294933913
1123282084,2367.569150179451
1054058434,2723.2416804985587
-363125204,1583.5048673917518
-675555165,3111.738268123315
20009706,4232.214676324742
677069027,2145.7861905473205
1565220016,863.2566889892714
-1251067416,1849.8548427756793
-778795008,3060.4945948055515
2075960565,2968.189191130004
-1426752907,2682.592180930151
-518453468,2625.863693159178
-957974939,778.5037955224989
-707934830,2005.7199207330816
1124047423,903.9582009768334
-426770207,1977.8497673883667
-1969560340,1303.5527631889224
-1427921210,1108.2802428774164
-676263554,1358.2621808782008
-1403106158,1965.026718009942
-2124768121,1944.5174814883549
2003041462,1693.7740707779462
-1356916379,1935.2789605501682
-1006865684,2772.1965477402227
828402747,4777.203107859145
-1346796752,2000.1670065633446
1515318696,423.7803800203107
1586524568,2367.1771369567045
-1932562401,1415.7637782826305
-1775679324,1497.9150626773342
-1582741327,2349.5974807338516
1575299226,2256.686340650876
-155264448,1699.8396137874809
1703463644,2517.7418462370415
-1465764506,1035.2046549469992
244303276,1827.6533971912927
965703364,2711.1125000666693
985055196,1168.9253742404342
-1229815541,2451.90623747337
660566918,3410.56032089016
-778649885,2989.223918999431
780258503,3167.4438963106527
-2026042140,3299.3873411979334
-1331587344,1399.7512380848589
1009561937,1712.3743690907606
461204851,4642.468674796203
1195862075,1264.6065314905507
1627862410,3065.0270272146195
1471271932,4116.392456679376
-1235718266,770.5423579044336
-1538811020,3493.38469603036
1419688740,1473.1671705755593
1798810320,739.0188706949423
-916698068,930.2974976206661
912504607,1260.3414662741213
-348515342,1924.2245663416998
999547215,1444.2180813935788
177925127,492.4940090600773
955644955,3022.4436215035707
-1664672794,2342.0795389227014
-1993179209,2608.677138163002
1730588358,1522.7808721328213
1559762939,1792.264655483565
861905571,2561.04323321676
-896471511,3553.1239507139626
841692244,2537.8377252534638
-1040033873,544.9831942884499
934338274,2278.643137652421
966339480,2265.871409722285
-1686888014,4053.808062878736
-1207323051,4170.405050866876
-570973338,3035.634880803239
1748690078,888.9735685567706
-1620550572,4723.707416949539
-1335500158,2865.4769011550657
1429971663,1983.4715808877625
-1860894227,2022.5587437509012
-1733380763,832.506524529161
1081107184,416.1357975640086
-1002532262,6638.707185649276
2047024079,889.0861681128783
-1405949868,2913.930202788998
-11761933,2400.368210667911
-2073434085,3602.6736247654203
1706185485,3105.06851917528
1422490703,706.1684133891018
1222798678,886.4906407586083
-2044596247,655.7213700659299
292822190,4249.926287634955
-1491830854,3342.2286265538164
-128281356,1481.2280822474809
-712565007,2042.0921130033676
-327126672,4748.9604154494755
-733539941,3552.6078786247544
-318938383,2171.9860612111415
-1732348237,1716.9124609968799
-204507528,2405.504394258292
1262304476,2748.404817449675
-1674210273,3819.7796867744737
326673367,2627.3541894813525
1067625482,1975.743436561522
-1529870978,3876.6856214821423
133759605,2634.990166567148
498771015,2428.8251307479304
-1894766317,2427.787668410241
837586386,2911.0695499398958
-1662305675,2529.7299510080798
-981143378,3455.065790274004
-1353331422,6590.272193322191
-510281110,1763.239265062007
1988685283,4301.707821778934
1802950589,1984.348049939332
-1858973700,3225.145183305275
-256847707,4054.4465216335216
-802782766,1269.0333899986665
-126266492,2201.93991564572
-301329360,848.6897005631597
-1323041633,1194.8858060457212
291798113,2034.1361103541306
671763442,1280.7710634732543
-1302515146,939.3382861881896
739601924,1170.4167304841767
-1532437274,709.7697960109581
2001607138,703.0707854539309
444570084,2656.5511572154082
566601565,2811.6446699310018
-1829300130,3289.3283118496615
1626403032,1584.239240526184
-808063764,2023.2878231378068
-1836787255,2992.512634118387
-1017302879,4152.5615954160485
829937040,13666.931847542288
-1737588046,2886.5275811651745
-1768611689,1683.8412107637632
1797472668,1977.716625223044
1569811831,2460.709744883411
281018197,1866.3607521054046
1759733579,846.5437281648407
-2056993747,3522.7275467642444
-1430304343,2339.872494845067
-917074422,738.144033026134
-162280317,2211.4024249608797
1723484557,3929.304179230197
-641665554,1674.8359810154961
-918203174,1729.8544075078887
-846228645,3662.7179819229236
1744075420,1870.933935385726
424765102,1890.6602323725951
1363284467,1944.0060378254375
477190418,1486.5847113415623
1173396287,805.9725945509456
-1843953807,2918.627646483129
1336457943,2738.0837698711807
-900465365,3081.1806167655827
2111051200,3960.648707427104
1591686048,3485.625645412587
1384141342,2220.4828484358186
1017162037,2201.02310299052
-841944506,2293.6459789916353
-1009008125,4357.527994196336
1314853659,1568.6743302789146
1133963006,2872.70601567482
-1698300420,2324.5383640682926
1566084970,958.0435828089164
584912048,979.0210472240167
-2013519457,1908.8294364068831
-667041658,3493.6314683969485
1815636148,4484.960283702029
149064093,5338.8331285845825
507595647,1173.1645890434143
541048458,604.7670366578043
1901980349,915.6936532194543
1936731317,932.9660886962596
932590992,2032.123300771789
959067541,633.3517768327221
-1600725168,3037.651434942796
-102701909,2420.3642775144526
-2029012842,2039.530141801231
-629520419,2447.941107637059
969636663,4014.4101159711836
198184492,3171.230733048818
-617171502,649.7321298134249
-1500882308,3721.926163208528
274604219,2130.34882384144
414626988,1904.741547472657
1620453760,2652.259716656861
1709934918,1314.7798743459214
-1896780923,2410.8941270418045
-2020306373,4959.268992994942
-518456719,1015.561857417431
392433827,3012.616297384762
-1198698691,3257.083275914627
1767958487,3350.920481332258
-1308155673,3464.8217519810432
1366006329,885.0436070073401
1562946015,917.8883522713827
1278655999,2394.3593845311216
-2080791712,3767.4826556875614
92267363,9395.626843594519
372931550,3048.2505304882466
2032792873,5023.454993281803
-631733660,2966.580914853681
149963772,2586.7970137950047
947663344,2616.8477954370633
-975948779,1242.490723343057
-2012544356,3622.33022408512
-860649803,2410.84850972896
-507521460,2794.1355603115444
528226429,2019.4892393689415
-677749622,4339.152152189462
723760533,8256.092517560344
603054931,838.6507948805593
33809412,3720.8127488002556
742141964,622.8664870857834
-910364032,2705.530882272088
-263042736,2916.682074241122
-536615910,2675.0322568815013
876739989,2313.0376501624205
918589694,4599.761746755953
-951726851,2050.4533855232885
735289155,2262.117207238341
1964827616,2356.6030595799016
126393356,4465.102605671411
-1947682158,2261.8762711846325
1308322136,1402.9913010042333
-1454533929,1825.8157775879179
-847178825,2711.374010632288
-2101296559,2339.622971251438
-148807617,2631.5321475238507
1516283414,5673.802166483095
-420959914,9634.150069987978
-1149063135,1626.1499634343422
519419836,794.9194039215826
-2044430310,684.7538668928983
-1983047942,6460.811429619718
-1547956353,2171.9464273607746
-1335284947,620.3004289979348
-2095321421,3806.909421731339
1461308116,2805.7108411911317
-987746322,3663.9578748522094
1631426117,755.45787377846
-1223161395,1694.4332979846058
-1364021665,1538.735203305431
-244935260,1570.2658165576095
110830050,1832.15409201026
-571313044,1671.7372456967041
1781558986,2356.23199065658
557818245,1816.9920104592331
-1237769234,3935.0576703080833
1476736961,2037.0586216435688
-351839719,486.438343126168
1475158794,2152.170160704772
1632761816,1841.491215554547
-314543143,2156.395039898764
-1201248778,10103.896031096154
1106417104,3614.334303063286
1653137788,727.6970561498232
-1422144975,1281.6759540254234
1828357325,3293.781659338588
-1321396052,2614.975582907746
-1666870191,1782.0956291580726
1816515245,1816.8192287762972
-1970060676,1812.427298500549
388338773,1836.5541697105145
-828240099,1694.4332979846058
-721291449,1841.9346790998832
462256948,3105.970157828391
-272713859,1891.236296886978
-1465657677,3628.3128962269443
-1428116797,2933.8551936813633
858547676,4248.0888986135
1567723396,4064.702141143764
1412000801,2796.9410627706384
-1109782109,1855.8161496129592
1466398456,647.282161791923
-410068487,3200.2025413563542
-981338582,2930.8885105112513
1471924614,2100.171937442156
760747328,1087.2481573818343
-1300508828,1804.2121708697803
-2100987038,3186.3593554977833
-509728726,2041.2085802613624
-567149456,1361.2973675148692
1778182608,7048.913449458257
1425736746,3013.8534715949304
-1156053376,2418.6654895295137
-1673871950,2493.3454854122806
-1497314139,1694.4332979846058
1672231756,1694.4332979846058
1646519442,4393.697054655373
2036763500,1887.9454937321916
-258034510,916.940836155874
-1564405698,619.9516806515578
983305751,1763.3284814398296
-535379810,1890.791000934354
54123761,2915.361833203343
1035952873,2487.356067016043
-844106896,2116.5595701550155
1526326278,3126.7803594005636
782751479,1688.8654517314935
-1051401736,3075.1991473952
-1974370064,2242.8620197095875
288504169,920.4713140535499
-1527585503,667.6928651604132
2115152061,2718.8091138437003
1765039047,1335.6620125353243
1997477520,2118.178323054562
1369861307,853.3408584299222
-298612320,4650.238084473296
311157225,401.8457461315885
-1746760553,2849.9552466520527
707952286,2070.752525500285
418055756,710.4435345079268
-874847912,3550.660642320668
-93229219,2658.4450917211566
1546178730,2229.6933519238037
1401189844,1988.9814484458552
1605515449,706.6286069352835
-1207591548,2763.2901924385487
1672510475,1781.915930510671
-295877511,1791.0659836381126
1984488299,2364.2990823747186
-2092069381,1851.5955183109702
439828992,1885.4096759019033
1812516200,1827.3690625055553
516889135,847.4355129541017
1394979232,3730.2591310918237
-1543160428,487.03153323376176
232211960,2710.146294356487
1709525276,1283.9659837462616
879398068,922.2685267651772
83669897,2909.0505157159464
1029093092,2516.674395815673
-479411849,3578.7228330894045
-1573040912,12899.151305226836
-1149557838,4724.350725737722
-1600541034,1104.907936851898
1334521557,1525.1320078839196
1512236660,1116.923845110463
133548828,5018.792519849259
-1815255215,808.611675899434
1068959581,626.5371189539604
2118303244,407.3998332427854
-1158213633,422.6276425125629
-1395061502,1118.5238637787534
754880849,1577.9281700259744
-1402670930,961.3174809427197
-28471428,746.6098210503709
-1391906659,2998.131088483954
-860449363,2134.2144464337316
-1904893552,2458.8315648637717
-1151013196,3025.391045394135
1495135395,1982.2251201527502
-1729334462,3096.7828986849295
1772205723,2886.367159796625
-1200242435,1826.6016968121253
-642694835,1768.3995700838389
485570640,629.8986597523912
707287724,2257.591729520472
466818067,2178.084994357028
1276615268,1960.3564490596161
-148275157,2902.372156779031
-130534389,1663.1471032970878
-436790711,2175.908496779121
-166161463,2054.789172284315
524404889,2968.644308758626
-195202043,7398.716178284111
896854223,2886.1715273262707
1287139583,6226.38459487092
1163391204,1842.3960113620758
-1078260533,1903.1406410203888
83413341,1753.6805520324888
-1355439157,916.056159016677
1193111408,3771.3280585890525
-724149210,1956.3538440757986
-1398556624,2121.3223347450025
2065830041,556.0787603589425
-571796151,2731.095033024496
-1872776907,2174.567495023765
1732690075,1983.9087558949518
2016959547,1926.3927004804564
-468278976,1820.118967270361
-1228871591,552.4164504741509
-253340867,1297.4727346001139
-1321803808,927.5150988921832
1775385628,4925.839849863042
-1554077987,1249.0979757997798
1081550032,4674.012492485299
-265733280,4489.134309797341
1884698164,1971.7998084692836
963788842,701.1653410716028
188737457,1424.2187987984496
1262129814,3015.595793248006
-1423353104,1648.4988093284003
-1025720273,2935.6289617306193
1497810475,2336.6092750999132
-1430344157,5448.7920079118085
-1262064469,3893.7480638771985
-2040552386,964.9659016810551
-1696984504,2679.5669528058866
643437131,2061.544824957533
-2035915430,909.6684103266155
490896695,2111.041165083719
-548114497,2865.2995732528234
88940071,1901.863243389825
578611613,1982.9639942516612
-2004692050,2591.4981598861436
-225687509,1593.8129359469801
243903835,3374.9355799044133
-23622710,2390.0207945627935
1102819697,2623.7360185966254
-1521076676,3701.6918158470226
-1748243425,1104.054419262129
115750846,989.9058459312599
-1217675364,1980.8996859686656
-641185766,14662.67301984326
-1963862315,2862.282783264547
-1620533223,7372.615317569594
-321952743,4056.8019448401947
-106096057,3265.071971834983
945163292,723.8692974915796
-1276745580,6436.430291438549
-592264889,6514.474525092704
37212089,5957.097924719203
1276654298,4945.866805156985
200028938,1762.0074725330312
-1760225973,4302.260524173546
1707659355,2051.7666484629535
1331605995,1719.6861287720037
1599523355,3851.844432657123
-465208198,2238.88195499308
-2131055920,2608.887281094542
1554816956,1871.349639024346
1862699335,1572.5863973153546
-766984522,1806.063628841903
-1256924409,2318.0940439773917
964394508,1772.6231827539875
-1450557901,809.689244264503
192621964,3947.051821352902
280888356,2212.3947611158205
1002630685,6084.115894981917
-1710479309,3118.987627734848
-1444223036,3558.2736739517673
-1160682405,2625.4128808984487
408626652,1897.4119915450103
974875178,3044.457229081066
-929169107,2626.191835223626
-1083663283,2209.7217592784127
-507920988,1788.1917021133215
-1003507148,2657.0480273191315
-393590801,808.8487037197987
913167419,2597.721643392871
704387197,2725.0794776892812
-669353917,725.2082089328122
-1754845522,2953.3854784031714
-1656799673,1696.3328612165403
2137178549,789.7482669563374
1978089379,2074.925517327326
-848055377,3124.5649999017364
-1730795347,1521.14182601854
113688737,2831.791993512001
1824313132,1578.619015412927
-338119428,2382.0402873801245
-1737655005,2919.02826599008
-1609078836,483.179754773023
-570725861,572.410414427177
-2002866890,4506.46274392144
-196427640,2806.099846393399
-1084105315,2268.8497994407903
-1962918107,2373.2426094830694
335884843,849.4275982868394
-62659832,702.7075399652309
565691170,2916.3206337642996
1825106784,1621.370440731979
1832049432,1659.752808073605
1436226618,1175.9914499355675
1435691241,3632.8086335263083
2125461754,2602.2608303969732
2013071722,1959.7989943788768
1513191020,2086.6239845279265
1382638145,2501.760810981132
1605501829,3664.635178593757
60730359,892.3922661529268
-2023397318,4901.148864010559
478104038,1176.3373659119347
-237598910,2492.636586435804
-1961448066,2150.966787177317
-185793054,1010.6346469916921
654075527,1310.7611399318964
1261024565,590.921618687686
753219696,1984.9818311851177
-1329506285,754.7199886546988
-707317271,2546.84959058249
1340422546,583.8014183613395
-1069825,3310.7071395388243
1847690230,2733.604064318186
1257628219,2027.4995985916848
-1126294494,1934.7304423832563
1463016198,783.5487361968778
98886761,1998.4676773038943
694981540,2575.9522092458446
-451306356,3175.5037140124036
-1481228383,2603.3672610788517
1332264020,3512.654538617896
1496586982,2396.6972326320592
-2111239452,6159.439171884804
2130258456,2328.1623879743706
223580596,1697.643453367643
689748095,1759.675932394256
1579549171,4507.4766876224485
967827850,2954.3868150530343
-1270369604,761.4786757717064
-1211483132,1552.307224948408
-413501566,2214.7533469110003
-473989103,1481.464358574426
695409710,1979.8967063505218
603925184,2253.115637429018
-2008124626,5484.875692211616
-1351031304,5475.9365543764
-1312112086,2298.5184408179803
420570283,4586.291770940631
-1829390008,4419.257438799341
1928959117,3525.0107782149285
1481125574,7017.058734466836
1360994788,2435.4407717374884
-532549104,4222.570779969022
654955524,13279.339069440683
2063802413,622.6273920059317
-2114933218,904.9129999431952
-1074333940,1432.0048145476503
-1794199852,1998.088149289034
-1643918579,1892.2067028060758
301231250,2023.7445501836876
1881065957,2422.4514755899936
-1356042816,3715.996106948328
-661162221,2328.3806320587414
961653182,2993.7232617340364
-45408107,3067.697572037118
51003762,5474.407607014088
1706542867,3436.3737097373883
812881348,3266.5468544853416
1733397198,3266.5468544853416
585674236,3253.672255465149
-1342236489,1682.8809102356824
405339939,1045.2790625360428
734992910,2255.3789134820354
-1325406795,1160.30959882321
417912904,843.6731736956885
1582120828,632.3932050994191
476933195,1201.9220336885337
533771724,2247.080122169146
2043881238,998.7779793987787
755252114,1012.6884742071417
-1110888176,1276.9183045002737
-758436896,5458.038358111516
1574077472,1682.3407294943277
-1410201947,2056.8451114176814
726883782,11234.792075381774
-1399057929,6664.099285034379
822269386,2098.302938691198
1414908055,842.5833339842031
-1403438437,2935.0314024718405
-1983091237,1653.5296582431663
945744156,1547.5360910809134
1308942497,1570.6468177971299
1668905933,4149.198749702112
-1139765396,3266.5468544853416
-1265782835,2626.6718942541206
1005265506,2074.9929512396184
-1509961586,3871.1577880671903
-1270177157,3281.154552602078
-796036582,3357.8531400060683
491776082,2506.8769278032028
-1238060364,2492.678100889778
424133784,987.275045743226
-1911480985,2173.00248709901
167407130,752.7092655447769
201831618,3596.9441433557013
2146684369,3280.0916047149894
-923571492,1317.9847975224097
-336418183,1826.3251651072367
609786933,1104.4585501733557
-1008069503,1541.4590148241896
-551928535,1526.799028087277
-1746022752,1541.6110073503908
-1522321170,1632.119330939463
1675095756,1104.2864523013034
2138844031,2206.783357864718
1390494762,6229.026637991979
-54767360,757.0169771093301
1169800615,2502.227145637688
-1831366138,510.65629913291815
-1969154969,1860.1799292194596
-2100081105,3639.51083359619
-635054049,9106.817852250771
-944349704,8859.419991794559
-198172938,2201.920172004715
1117573983,696.8727578827297
1034493848,7343.415263627583
1296166802,2399.7737403690394
593020452,686.8053633174064
1558534931,6029.336877444131
-1649522382,3957.9170665341026
1131466757,8368.37647940306
-399913710,4064.053446706564
1480851406,2453.8250869648587
1358875807,1594.746642367181
1189781030,1557.3350917838059
1771385884,2056.782745659804
366885317,2527.2455946059404
-134374407,1185.2126754657866
1973953799,687.6223853701221
30846289,5304.765290929317
-2063171366,2257.6106500751744
-31643050,802.4139422586126
1892883013,5387.4791598764095
-1499677069,5893.702480178441
2070553056,6588.029622775522
1255443278,2953.606770901044
183521633,437.0826707212103
-1410821323,3290.1642201787267
-1690737058,7384.470810318263
-1312638619,2397.5771670745903
1777980492,4174.319435757418
-1688636130,6478.803746846852
-1532207783,2642.673615426894
136363930,2876.5760087587746
-1459092412,2217.7285110488033
-1571536654,1542.0149368811235
273018729,5023.508739079871
1722002072,3872.9936389617433
1525576348,1334.2952014959844
-1760396915,2488.7978893434265
903351737,1458.2535358476462
-1265028019,5074.462381777617
2084250652,702.6099168697326
-468549206,805.6757657492501
-1990173200,583.2920477065184
-1185563890,4933.04524096382
2033475743,2291.1243828297042
1806771913,2922.024189541112
-1376998760,2298.0425756038767
1112021740,1104.2878002513876
-1709810936,2298.088566408607
-1185231059,8429.724439247408
-605343970,4059.3013389833773
-1496231684,2966.0853751068594
192761070,1112.1667014556017
-1855304098,5351.292105991804
-213139184,978.4811993665063
113859497,2429.116340460244
2008158596,2806.5442224090707
-38741917,2532.7538711068096
-2073864522,2321.9076592567635
-1233579449,2746.8897236463827
-2135311040,1911.5899324463521
1966371531,2078.803757557471
-1362592246,2867.3920194368184
2077871375,3208.154321366835
2011322172,2133.120516947624
-1344488165,6255.492032576477
-1535504408,11818.554665403237
1322365196,615.0165042633104
-1038087628,12797.902647113166
665615083,857.6691604892123
1101797320,8596.667416101487
1711648328,3923.396092162308
-933999442,2635.7120651818786
-710932305,3620.4919665492343
2049222403,658.8251222890864
-1179495399,861.8755658806562
-1388646153,2883.6344025454664
-2087127265,1782.9660948176756
7727549,5780.69064885328
-342890897,3120.8646364112274
2034158624,3138.9310809808517
-221616034,488.3509266190711
-1930837790,3076.802558156401
1601598293,3539.5099274300746
1236653584,2288.8908425747395
1883618435,4317.293156971965
1023485297,4047.5009663490096
574007320,2982.4465556563514
343306723,2128.0598876315316
1247387572,3541.7834336985547
109347356,684.8575664865774
-1704266139,776.3822502798464
-1687433521,7063.066159671349
1417960879,2573.108158013103
-1623392386,1974.5939373861786
-899388995,2430.7699723800706
1489143801,1898.8935816445871
860309398,3180.744410460512
-900747793,6833.622897304441
-1981365197,4563.1640375413845
-886356203,3246.443939080131
-1112349405,1699.4533108934113
1631084187,2616.258283315251
-641726245,2016.0306217504738
-1734853629,1945.9769478242376
-1755695171,3109.856205892756
-389882997,367.4049964582138
-1680416670,2280.688675090134
561135130,2192.6308383123246
2126182782,1956.0959652148663
-1951907192,2313.70977808006
-532949861,2212.271923575466
-1486490445,1316.5062804098582
980861994,5198.425811282701
-1390241128,1505.368815195364
688219146,1424.9233361825088
356470377,2655.0902368300394
1175295450,799.4224891362246
-1065698274,2269.6477499055745
-29104437,1746.3276551081308
2057769362,4608.661073682015
-98567002,2116.315913749642
2000450841,1817.69750010022
122932025,2737.879743279168
593356864,540.370252554425
-1271112187,5744.906003088915
271988747,3383.1512248928407
774822600,2493.942058269045
1762826010,670.6752878785459
1975199781,2441.8708130006444
190806401,1600.817807460987
1739282264,1036.8502826083393
663480004,4713.403942715319
-211194648,1376.7594145750816
1067009909,7639.447871608044
1740388847,7071.469021650837
-101417853,1018.429743735625
-2099350197,4591.248932075988
1996066776,2859.455321225622
-1837964171,4069.9268149161135
382820116,1098.8526476341053
1873028878,4396.19283135944
-677365803,6680.707024228
594551844,3409.897402975663
2109161144,2114.182548817965
1310651930,2208.7012546544693
381852784,1850.5562767391098
1650188619,1835.6975177018824
-491010703,1485.6933674015283
816147354,1909.0369508738206
2021880673,1677.6908787473226
1892561560,2787.729716375851
2047323858,1453.3967235181717
1104122515,4893.504701780914
-1484188929,1261.7196220939454
45160985,1274.5484615362448
-1039441595,1476.1088512711915
-924111074,3426.458923957116
758255063,4128.87823254672
969037223,802.9573806542504
1669887826,2277.1613830166652
216144244,2256.3395893265174
168085358,4820.7526628051155
-1142513449,1920.5641774743658
1936633344,2390.737253826152
-1896257706,2261.8321171410043
1420404151,2390.737253826152
2008512832,2261.8321171410043
105745532,2390.734258986765
549293691,3363.126185471307
-691511539,5522.447908529729
864997932,687.0019230616683
1854249735,2347.1809459297274
2100050494,4631.814160605348
-1128763573,2588.3121025305627
-36338078,469.2422851251248
-471414007,4129.818208895197
1892446425,1748.0925254950705
-200026877,659.2757730895631
1943967246,7260.916192789855
-737272274,500.1519977317407
-1272830423,5846.679003506886
-147193695,1048.2559093339028
1763059137,2485.799712666244
87894384,4168.914603622819
-1002511049,520.6764063186431
1551644839,3696.1623760106067
594485502,4543.40195660408
-1326479763,3992.3182728124652
-244914323,5744.41986342825
-729722720,5166.866923489758
1790226646,975.8061553938717
54885842,966.6678660959652
282652211,2803.418578766196
1485133318,3029.4521894315926
1192685803,2041.1048214783423
-654045420,4064.0923846221986
743213750,5688.447756544738
-1045374299,5022.349033999756
34080286,2520.9420312501666
-241611918,4508.458144604013
-61833031,1347.5903450632009
-646238028,4736.6490351654265
134954537,2870.995605782839
-1085030302,1724.0460635296151
-1374317940,5808.680712103274
-341586705,5869.87913886244
129097255,2578.6988325727953
1394784508,2623.4096346431625
127839129,1775.423274030242
1933880915,607.8906989970415
1346178563,3712.027756108769
-577229166,5579.85373100998
694220558,3237.753449241591
-214398351,3781.1464938167446
-1445102482,5944.670863246402
-201706017,2999.195215805
775226587,816.1154489531526
-1479542287,620.1819227941701
978208267,3574.4633823820113
-580553073,1608.8112247408205
1550234354,1753.2248233567548
-1749405037,2038.7667533388126
2137499385,2797.119511680676
1438446184,538.5971106082505
1475320832,3144.5895468686203
-583238751,629.6851523143797
643008921,2314.1304347941764
1790635962,1813.4369123580366
-507085847,632.5332104767958
-1930073135,1455.149211470613
378486250,3325.446490465254
-1398436811,1890.1214016478973
-2034777636,1444.2209758220652
1439307975,3346.920430038069
-1215956748,3044.7050359973573
412951079,2824.797735342168
1959368434,2927.7265473298653
1859937348,4825.736885813206
-503512899,2730.059409970551
1161474129,4801.9263181433125
-708609892,3043.342703172594
-923334623,3373.2094760050963
-1029522878,2834.9164509775305
-1619120130,2748.735572268092
-44600950,2809.0511058829375
1124495315,3083.4215376377765
1292449493,2958.941849734691
1003494594,3204.4012681952627
1537781505,2466.3863811233255
1732175110,1187.5762776486408
-1229127841,2258.717066593818
-1075466654,716.7848585204466
-78824648,604.0580047468062
492038925,5000.175068899027
1822719866,2894.400579017929
-1159807472,3238.933568794612
1486742551,3150.840906318158
-1813240150,3410.223299246182
1280186374,1338.2932698715779
1339524124,451.651094915801
-518402877,912.1812115096266
-865837219,3483.5414508694043
-1100390241,2245.2863523386204
1342099345,2620.3610503672753
-263942495,2205.389365729757
-1418463975,2052.2803998100007
-1439626857,2289.171907444474
-164665459,13025.982472185593
-1466384688,8996.79443969731
751186800,3180.217173591653
345245581,4535.196220328793
-681751405,721.0776058715525
1502438391,2364.891812045738
-365767758,13810.79838426318
1683189296,8533.819698922282
425321395,3223.1653077739056
331370291,1567.6969383482678
-181857695,1729.8470708554896
1452489519,1874.6236974454337
1714158379,2138.6956704097033
80455809,3379.6264420828647
-71282849,2137.912796430142
1889708053,2298.72769967957
-1736874398,2842.6910039119093
2080569438,16441.181157696235
-857954676,5009.353843907581
-191925703,1393.0239222345228
-1680359406,841.7030219006947
-461028042,725.6569954418221
-130190262,4068.556623223611
-1676064264,2014.3509515147682
-1990847908,2512.0316814940566
-2058035438,717.2228943808207
-746045869,2357.915355185368
975950706,2082.4688246956935
-718392759,966.6302171416341
233429070,1081.990174593536
-405144082,3308.935148064965
896809428,1488.5582385334778
-1681589966,3929.8892614414062
-488871876,2782.217074501745
93698242,3468.670844953755
-1281092396,6891.5587905220955
-946795116,1383.132811085681
1169433232,2755.1645750761827
784353214,511.79160740092425
1212862951,788.9638291951971
255867806,1816.2254954562102
-1361294709,5613.838098591095
829689418,952.3042588205021
-887922262,783.0460516993594
-50111220,3408.2171017494097
1488200647,2542.8281184155303
-427981142,924.9729660417212
180580259,2996.7123277204178
1671246787,2583.4152519024274
1186024716,2306.3234371101653
-1869476015,1988.2947026371614
-366949107,2218.7675068469784
-512656720,5169.267802181126
-350976114,1898.1240449533611
2016880157,457.9776627399893
-1181879194,3967.161771546165
-1866945252,2089.8990582760334
1465059859,2134.6505352041545
1283517766,2196.6277992885753
-835661640,2471.484520185687
982811709,2494.4495199736516
757556148,2357.3455110726673
1080334707,2740.371484540432
-1873140117,2129.427676096553
-830192098,2249.7874037350357
-909256338,2099.4706909146007
742741804,841.3533470842747
1284320744,2152.1304061665783
520272193,7583.22903289828
1321941514,6448.296619797899
-353960225,5843.620634067837
1589139290,5192.605708446894
632639316,1926.9894321960255
715750716,3749.4993995174755
179938418,1978.4533585604136
257100537,2130.070251348049
22994660,2206.4432495745104
1862198755,3204.4192623854738
-387308583,1584.3615483755082
1930025251,8033.70744025002
806440243,5038.0564404749575
930209312,500.26151051704534
1845645409,2697.946168866831
-67190006,749.873237778278
1168132825,2885.12143731252
-803651231,2113.6567343188703
1869121707,2831.1110118763913
1745255708,667.3191584770375
-627143930,1657.2406420812877
-31581952,12959.178018843766
805504549,2239.7937644480826
637376207,2401.4549116095936
791002423,2230.8647243421997
926201795,14971.607856992361
-1728723390,2428.326962675576
1771088179,2864.5240315124292
1183234141,782.8588413885602
1334308895,2805.6195130577034
339516866,785.1702165014514
-1170361340,6485.936316291727
-645724396,2627.7478271642967
1172276038,635.6142193286129
-1368706569,2106.18489788095
1605678299,984.9766013156159
1691271127,1883.2307654867225
-1221526613,896.4670857979132
1666618409,790.7062659542794
456119007,1282.4491778411425
-241007742,625.5072108916046
320704343,2159.146928465721
-1133057910,574.640176906916
396428313,3823.3810579835617
-364782754,1803.062271761728
-371252667,3028.9185702540362
1557967480,790.6780279164246
-1096216042,7066.02126365904
-1643979051,786.8676095284588
-1546506158,1616.0727350377356
1200708244,2583.658638527911
876183681,1936.4133332129986
-1402578262,440.79018351468267
336997401,1283.8515610765346
-1437591065,1856.6982459568223
-1744525278,738.0084938625841
124931508,3059.5257741056157
1191068205,1715.45407595
-167572103,2193.333844365965
1758943876,4249.6812729593585
1118210129,3260.108352622059
1777221152,3875.142150548473
112016945,3779.5361105609777
-624694548,1000.9462002563945
-370745535,2382.9432169505412
-945346387,3365.7660611456454
-2135840810,1807.4288779384722
489946371,943.1055444340489
-568196151,2650.4168106255424
1471665606,650.1711241654511
-663059673,1760.765827730387
106546823,5480.981765678591
394100601,619.0076104711313
-2023419916,3003.233277580241
1923955873,3734.359860803915
-99361785,629.0167264339746
-366795132,508.513003420024
1243210259,762.247194822464
-1015356659,2041.1087851466923
1586992665,707.6619163934972
613669953,1839.8758300343786
-260433162,3319.122735613208
1235163821,3312.540474014345
253501215,4714.653289735682
1937317910,3639.194733675595
-1293688832,4061.828212812365
1453225463,1849.004439879241
1035755410,2112.7522013501684
-1213971208,2462.4461106488898
-887747477,2321.4258659917477
539689690,1954.7564651052214
-1984664767,747.369592218133
-840743832,2369.8738278395185
-443867685,950.8573703671616
-38773404,2239.5940683799554
561479903,3763.804359763174
2112652702,3439.309245234616
562925923,1228.1873304681483
1689572654,3685.8914727952474
59758584,3220.541707635503
-1498327984,2933.3313411243553
-1452756671,1726.3096775751317
-484368650,3485.8927902436
-521704755,689.2526115078682
-233687600,1627.3838911526477
-1888640971,1849.545035698065
277237988,1766.1885672420551
84551776,1836.7107136908176
-1290575040,1071.6559360821798
-677437232,2808.505505021036
-787079223,2634.140385001561
-984115552,2991.374434433633
-1215772882,2030.654356653636
2028611918,2125.3219732757957
330860711,2142.0905341816474
-2010024674,887.0577952992957
2030658400,2437.7039187186556
866131363,4397.027946116781
-268817047,2193.9227706114257
1438959756,1340.9496737249153
2056711226,461.3407920176722
-1285778399,2022.7627241434263
-1909375573,2271.122444111375
-500270417,1589.4565004657613
1785515304,1458.8791850121831
525786439,1246.055110786632
644451719,2748.929063919436
-772313,2409.915451217055
-986422142,720.2692035445792
1234315822,2773.5529948726903
219797262,2789.942246951119
-444562589,2807.6956259885465
-1978517582,2788.422255347924
1323001278,2131.611410674944
67787051,3262.6265133708034
1363667966,1644.6525406894764
2125931521,612.5421695237949
1008337274,14077.560828326672
-2057996500,13369.984732990042
-920664500,23026.64621049062
-1379312603,2371.7358916810863
472786362,12542.088247772974
385721325,636.1890769995607
-1910834084,2898.527432216101
1079262517,3152.487039241639
-1177838731,2026.4416288168366
-827697174,1734.8166103852677
-1276182,1502.0968585631865
1364432556,1595.8963946064673
1752344313,752.9115376098855
-1275617983,616.1318992295134
1102879430,3520.696941032683
601330539,3041.7733983111693
-511965361,3221.9683641812476
-1161367134,626.4839432076069
552303522,2491.306802065136
1182644111,1523.9709843788987
595801600,3481.521774100292
-521941193,2750.782373532733
-158491598,895.6658890070769
952498509,2211.3628481965015
1901915977,850.2764623511233
-1439658895,1418.0938847670425
-2115320229,641.2925036563158
-1389004623,3202.0234379656695
1426127936,2089.212388363427
2051624098,2769.6707704741375
-1419314466,3799.4960507493192
-1295832062,3969.5420210836387
1829248737,6852.634195347222
-56241629,3428.6701822047385
2134106022,1368.2583771233806
-1159160673,651.6883469177188
-102302255,2902.54342343996
1643744923,2346.7553088341783
-600906265,1890.7047262175756
-382207976,1948.2478397836223
1384245802,2903.959130000501
1945351977,1538.654673815947
-1429776638,1988.3674865052124
-922310414,1184.474050683402
-1823781813,2285.761739815809
-1342029913,685.6780519254349
-1661353695,2929.3788815050248
-1142306322,615.6285899844124
-969386684,2689.8916518320507
1883205193,1896.3703844071533
919130683,1956.1115228604358
-188535424,2715.0496171734194
1640865546,2576.2516857457285
-986596749,2379.0989100618913
-551397872,2085.885945983241
1224447947,3727.4910106652756
1046369101,1329.6725733001188
1368197396,3928.6249443987153
2250432,1992.057044443897
495782276,726.1540245825855
-1110150201,4222.198211650873
1688204995,9613.210600204746
614286926,3440.989874155553
-1648392624,605.2281576382943
1304110431,4072.991356639593
2035987867,1921.7584561466758
2010716628,909.57708685013
-1716049092,1063.2937023081142
1946932368,17374.274266275836
702260044,9580.465636822451
-1215751569,3794.655038203264
-998552348,609.1743002139872
-1912787929,1251.7531871727883
-1293242114,2879.0501251640762
-2080050722,1949.5368416787642
517868836,2940.34621640124
901363941,1593.5957627582668
83697491,1561.8479063195994
-1874120567,2094.1242561550307
1992928469,986.2044696299607
-76232710,1597.395620939767
1953995453,1417.3745261165645
-704026677,1739.050176081248
-1585700003,1194.9288010935152
-888219286,1317.7932242479947
224483667,5088.693136384592
-395388152,3223.5070134227153
1902606892,2377.735917057402
-869969927,1722.491040995018
-912004937,1266.2713477947837
1232065969,2521.299051617846
1770979806,633.3942309107731
1067800011,2122.8842238927264
-493532790,2705.6088386795527
120304448,1257.122297714533
-1763127731,1335.2060199596115
1805660369,957.8085577068109
235145839,3970.9782976276138
-931007781,1973.8218755246912
-531680935,4259.694625443954
-1745517375,1094.724721772203
-1435343880,1619.5787729679869
1762908859,594.0103083040242
-180098608,592.0343463698014
1624492219,1623.3442977288216
-532112528,1480.1736247355745
-38410800,1529.121417111897
202512355,1575.7396932914648
1286340701,1508.454464079252
-591066382,1094.724721772203
57319232,8317.664644399007
-1912762118,1448.7989931734562
1101280556,2581.558003282345
-1905505588,1637.1734669055966
-1917329534,2663.034698359931
404145461,2184.7268899296214
-1559269013,2182.9720218948614
1375854355,2307.701666669401
-51733467,2276.5956079222674
1287108698,3841.8995356499795
-862447177,2723.8583719749504
1419024179,2662.6332612078118
981761390,582.5808183450648
875437708,2357.0901409046314
-1839954741,3473.914040191318
-1743274788,1267.9116619466386
-499571417,2862.042171089469
-1332602989,709.6613818374885
-1487890455,2662.5384319587456
-179585868,2443.4099931849323
-1163356293,3324.136043875801
-72090569,2727.5202144323634
-1320542731,4946.984148626036
592903042,1551.1137764955831
1824561358,1554.24939046016
-1666849085,4108.980431383858
1037421023,711.1154669345987
-382376442,487.9478018410569
-1310179573,4620.1419784706495
833558118,1748.0052380467766
-742965932,2443.4915674577655
1374707142,1545.905163676004
-220201706,2429.377546947991
198026817,1617.9911939170668
340106266,3545.7838069382597
1263211917,2420.8740018242133
1953919450,2463.490326507408
644888330,2277.4224145542194
1851766499,1872.6295935923283
-1681282746,2293.1145929853283
-1010583055,4112.9710349714
1582088754,648.0307049214471
-1498410804,1021.4512953335118
1091989213,2870.6141330534847
-1982781440,1972.958387592221
-1008900821,7735.170577878228
-988557569,853.8890294292809
-767542530,2231.073944666439
-133722712,1427.893286163954
-1168272711,2057.5377430204694
1829600257,1908.044806271969
-1153874699,1990.0321598248315
-2094994785,979.7113795467255
1820405599,759.489625654558
473408714,926.5264619655054
664789618,6057.006650587678
1395461872,2145.7767675369064
-1078383597,1696.485401806238
-739624060,4705.7624993222935
-1110475500,1132.9032849385042
-147969920,2164.6429766805027
858975546,2218.9927707527727
-534653460,780.8160135543587
938312133,964.515300392633
26024579,1832.9044322167792
871458212,2683.350332565536
-2010654519,3467.9748948550587
19191137,1606.9081499888441
-2104034467,1595.3287294213915
846538643,1670.418905854515
1220029823,1297.2461700635085
1440481884,1553.1320803617773
-66460564,1609.5977062618765
-581548613,1519.407865617209
750275209,1565.3082893878614
-134508043,1549.1180586508494
619081844,1701.4973190563594
-620244685,1844.653282098535
-422602176,2572.6875525800187
1667603426,1761.8806765248357
2132873607,2392.1034377588276
-1359167226,1411.357752700644
-986782483,3113.1318441036765
610581466,3145.3148838037773
-1771137500,2035.7882337588233
1338034386,3247.441274557284
-1821385281,573.1754563621785
-780463800,4407.97272462468
396587648,1901.6796301734507
1299156386,2066.4799758646404
117860818,1881.052791092386
2022181910,2150.8033146124167
1619328790,602.4245427337906
1697730391,11322.18089438572
-775718486,772.4378923427232
-1474592443,646.7791137299344
1193543356,1534.4339766137934
-88006146,1415.835959085061
-906070884,1276.8784051362225
-1679706402,804.8644524851389
-311798404,2824.3246374293476
-1377906561,3243.0224897863313
552895918,1970.3520837805727
-272998370,716.0338149908627
888392040,3917.272787911178
-720230003,4240.425555578939
830598682,4377.353556263905
-768091217,2497.023931618988
-190815483,3055.0321043853696
50918050,2423.979246318237
1415086198,1941.0572548024336
-328127614,837.857846362311
-1762620319,2338.2527519669397
-1493346828,3378.3839106151354
1886484776,1173.7370944386278
-1886571218,6661.906035217251
44881391,2594.9206750665485
779716229,2971.184747672086
551863756,16096.100049747161
-2000549242,3664.2358550726667
105508962,6132.088688065497
2142709413,3787.770889725366
-1992155964,7649.673320539127
-1925552321,1724.2276488009988
-959733432,2670.8840083851237
-1470022847,1975.058042236795
-514149741,4156.252283391284
-1426902394,3085.7121202304866
-1060619559,2440.3136631469183
1911076863,2072.043909129358
1182641445,3496.9244124371694
1419443505,2641.6199653458602
-533631166,879.1124171751591
-1989347441,576.6093184968563
-1346247896,578.8250742792808
152853662,1820.1754896872585
-793843025,3638.9870170113572
1035948830,3112.605412562824
-2082146678,3899.260286071085
-585925387,989.8628502865722
996254650,832.319261379032
-727659389,773.7567863307899
-99005708,737.8614410012219
-513633643,1596.1564765284454
1437081046,2489.471286557042
893435900,2803.642327334476
-1270345427,1292.0695907033544
-693742416,1642.2081323951143
1922416669,2011.5252428612607
-363088526,1524.0749387105593
614665025,2554.6230288856395
-8156529,1724.4261311915834
1802768701,1632.2443293188167
-264915616,2333.891794917716
-1781794421,1914.01137933712
-1411922561,1341.120215704977
-279906045,2636.555336677928
2100045360,977.9333894719548
1740309595,1857.9406585437264
-955098993,1155.4037437625004
481699390,1910.1129935652043
269053064,1484.854999072815
826429422,1485.9781568552296
-841351996,713.1946010195323
455511308,12451.510165697051
510475852,743.0088247606938
1260236055,982.5089229646948
2126479769,591.1787967539218
2071579965,577.7832264520672
1010061307,1716.0218618267118
-1804819279,1350.5969422877965
-1859752224,1290.9037973432698
768379709,1299.476833775033
-302792619,1424.7563929533694
-1177374541,3325.8703162619427
874098256,698.9143718303516
-703253663,3239.2143651584315
1833023973,2268.989770671976
-208018566,1716.1319410578217
157170502,2712.351674480082
-545457087,2662.6301436030103
400612437,653.9831354085551
1001096314,938.641634319058
1869269863,719.7889441772012
814668378,785.9123194905527
678407258,1313.5545349202985
-903021417,465.9297169960473
309435619,1851.7122360208673
-1712864008,5043.597040048018
990982902,1914.3286647441757
-1688264980,2013.22010338767
-1537997868,2354.5653278737086
1422347583,478.66173548325094
1454059525,537.725285646879
556489150,2907.6614585924954
-603288913,820.916848722565
1183986393,1956.266979282527
-1347729710,794.5631755812476
-891610555,670.2316497874475
-2104741389,2052.901828784184
1202015569,3972.25763007482
-1291019280,2433.527090530586
-701574931,751.069501353442
-172038671,5375.846293790555
-1104715539,8194.183865896668
-48743977,819.7705116203821
-1734869090,833.7267249341066
-361987121,898.9932138826975
-2074248644,736.0104906740504
1073844769,623.6682023730516
-408746351,2243.3577905636807
355039627,3920.3331558198715
-258028056,1982.8726676663418
-2144520606,2644.653608088032
-711808273,2729.7525021586976
874699076,492.9480411881644
301287497,2103.5090552176066
1969010908,3693.0148563007583
2032702372,7891.463572041929
-1197835239,583.0637090923475
1660161120,1308.633053661
-1029555621,553.2861118220223
-818649174,4251.63239232677
-1328329679,2702.027942022643
1131647002,2716.332751864206
-114492146,809.3883150933169
1050589876,2989.6466850963125
-383362635,12238.914276657872
-1912621257,4431.141487261984
84255641,2239.0319101547007
-1121334881,2562.806677028981
955411149,2383.6464350759684
320114706,1687.3645267978286
-901246220,3946.3255124271395
341326791,2248.3224242056617
1316532218,2427.1334163060874
-987891449,3579.8919830515783
-1436051144,2811.2181421192013
-840233649,1172.1132968048437
1467411232,1305.6758065096128
1296497340,1764.8186987260347
514380140,2863.921944948083
23566652,1404.2377636809842
1909650331,3154.767466531313
-125590608,1643.7297613990397
-1237669616,910.0696357818241
-1623757379,1738.1078986047507
-466760160,1641.215302096192
683635704,1798.0504868589285
-938040121,3872.9292500220236
-1206937041,2688.894676191249
-1706413507,502.8229658468123
-2000014760,2391.9123597620965
1914142441,1712.9345381357857
383977624,2249.7070139443367
-1893983412,1672.951126638582
1048958064,2487.704090045548
614420319,2592.029657415681
163924759,2265.98223925987
2019808752,1752.004428514858
-1009174619,2799.01654070744
1510495389,2228.6080826506304
-675381182,3511.464938979707
-283362763,2303.8749122066297
1416772340,1683.7358395750828
-1832403661,2410.609633590071
-474342665,776.629672568933
719515105,1165.3502039092416
-1128572409,1677.208817486703
1811220682,3590.138431886371
-501692524,836.8197512053035
-1541616206,1802.180146179908
1744754233,1881.7852969464552
634011568,2140.7353069698706
-1440800335,2477.370074423288
-1705243310,4083.4390935446936
1856899634,3032.2636934999146
-9657622,8252.475276968995
-864205320,4361.75340638918
809177358,2173.4238565637634
-851222776,3326.9032849269583
996767765,3015.1072644747564
1345274238,3062.862758886681
812668305,3805.716097131789
-1337951280,3055.483216565234
-1819871611,4051.6218790139706
874128203,4045.174128931982
-1992073454,2044.8626679882054
-1746085382,1515.1779963734905
-336518790,1851.580024009513
598628199,1375.9266173978785
-1841308674,1274.2726302314898
-1277975943,2232.1406067109374
-969339874,2157.2935015728985
1225038258,2288.03655617235
-814802663,4933.819318731056
-739860202,4475.45442942346
1082278445,2236.4016771715637
771710584,939.9472526363604
-409336212,2340.326165377054
-1915362709,4107.579904398798
-635013434,1742.8390682876018
604311800,2703.676563654319
-377074450,2370.191270995243
44936831,7022.844767672764
691490872,2344.214443360775
-2019957481,2392.299506301096
-1964748438,2708.444184141215
414704165,4816.902970423291
-1148453129,1866.1013509416337
-923713089,1337.0099419320045
-971135154,2427.3790680461784
1227750590,1634.178937154062
1774331038,2111.1252400946487
-508217918,2383.6281805262925
-1911588596,623.2683448815691
-404194181,5245.730918403136
757535429,5679.687274500112
-908403828,3193.9064631437136
-1531733933,3592.971168124282
1769716411,1592.5107984394026
1030760810,1984.4538637746125
1018647698,700.1472619391924
685002988,3657.4151199191147
1533865754,2660.053894229478
557192061,414.20287700278845
1095831368,954.2140380665267
878510321,2740.90878717595
-2051667733,1907.3102430877207
1415741927,2134.327177226366
-67520919,1853.0230490898261
1586620643,2604.914583010833
1948982147,3944.7031097793906
1556361227,4198.347717136063
60192951,4258.216836140467
-503903481,2596.9063731736637
-1756647475,2984.7807597188857
1355182731,2687.3520440278467
-1162925856,1971.4619698093074
1774298812,1888.8453259270793
337889840,2114.820413043297
1230077403,2114.820413043297
-783693195,3263.4901766900157
-19803765,2342.1533589650803
628514155,1805.0490987636824
-964724306,3151.632997874251
-1514271510,2721.4838373943503
-232671316,4693.780102960881
1900296520,672.1833793189967
-1112140183,2209.1252574995688
-1953732518,2235.74156790772
1607330071,2025.003342412313
-901644403,2013.100865239041
-1661644486,2018.147622278793
-1975351567,1561.9664099659205
511971647,2181.941317483643
1988128020,2068.33659764745
-1359303343,5838.110175896424
1299099994,1008.5894104560424
48533905,3895.3497260959916
-12558047,5705.410957486983
1757654483,1454.212459092368
-1108214971,3119.9283369006907
882499409,1844.346668142866
-1145950707,1024.2877049796155
-1243209557,4272.957336479001
1603713023,5560.841484735093
-1612701837,1933.8251247623502
-973089976,1196.9693914179925
-1677356993,1190.7849489362136
-177610160,2272.3227577788075
1522934495,6093.690499423704
-1595701286,2264.977882993002
1048372762,5506.745846155876
1646832896,1455.2169245194077
1915261365,1489.6181302834566
1346713944,3930.163430560807
-1275359085,3058.0334614354715
650080161,1437.876469625975
-1290857957,2306.6681205414925
-245058049,1190.7849489362136
361085613,1896.6496437655592
-1463387583,2019.9242844136556
914722973,2326.794437631269
-1837411477,2184.840834932581
1223434081,2024.8462899496917
-133005496,2248.139791320617
-201744368,2125.4430435214726
-2017276552,2385.4246566671973
-2118436213,2228.7561701339378
1876020158,2330.091762398296
-1944981025,2197.605596219949
-859706597,2223.4142759993388
-1164350048,2122.8389370898003
-209826932,2301.0591148842955
191326154,2323.4375712623173
113177073,12283.677285050331
2114486881,2226.438858921976
2122948010,2361.8280547211107
683083984,2327.441731695119
-666650486,2364.017608722053
1063145023,2418.6993073860194
-1222902198,2198.427985146261
-1064977621,2880.3425763870023
699708631,3163.7919419866494
-1929029222,3129.153323063257
2082161297,3564.1579964876046
1366062195,3247.3926739867893
-978302239,3570.9711399892135
-457698242,5989.830936864344
1605743300,4365.902611242756
658297360,3580.4815068963185
-643605505,1656.8813138232563
1256765574,3884.067283204935
438973771,4009.4007346229773
-428722371,3872.441326441434
477005112,3293.9522583791727
-1442143371,4026.5156304668917
-1488840759,780.8043763554361
-1358814745,3412.7953540838544
-1677316969,1812.4175077116893
445822216,2379.725003698737
-1115595145,560.3730021269715
450770303,711.3137193983114
2146210002,2765.5134837245614
-214667743,3615.186736728724
-1089621956,4433.741127255898
1269812543,4847.608983923559
806264506,2729.4061684910835
-1445366833,1631.5772195107781
-1251827820,3427.416195811046
-1400136470,2919.887625586999
608757843,1014.097646406482
322358305,2983.107030209982
171228967,3759.1484354359923
-690654680,5639.260097643264
1544571288,616.577994364592
-668748592,5849.714222460556
-781604459,4510.285268153107
-350192117,4517.715062905837
502116436,3697.030594481425
-598664860,2129.380253830486
1757464136,1793.8699524029826
1278499199,2476.9943207565752
905380570,2553.503909802226
1445939134,2438.371593231699
-415589331,2424.442080052648
636390900,2339.7552702175462
-282143053,2117.7473521404027
-638151349,2049.5744643167072
-1600130451,2335.7542969916894
2079235073,2393.3160110403956
1230181641,2847.1542191088856
856766309,1992.269195210106
-795300088,1318.2503872768925
-1568165571,1706.9409813479524
-128895523,2332.264507472074
1875486366,1993.0935623672835
-2121189721,2340.582274337541
692345480,2248.139791320617
-235747711,1705.3187228744005
1665665797,1898.0692294309524
-1349805809,7312.702844306095
1228167625,2329.881691446975
-579957175,2260.206177775948
-1444339534,2928.013799141717
1444559832,3920.4347261389366
1480488577,3486.3022781129957
-193022922,4757.9778331566085
306568769,1888.5669006434932
1013147530,1029.3734648398938
1491052201,3246.5944694029267
-733843322,2813.567753338536
-1194084331,2907.5705477781344
-1223044051,2674.5618271851704
232007047,3027.549583658368
-539684070,3535.3653527737088
-30824676,2688.1829019496045
-366483969,9519.502047010972
-1459374765,2452.863425736871
1947053231,3238.264220991646
-1901602716,3202.2216962053094
-1272325611,783.4126113910373
-704700362,692.6118515517499
-292632094,2226.560514993472
-613349462,2278.524304612741
2051808917,1609.2253009900064
1736766912,2392.8685613670027
1126973380,2238.0657633033697
-2000977401,2167.362809261749
68545392,2057.2270555688997
277238829,2037.0109558487154
-1625934649,2344.526461827741
-921702247,3960.63255230582
-1167998399,4820.748558585867
-814227691,2232.6395508911855
-517790150,3644.419024234347
-2132130946,2388.090317042901
-113902890,822.0034840366578
-1981420241,1988.1797905919889
199144657,2417.1560081992225
-1933782967,2402.5587137557504
-740808325,2568.1176950591725
-1992543606,2314.0613878517006
2016105417,2970.9237102339503
1823394911,2508.3519445130687
1586618789,3078.8973422598838
-261187406,2035.9051675677629
-459202894,2406.880049358204
1602257358,2488.3433461988297
520544066,2957.4466351702963
443453229,2380.2208664262503
-857120651,2127.3708250266386
1184199298,2107.6554408976212
-1037916087,2315.8314937759756
-1904449007,2269.058717769987
-2103374859,2325.12033987492
-1157989233,2557.182019491744
930888433,2339.9037346738805
653083747,2540.1472760658385
559069768,3347.967368809301
-91626145,992.6449420079799
42342429,785.4941053511589
-1950211828,1498.2837504162264
310203762,3218.0961082285344
-823496262,2379.231902787079
-1333558364,5618.841436294942
493098267,2075.09898335809
1771087868,4826.796503759263
827079904,1325.3426195825523
-1990155543,1792.1000323863898
1476287107,3713.8202477209666
1067782473,1901.5277434200289
-1731850026,4045.5543641534114
2010753747,2238.9500349289547
1195989961,1934.8902233656815
1712050838,2153.476053823298
-386376830,2406.71537714173
2128286112,1546.7909337827407
-2097652316,6228.693961816318
-1437357501,9432.633710276508
-531821215,1172.9643502488486
-683495394,1302.813947257897
-1993599164,1801.3001726443747
-678652405,1787.0757123340397
847921573,2062.1558858716635
1502385677,1772.6834274261055
486074633,1493.2205337295313
-1889568309,1233.4115820664779
521049713,1518.5638833855678
-938274772,3842.691112265192
-98621056,1759.1070085473775
1545741106,5661.5652135018545
1306415437,5749.874468185556
1867600657,1319.182458130532
441746685,1970.439574783671
-1477891654,6689.790954801503
1432137558,1017.5600777249995
-1469117918,837.2782625849864
-2041638795,1943.1992446890065
1043883069,1194.3376110851964
-979236596,1091.114370467184
-729330132,2871.0231509821833
-1342900052,5154.567004732042
862736212,1165.0584438398594
-1324221332,1192.4297899682233
13970505,4753.816367475887
-1532594742,2094.459379314528
-1584211779,3594.613168044339
283720014,6139.839351688782
675875493,785.9425341098407
-1488824983,1182.1510208173347
634969152,2139.4982335755685
-315395199,7120.816861659442
931259328,2218.3556498805883
-763399424,2333.94291831528
1772886800,3882.9843133237305
-1853308515,3605.537808977064
1038243944,2135.714462081265
-1713710834,2697.6112899166787
-2096433845,2046.5714854303394
1315787022,1240.2424419501667
-1170701918,2063.320267918251
-1646036832,1224.3055351467506
-1025353495,8090.756107791531
1392391034,4770.075885418438
-394494043,3204.142353455922
-1578365518,1964.1472387807512
619334721,6214.495901939251
-1374561930,5954.969678998995
-1656141887,8474.047307115414
-663976627,2709.3751829411044
146899278,661.9581569680302
1045416299,4352.6568979089325
-2057778819,2094.553013437525
1429506463,2261.5195761386967
900913550,1225.3638703139068
-347678912,1287.6563962095224
-1036597898,2665.8789405068137
-1666147214,8267.415851961052
1910632946,2524.6226785434983
-1769797029,3494.7098392490975
-1478868263,1819.2539738795417
1658789211,6185.426803191328
971610228,1155.978424459548
1876780496,1924.8867595889808
-2062924662,1655.4542464860954
-1179716833,1674.9457296404344
-295303304,1921.5575089020772
309031348,1814.9764195279206
-864078413,1630.081136594083
75074516,3748.5913828970647
-220577358,1927.180506472881
-825707902,5941.7521377914
-1624328727,2475.627557257519
1043552021,3419.4631868350875
-793165156,2052.2866285086707
190841488,4346.48461598182
-606076257,4666.9275399119
1214867572,5473.425746121572
723562017,3975.5688119887027
319357945,2185.1181557840914
-847241890,3769.061364862787
392748561,2237.9454887714714
743834921,2022.6855823902933
321357911,2042.0056999396625
200078608,7676.374909075498
2055540223,2094.946323108143
-1956461278,2723.5479942121087
643327622,3970.864480895521
-1877942191,2842.904171454686
-1916392495,1910.5348063140896
-737667681,2284.161713697533
359355459,1828.6469237345793
-935528719,1776.328166825744
-670364966,1805.5477296706033
894918560,2516.8882830912094
-1675519266,6846.64268637687
-351290337,2610.3301167105096
59328547,2215.8114723053304
-1039697188,2560.8543701380386
345689395,3045.316049247566
-1606878103,1767.2057480968317
-528485795,21066.86991355855
843332297,1399.721315748189
-1312927517,1626.53848777385
1169724979,1777.166742428111
633580214,4433.599849238945
-1655346194,1780.6446144346949
1902742760,1547.985338552316
1045564463,3872.9028896753516
1759674809,3276.628970721087
1759947443,3462.529044488963
1297897040,1665.3800148462228
1713778751,2877.1359614220455
305344300,4160.213321731187
1797234938,1504.967892208634
-1247584455,5620.476227831994
179957352,1359.6153439999418
953736016,2503.6384417013332
-1314552742,1649.5714545291733
-1369305476,2506.0287587550706
143815119,1564.2408603292813
741404049,3834.8262899796496
868491104,942.6772779034386
-681622811,1902.715376807804
-2082374715,3533.548838575967
-1657047273,3703.140891508145
-476574763,1933.2499755023186
-241800629,1188.6952340410364
1785824835,4576.622241861001
518873136,3577.069524224753
-1672708172,2729.646644862696
-483436702,10402.445872084676
-1813006862,5332.437486485577
117146119,696.0552121027495
-2015943498,1008.0058800947742
164527742,2557.9443491249167
1518944010,2528.141876463915
-1487134670,1053.3548142586567
-1837993015,946.1372447686205
940294863,2346.2727448219293
1739596317,1731.612872712476
-75697401,5197.317228136833
345425968,1747.6378081530602
2108008538,1996.9377767598094
-265956691,2745.851982916307
-526916823,2578.0406829765357
-640603044,3597.5305029761485
-1826120169,500.09953450535664
-1007156155,2288.227002851745
-491829426,2534.1744454362665
234892498,3964.553566539719
-934906203,1549.0390160065192
-434255471,4714.431718044037
584844333,2064.8823915088487
1737586018,2129.215016457053
1028620576,728.6821129741097
-38494123,3400.538247477928
-250473009,2196.7810928596523
644972169,2356.404915769545
-951553022,2713.2657449154035
-1851409597,5621.248179740128
-52042866,3737.7785560856437
2085550366,2459.9561377673404
277840788,2781.3932758736605
911746142,1321.4841415908356
1329589007,4962.726359673497
-527763045,4525.699118098224
1445313078,1994.8585775809117
1780849173,3485.080142507077
338752025,1890.4026330101854
-459530094,2025.3953949698252
-871931399,4751.168100751731
1248603093,2710.718616669185
460145615,1945.2801379258294
-1145806165,2156.213739880683
1915632554,1826.972073746575
476079366,3932.911917218937
-423410758,2263.727417735967
1140923672,2230.7127514900826
782883039,2371.9945804518456
1658314764,2941.507354346763
-471392642,3972.6192528829865
-1750858429,5068.36189205851
42340206,3009.5621663332963
168400052,3525.483093830893
-222417538,2583.747858168441
-1636650088,3404.521461495447
-1986535339,2134.3236096928626
1271507583,3347.1045720400966
-1068231743,2336.3403776732557
-57629262,2697.138523912147
592972394,2963.79429733309
993833479,2563.513845627529
580772250,2745.499457158089
286112435,861.237186746865
-1056336663,1400.5469552186794
-1448926159,3491.8781795150057
-1920783940,586.2368380244027
-583069551,2758.838469947007
129843708,840.178887824602
273038086,1803.1008435531583
-365011268,4708.3639218391545
-1168526641,3445.8956486531297
-1517556593,1982.5071779314303
1159248791,1253.7422034964472
-705493635,1872.768404013827
1655013439,1812.3940233530195
1512473104,1772.941982910942
-1957444289,1878.6910122758322
-817205131,1769.7997249890875
1270465914,1913.904373208074
887084464,1865.8237606361652
-987860481,1833.6851028571052
-244348541,1835.2673076210424
1925411587,1837.4522306996687
-1431187761,1960.8202577020973
828799512,2215.431946052556
-397171477,2010.9238349024756
-1884913127,3393.200777278177
594432436,3210.188712009881
-1015884812,4274.019708861035
987247267,1278.0441745723283
924007804,1261.5159946119845
769816353,4242.590600507641
1547468108,2909.9543547098533
-1062138351,2446.3648660434656
-430409377,1172.9179585993886
-1754866883,818.8982313263608
1976048262,3822.1154472214193
-663507397,3086.5921691549206
-1236669809,5412.428417320866
-1029810622,8130.818759032333
-1288470423,5254.022581932511
1622630606,14347.046476062154
-1682596289,3574.2148778047454
2086773226,2209.1181895421378
-366119472,1416.6924612249852
1344136877,2101.407166074933
-2071718200,3111.080079471615
-30040482,3903.4835465525857
1949091649,3467.438628184997
1994716845,7018.278691044387
-28064302,2475.9501932884223
-129716741,4641.642937960714
-195841968,1268.1348794277699
-151053228,2369.418999216762
-1695685934,2593.6368254022177
-2034697863,2342.4817814054895
-923410193,3978.310090380161
486601890,973.6495200596827
12160973,1455.4800621769464
1238132506,2523.681532317514
453871607,3499.1008017723743
419782449,3777.369771870558
912367818,2189.485165491246
-832186651,3661.5062609332144
-425568149,4232.659239448263
-1596747640,3916.5698325352473
815230350,1026.4396382621485
-1175713041,3417.4425160016913
99622568,8950.125819309924
2033758684,3342.855861412085
-1473778590,5625.9066301706025
1926746338,3109.001168820852
-140460185,3422.07892195959
640721432,2800.1862891077803
271418076,3217.7301850423314
1522947354,4805.029680072966
-297765029,9211.8244824358
905172346,2046.7749100719072
-20535228,2487.3180275593736
1617517718,2633.541288242012
-1868118427,1735.241419464376
-582145678,1830.6857252222767
-795130349,2659.976287981211
-887562717,2322.891240187034
178036055,2553.8172394971616
548093205,2478.1261510579684
189977354,2069.9002805804535
457828384,1733.940977689548
-1014754349,1924.5964075556865
1047884609,2405.4512683383514
-648738077,2177.761666395262
1926162262,1887.681744318465
983789258,1433.329959775485
-2146396826,3881.0438794591346
-625647685,3593.0797088591185
-298746676,733.1421110312718
-1538798173,637.7857382131689
-21523334,3577.6514284433783
-669517648,4826.800126360534
-1423889466,1009.7907559144954
-1482539348,4634.827726312339
-2006758024,7588.560583820439
1226170564,4809.472693160798
1658707672,4464.480749050131
91260653,4772.229570777128
-1997466464,4621.172224794958
-1172972634,4522.9708527636285
1869243375,1135.9479555394464
-669547292,4178.453607818803
160527884,2365.239540449099
1862401984,1593.146793554195
-1161731934,2791.1399546466623
-1025674131,1630.2845115678795
-1060416205,2217.7300630977215
-1630061499,2120.020343150509
817006731,15307.950112404846
-791843795,2665.843365234919
216839252,1469.9034715095422
-1470161105,3594.4688501689957
893449216,670.7523007129588
1006538624,2227.116101934759
-1631507245,2709.46894854262
2118416292,819.9870059668253
-919919312,2033.63461679513
1376273850,1041.780739572454
1823155604,1793.2586165402504
107028540,2574.1562612751536
-2037664406,3711.8453009228383
-1643210849,2962.824164408953
1208742840,3946.6961827600494
-1569820294,4884.253904951082
-1870561903,3644.8770672690985
414809794,3730.79731836712
-2034448084,2036.6298063932961
-819355769,1938.7741015083698
1741099524,1994.7238343952743
1201180998,2034.6483820644935
-651387072,4710.85596957762
-895971001,4656.1515515577
1390036488,4448.693112810042
-323440267,7365.76086670608
1831268815,2953.8853291781065
-1641607339,3682.9792237000097
-521369240,3964.88773211469
2138234327,3878.9975347632644
1100660612,3624.5021752647503
-1211824686,1840.4112647014965
644327915,2044.099587376845
1846715068,2245.9319824877202
-1867443003,2011.9333801565779
-314523555,2320.5579917894024
775925044,3880.473943266441
-327904622,10925.41907518777
1354224068,4671.29497644108
-592666017,4681.246034827949
1260437708,4629.972136915836
-481945304,4808.3569583622375
-976132988,3099.010376939673
1904671989,6778.181424833116
637997995,3856.004504098859
1817936308,4595.554567789292
506579992,7983.750921918683
1719212357,2788.6336409499154
2109522612,4396.904118070939
-931403824,5292.098242244157
1944605474,5227.550205347303
685169645,9212.003826476694
-413918544,3148.6341931122897
620417765,14628.078592440748
342414610,3752.805648792083
1960731851,3077.722709726121
1600561922,2007.362709585185
1606194804,1966.3630847275228
-1472582572,2220.736692140044
9892086,2247.0253846304213
1237592219,1903.4802851077698
1579245539,2419.754362723499
1110297892,1957.2826587638165
2131797781,3149.253791070205
1155239193,3812.2394988594597
-1066271303,3281.2339130582473
35717487,3405.634773875034
1663827953,2176.443344435275
-1107798157,1312.446529056663
-733085286,1848.9473836569728
-605090975,2592.6613019097513
792824915,4114.245589290371
538685630,1859.070280830482
154696980,3868.8831340354345
523018232,2610.1497140101137
1036983918,5411.690465917493
1844544620,4412.061341930104
-14527938,6042.128821656952
-396599735,6801.526401430781
1467102039,3704.224866648823
-1933586035,4683.043667945143
-744048773,12464.689981452722
602375015,9295.694904177219
1291762236,9400.172264420788
926168350,10391.336089528937
578073464,10894.588995717455
2126998952,4449.403964216347
-1352010504,6633.84665043974
-20475760,8779.55715276397
317859089,11080.767327743766
1203406115,3611.6408393299757
-1850288029,3352.4655199949066
-733830832,1703.9999057144266
-1319647047,3450.6190618537166
1045049532,2163.7323224598745
1518837424,1891.230377490126
-767496930,3340.5265398892157
1227446791,1606.6437906301267
1381949308,4320.646661428571
99374497,6833.814968132715
973118906,3963.6875967517963
-135737151,1276.0029974896856
-590350520,3438.463480464192
-571534797,9132.382415424145
1856076877,4913.186284131143
-819079927,2457.679147331495
-1568244321,2644.167716362903
-1614400168,1997.8528820207428
-830559999,4232.335053673762
1191586091,3994.6991237186394
-1187587701,2163.909090979455
-1909250302,3137.132895210995
-1774766438,2370.0288084977155
1465362364,1902.8694318807816
-1922460738,2361.3100792143123
1155845849,3339.7319931975553
-1311177292,2297.2830914395804
-1980395612,1005.4377524614395
1225458886,1643.7818910432725
1277384173,1844.8428218025804
128381814,4893.27453752758
96830735,1046.01277897794
27852896,2685.948180750722
-1977881199,17226.060834941392
681556723,2328.5268008240887
381150494,3993.0633514223236
-1955531656,2209.0853114236447
559788018,978.7073845553833
-1667956882,1975.713527022382
208097275,2222.287527513446
-359306657,1065.0704344768706
-475485962,798.5734797686591
-974873210,1199.97208696455
1560327334,626.6875877449381
-1680713437,9344.701969519654
2000895218,1493.593193857002
-1053411553,2757.5503508059514
318339522,2540.509749809022
-1706752846,1995.4759584468434
523752990,3597.505851136158
1389908722,433.9166875965517
-4411933,1566.850792326165
-1914788449,13376.966940721108
606354798,867.146982141367
-2005087986,661.7277218839627
376126502,713.7216503552243
-651625799,3172.2174817643718
1709094122,7869.856616283388
1831873949,6772.902550761994
1144383853,3075.9218583372785
-1774224492,2849.107132865303
-507171499,2380.7529076152787
-627714492,2215.979466124458
251455910,2216.053862146496
872327695,5287.638660666702
-1809181921,3116.306087940546
563300734,3121.5300670094366
1558403240,3887.1426597502063
-518744078,4532.096205872927
1714613693,3158.6708463866976
373750213,1865.526762812962
-647020548,3621.786238015828
-1640166913,3810.281167312899
-517075938,3504.8070269632904
-1040096098,1602.5917505198868
-380533177,2731.6732496461386
2017016049,3191.9108103064477
1852338328,3093.44537355711
992171040,3022.7379278250096
-603983445,3340.0082989634934
1577463537,2214.5395431293528
-106769510,2220.9563789666518
-309256309,7468.673129351941
266929943,1570.494413310179
-807927434,3986.109815546277
-1066254206,5386.364166338107
-960968914,970.154372794148
-526382934,2318.667116721552
-1643373954,3880.3013379452927
-1367637506,3889.8218344761144
-1192949201,1477.550723749836
-762627152,3649.61697092374
-1372397099,1816.695856867522
-1644436781,4321.663157424323
923692918,2900.2358774318113
-746490026,1389.8388001497433
1679908045,3312.4044311888047
-1988335914,2835.1426583988787
-1192134937,562.9894501816902
1621004622,3776.3843239857374
-868997997,4504.7360024824275
2115208485,2981.3373383646876
-639421476,2945.8927703250033
2052739353,1825.233905862551
1270941003,2224.652174808989
1938946925,2224.652174808989
1427141985,8490.020701799564
-1451005475,1896.5471354620736
1941820355,1789.0509484514914
-484734853,2064.4543615034536
-43022496,3932.114062492603
694183851,4820.157193450818
872401612,3552.2224542594117
-1878304126,2259.999812067289
1845864386,3223.689987445598
-1647856765,775.905673450162
-2013409981,1656.852347501172
-536735863,10242.992709692304
-1539846736,3122.0215401108067
-1752000155,13627.314704140668
-759499557,10905.39941374977
1603996669,2876.0364364632264
-745669926,2959.633870428306
-1417507061,2198.748200848343
1614881628,2456.368805086745
-1437879903,2906.201192572941
2075921532,2713.36546533321
-1223265142,2742.7866847751166
558347193,2885.10700510426
-242068881,1927.7125025657856
-1578449535,1927.7125025657856
-1277719687,2199.4019528442877
1195881405,2863.8499290363143
515226451,1970.9054178036897
-1019142115,3411.5054902678967
-736699535,2952.520374117688
830572455,2199.4019528442877
1487430614,1927.7125025657856
249897490,3080.2578281414685
1388826415,4163.794110902443
-1108599703,2421.011472878106
-408585269,2212.102440107369
1854144683,2653.87336973567
167115845,3389.996587175362
286816331,2871.283019530643
-889914750,2701.8955613082735
-975691930,1844.6665014153966
1777149154,2450.4549572677715
2115168094,2031.1952484712654
266469072,4459.86616908311
987114573,2885.10700510426
-1350836778,1927.7125025657856
-1196939880,1678.791920349904
-1491841402,1813.9825929143176
-897581502,6772.743358183102
-1555788044,1962.4376543079513
-601214399,6536.782789326549
1489523973,7880.904232179619
1077876869,2005.0325955883386
-1789473785,1949.32862586425
-802389196,1949.32862586425
1127601622,3559.377281814552
-244643805,2512.4863667206787
-849512995,2966.8553712131243
-488861439,3288.7401351604262
2108581726,3710.096636057879
-1373077306,3683.3123224886754
2044843476,2715.3459789555727
-92711464,3796.9831701447497
-772888463,2486.3957866851306
469914104,2502.662331429224
-418303230,2336.2445440926817
-370307321,2763.9588622684514
1684200487,2433.9245563116033
-422211246,2469.9900206356047
2022831504,6424.828827962168
503785876,1390.508770860383
325542827,2274.7485524728672
1066563206,2490.371905801651
403456517,1545.7097085914556
-1720317426,1652.7043267000277
-155330961,3914.6559700383364
-467783973,1763.8060809656126
-656380855,1461.3851477561802
-2027690962,2276.085642009642
1989273962,5076.995632498945
1370104963,1230.1203513635603
-1659007821,1479.7293912160728
414356583,1562.5717129358306
-770932164,3179.571458984865
-364536852,1393.7067522508034
-213137281,2180.6477136423578
1791737974,2242.1334077344077
2009912275,5797.622844788402
-1825292939,4091.6789244709607
752589703,20970.213368941688
1334561340,3158.6817695949326
632158083,1539.9282115648437
-718308608,2630.5286179429086
-498898137,1607.5337193394864
1645554141,5774.965755034966
-660750754,1822.8889257389537
-252759846,2595.43224231317
-1429487834,2513.0257779856806
993714460,2330.036338467541
854109854,2017.781640345844
1385665312,2015.6569929008663
-1584224763,2017.3362945173978
1291168452,1996.6998308444383
59103229,2306.929959189108
-1255968292,2504.8637299278444
-814618769,1573.9685112635298
1400994279,1583.515424432373
98032075,1576.1124029266773
655264859,1826.0162391770432
2114802815,2113.2853725157206
-426902382,1914.5945944853765
136094488,1960.1514810145645
1448858758,1960.1514810145645
-1561858786,2004.483941297429
1867259618,1547.888153548779
1650642131,1595.7132517569335
-2075229663,1822.8889257389537
-388740051,1822.0674791769864
-1068373806,2571.462076813843
-1956931574,1995.815341116382
-2111547381,1683.1997292775666
-1207705711,1973.271678822394
-188847418,2113.0387028030104
1230470297,1468.1273898109644
1847919821,2634.3060977102505
-1981513595,2625.470998550167
-1851023428,2513.6754232938247
1332729483,3039.394479629968
177687518,3005.316183940468
1035405290,5313.506160825393
515588088,1839.4618647549928
-1781463115,4188.900219353066
1763917093,654.6905049423694
-1629298744,1434.5631691250662
-854047182,2921.494258939752
-1622317587,2582.64621822732
-1589245678,3018.518712528547
-840602132,2563.777827261662
-1154008888,5168.371132602657
1010803063,2816.415561214365
-1999543347,2118.6082625312674
960429965,1718.041094607925
-1738480125,2218.4125852129205
1110974436,2049.423637917927
2119690551,2789.9623729671175
69476952,3374.52754109612
172643150,2148.748476789531
-666252763,3373.535486364157
-1934052011,1962.4376543079513
-760156158,2045.5902943600638
1008345733,3849.2894692638874
770787506,2316.935782980489
520122517,1803.074522735823
-675730156,1920.0518062432948
2051938434,1934.1322844609624
326537569,2010.272844169077
-834781625,2639.9673645506186
1610210111,2217.1697813763762
-1247389841,1160.9569834303993
-1921294010,1184.755962722268
1147645987,2225.4703686754483
-1642773723,1160.0672208086633
-1330930388,2228.3799223735955
104762800,2108.4856517768944
2146092627,6000.210017115758
1148157190,2387.345410895645
-854296799,4693.697689102437
1449488429,2751.213432643816
-1514406108,2904.503768638386
1941719640,1216.5887124740655
-1205983909,1650.1562998766237
-606326405,2415.8046153330324
-1621897733,1488.5778383820264
-75737843,1910.4539827675517
1452343160,693.9771394177806
41318965,699.6053901775134
1832509223,643.3957720623956
-845124562,904.651312528503
-496097735,5272.5024039323325
-1256550311,5541.341606644264
-1407648768,2516.1024027869107
753544730,2499.891401940535
1407905549,2579.789610746232
-1842122926,2116.947565622394
-782118918,2531.9886630491983
476469251,4238.082984225514
-294126500,3062.738143771723
-1528605458,3779.76949357548
-1682987274,2764.9724846893414
2074034905,1812.9338278776454
1479766202,1745.1060213858214
-1775874344,2279.3223842296657
-1682753141,2102.560116915663
-1464718737,9271.330491745766
1424365142,5775.444601251702
2048981298,4058.0109786476633
-440325317,1697.021754704081
844431492,2944.1849394567
26966895,6725.100920545201
-1712065327,2042.0109894176376
-226942342,2384.475022559243
598285226,3060.3743810102706
875513640,2474.9027000756423
1605175661,5544.797515950585
-293570213,2394.6954321152516
1397078665,2095.91646293005
335056789,2687.898561435787
1622783917,1887.3504965327322
-146664159,706.8050314353524
-197808304,2830.566666223851
-1959148840,2424.783302848772
-845534274,2448.198669725312
-1920751099,2733.3336805810227
-2081873624,4129.841572070705
943080127,4178.537310597369
1486399274,3853.582760730955
-2026931703,2572.574103125885
-1159653174,2129.2650276062104
-1447578635,3186.604950036004
-1224710093,1592.7811432283636
-1367139303,1995.5219519279271
1634090267,12240.983296753695
1159846528,1421.0177986598185
1377629175,4569.435475050841
-1531944599,14672.004157098965
-710899776,2857.197218637886
-216308156,2905.0759841208264
-1606736629,1542.1418337028142
830531954,832.0223192661908
-941040065,4458.331986629335
711350527,2370.412860613146
-649265919,720.1359279190592
2014678690,2688.4260946150052
-287662820,711.2532733859887
139175058,699.6743995097769
1069733407,2425.749858543871
1294605255,683.8985638374662
1235962149,3662.3851582880234
2109567679,4043.4428610260866
786394508,11452.954437421638
1125003636,2945.0351682481783
-907195620,9985.952071652764
413435233,2072.1349870804024
-632137903,1713.6476228288523
1073511731,1267.4253441073026
-106511604,2468.355459560722
906274637,2136.7718022490535
922745070,2440.8604024092024
583740171,2849.4778636664205
258311179,2500.7206702207886
544254776,3352.690424685889
96313300,6542.137800718531
1283768210,1194.9431519441841
799520638,863.0990437454635
-28319545,2998.8295684644754
-1394548297,1279.9756622344698
1756697707,2731.390777053049
260602709,2819.6751237688036
-2050446380,3681.505469497298
357882150,3118.007376296037
352270832,1986.9011399201117
-1952210750,5344.8142606997235
-1642621067,2680.8119202359376
-191928772,3118.666255368047
1836287932,3271.075714880328
-457012097,2815.1030645736078
1924072817,2015.370448630049
-1088487050,4054.6820879752845
1630070998,2760.9693833108427
1482892228,2921.2007188720413
-1667326120,2981.977730575314
-929121117,5016.182447130568
-690440796,1821.24120262085
-1602456857,3227.4947471411983
-1345437176,2864.9881654693477
644618795,2302.411100899242
-901606221,3271.075714880328
-58749704,1582.2863959068445
141126810,2395.8813978934845
-1153917261,3207.829961684908
199831985,2427.292567731313
-743241546,1033.5325743900926
-516206160,1733.4419503886927
1284706573,1208.2076477871337
-581173447,2432.0289993877573
332193830,2240.230734214183
-1346714199,789.1039826813767
-904685853,3234.761994292232
567550266,2899.2658241698987
2005173219,4087.4219631836936
1312042658,805.04448566273
114446740,834.7902123783762
1691358656,838.4643138063179
-897194639,2455.6068192054727
-1241794731,844.6643894753653
-1086442583,837.1732232657517
619629136,834.828283782038
1951367648,838.363070223532
1967291582,1707.9901969399357
-729465151,2996.4993839527606
-321581744,905.9317614118739
1957781951,3051.4377571565024
1154862745,2820.8761557964413
-1274337444,2696.378624682099
2129184544,3875.34050814404
-674499441,3385.3057446710554
1474498088,6319.832118003911
-2039992721,2783.487189223624
767378117,2848.4320588835317
-1053201386,2429.7682337844653
83215701,1778.9291623342297
1773416428,2356.2975088582853
1591252589,2578.8311118454944
-771666321,3047.155681147733
-1122838308,2011.1247589460156
-1020640548,2422.009462387194
-1275252798,2644.191719250223
-1856899336,859.5969642497906
-1555950536,1009.4787914996733
-894561005,725.6677463813586
-346453508,1060.2488869757144
390206523,779.3447015933383
996313688,3330.412898422143
1697247342,2298.8193546039724
168090512,2860.4281688654114
-2040563078,3207.5807973625433
-222580275,1809.8883058036288
-171728840,3258.4824417708073
-803803598,2836.336353157256
535357270,2577.909543708813
791823193,2565.3535291214425
735324139,1667.7296168608289
1985869979,1645.8788206863662
-268349699,1649.1691772609922
-1082314771,1551.1735271430791
-1846985156,1460.2914485054964
-916581855,6720.523393287962
-692646169,2158.9947379609525
-1220481330,704.1545408775597
-1433326780,2626.1006316658263
-923725287,2649.252999189549
1918657348,2010.4101679768305
1357617662,2092.9226720943516
-1309983737,1253.594096050777
-1405424934,1730.811656369357
685313117,2740.9484369205475
694245655,1671.360595294768
-2051982934,7628.389556152036
-1561086364,1096.8108144219304
772805275,966.5382154595683
-576869773,1756.6854704499037
-2038190644,2714.0311109145437
-828336702,3518.0150613524015
-199792557,2564.055498359605
-106329435,1330.580830312713
-1076814679,1483.0280103898301
-691244809,3154.3554939751425
-777420596,2722.2345846058843
1152607177,1919.789083131236
1955605039,1913.8425140694142
-932360693,898.8699517649651
1187579593,1550.4411019172087
-1592330072,2356.239934134942
1943292489,681.8136291450787
1431891388,2675.253397642293
-682234847,2685.9629469352963
-1166414065,4511.709277790735
2076166405,2064.896600750315
1671369266,2033.3054361400264
-1003667849,1198.7944391953756
-1923530412,2940.4386529087565
-1519811236,661.3510892852611
-1253742856,12247.3659917296
-220690352,1730.2499258242904
-1279883815,4398.360601919405
-970881799,2928.875229626069
-872243372,4110.485600463039
1848512757,2991.841364104364
1423600721,5099.352123930496
-992864269,1569.28426474824
983988761,1382.985317345237
-45549707,2933.526243755676
1316142217,2388.9800687644224
1847859211,2964.6960907408466
488476392,774.1128467598282
1217764700,1822.6663515020489
2023660685,3218.23647193917
923908186,2132.9389344813258
-1652047731,3642.8761349022134
952638808,1906.9622346671645
-1573144839,2573.0622398520118
1314229196,1897.4077403805927
-205718543,2191.489047549528
454693843,10463.365264273809
-187688323,900.3388791892733
-412421917,1575.124288728328
-599018654,1617.339403197521
1646496684,2178.8196101161816
-1073210859,2137.9685819271845
-254833849,2140.891923062568
1485277901,2751.469944013235
-913073356,6388.045945070067
-791207778,13394.016863305695
1351922625,5295.315180959646
369128274,1980.6015120233674
-425127786,1114.9431329985887
750534922,2726.0952781317783
193565078,7767.995128874458
-707226803,3533.240360703542
-295507059,2215.224482053888
-773928487,2837.68860008882
-231893566,2587.6586167491737
787030040,3119.977843660638
1507718298,2531.0686757814356
-267958699,3604.44686770537
-2107684085,2907.6457448169454
-367992277,3433.9613255846452
951036005,2237.000193801633
-1272225828,6808.294486677243
689687246,2685.9629469352963
1477695908,885.6390072040348
1478945844,2190.4417721150135
-996136418,3451.5525551798232
1626446061,3287.8943307159425
2111226099,1079.8756788568908
7576178,759.1396458755094
-594666333,757.435327751555
1644703138,13286.09279819788
-1374496256,2124.077281493012
644907191,2969.929137670466
1299731808,2072.308000334786
594521003,1573.7009120796497
-148427076,1229.7314866345819
-874231825,3452.3537411292787
15972368,4615.644389639577
-1306362217,1654.5350982534756
150288758,1994.5455425978735
1944967505,4362.124166150266
933864706,3268.1038716338285
473399635,4785.920603206221
-623246142,4059.723119931348
-973679101,6068.335495654471
-1399351308,10631.255950873387
171034315,10440.322676366866
791551990,3629.0274573101797
-1003737937,3965.920646400632
1382765944,2003.751002171568
1018569479,1341.0576421150752
-1007905036,918.7165989445765
690042443,2813.0686458382042
413101483,2494.0005110277148
1543184530,5151.028933464828
-59372177,14740.059370854495
682666891,4468.5450831273365
-1547074490,2359.8075241320266
1628222625,1724.5467693356902
1956090956,7912.053492444522
1939393954,2691.9469430987465
-391568162,3302.2741930347806
56706542,719.0327150855434
-1536237759,1617.4690660610495
-2093899584,1868.9484009049552
-831727642,2101.236565825363
-83090910,3878.933998510011
1277637078,2275.8796389451163
-1230271274,2559.22137788012
-1158268548,6666.619720746979
665952522,2374.8647782649346
1869106322,2161.1926699575333
860141673,2714.14491156612
-1685515420,3160.4482871057035
-1084764335,7787.681925530044
1355843432,1976.187167506679
1175656150,2439.0318162529747
92084780,1633.7527143968518
-1709023034,2333.086803339072
1127940295,5260.903275944153
760692293,5420.049091060919
-1358260363,4765.754342539051
-810597249,2101.236565825363
1926297600,1780.808361563423
-1366675942,6216.136442417412
1549182667,3139.342267940851
-1323061128,3072.1878856205403
-105947042,2514.5253840596297
-121035194,2082.761981876503
-944798683,1354.2570705519988
1785220484,5103.6502932303365
-1568803165,2583.5963427611778
-1413726996,3435.9514805934805
-108726218,11998.26526094994
-1897382802,5685.042290861681
140178005,2717.378759271954
1324290289,4921.409407912095
-1861975425,3974.839602244482
-705799784,2060.597647030699
-2031347161,2080.580440556798
-292285652,774.1871619195891
1376224341,2897.9075037035172
-809419327,2422.8390693016145
1094334075,3073.9046988991013
1338982643,2113.3502245737104
-1988233651,2239.9616434345853
-2099137610,2715.7008733594607
1236405365,2741.423189942485
1588633420,1531.6402624471145
314569985,2593.550568547234
1078763634,2046.6750075928542
-1220489927,3346.4037547263233
-1219982844,2693.0027706193914
704192529,4168.40795735804
31459318,2741.423189942485
-1984810310,1916.003896202727
-163517395,3828.689444934981
2070367988,5429.9702109077125
1340559093,5739.800247572427
1917623348,5760.180025955392
1835564490,5648.637367225004
-1864337646,4327.705567805933
1109798949,3775.0179587433613
500209788,5426.021846259317
1683984666,4988.1468362199685
-34752376,1726.1617702091382
-45317888,1729.2512673878477
-1304126106,2677.520255924502
170808294,2442.17452814152
-1415423437,7411.684338954062
1490035132,19153.477377453204
1357898732,1947.290068429454
-735694602,2077.576154942623
628423887,2077.576154942623
-772346524,1961.2969292653313
1061526313,4003.8647031498535
-130430817,3180.0157578352523
-254550042,3049.591010413165
-383038623,2521.366759621936
386944973,2520.7458520927585
-231859530,2890.313816671899
-1972200241,3863.3638246169744
-771617907,2687.564528197486
-940867863,1889.3434561720442
490060093,995.2680790774557
968289198,525.6981873100427
-861898188,2079.118070353449
-1716516670,1553.7242106037904
229301579,5599.113985850712
1568059224,2071.069337842676
890957946,1341.0238268477688
1363697393,4177.615877568822
1107140757,1196.0137074596735
-1627753857,2419.1639262821413
1501354264,1593.4480250419929
-136983738,2055.645010618316
-270956433,1706.6716309394526
149028339,6785.682047163993
-539327635,4044.4487971980357
-1062399016,3025.133274510648
-1267927703,3323.964983037722
-1726354027,3323.964983037722
666994021,977.2618927920549
677964339,2299.7313601603505
-260187380,2272.1432208333295
-1498909288,1301.613450572877
-854963965,2246.28171644205
-607723971,2125.536290926368
748104624,6098.623056900875
-1859980331,1614.8610956210255
-1718260313,2077.576154942623
-585327673,2070.578184095067
1887339817,1802.6461027826435
-318109435,1696.2570147891295
-455465226,2159.8221624795056
706629649,4013.9379231564512
1857393196,1746.8449866993444
-310029036,1731.2261115076915
2002368966,4293.93780566617
401985039,802.4221677675057
-1033582980,2212.971246101074
2022437108,3823.5091807762983
-632007537,3280.9683818509648
-546475859,4344.402161079699
-522585445,4694.619237152231
-4458697,4979.360260681483
-565544922,5199.871147639337
-833446468,1259.9525469300568
93311359,3528.300470698329
-1797074649,4081.869504746373
-764919283,3646.4139981668063
-337456853,3400.461577475174
-1493419649,1550.6944001296845
1164170125,2261.9715129776255
-1461464173,2474.0060683114316
1184746891,6185.613468171951
2105871423,4484.450230654078
-1275359316,1543.9739855914208
-725789044,1660.2991083657303
27773977,2823.544069015317
-893027861,4077.308378620376
950982876,3984.7007744786974
888524397,4067.7405157738103
633132369,1670.153840104055
-755750533,1979.3307139408582
-847698817,1974.8461056387707
1984591535,2820.4162024871366
448905552,3400.461577475174
-171610805,3791.7182946553426
-1155954295,1856.1127815207556
1731420840,2707.36932827252
-423881073,3248.307485254192
1907264038,2281.597332798685
879418025,4057.902586718447
-1212645271,3222.878549904925
-1622712694,13449.176647170487
2030727878,2770.723459702326
800855705,2385.0736643049618
-2035594129,2776.2542195457627
857325383,4675.771881866173
106390493,3791.7499351587626
166703022,2730.107190403713
1816006491,1714.4233696389656
-574285889,1863.1403294245208
114650955,2121.8406884602614
1143564291,2057.2293480038315
-827634562,5680.212673962986
-1273298618,1612.0524580644394
1897515517,1363.1387311890924
-175019638,1952.0666313905724
289382534,2057.2293480038315
-339673363,2071.534956473536
-1047921773,2057.2293480038315
1895636711,2078.5585798762345
-803016326,1906.6865604610605
-596015874,11395.729236669024
1871350293,2634.7444088522784
1222431303,2161.8286959535744
2097621357,2798.26411840887
111507578,2270.0576855305985
68936072,2505.7908000857256
-880296777,3129.992469548598
-864680929,7023.293965555564
1712521988,6776.604224206875
-1236253637,1814.8741338939587
-207178826,5992.500981071614
1001638013,1689.435705073742
2142462746,4696.747228767166
605933109,1628.5724422968394
216288406,2383.936595406437
1742125071,2820.4162024871366
141438528,2820.4162024871366
1026836884,3388.9227373885315
986784910,1812.6161965548313
462814772,1821.4427619061516
1017497583,2979.5145706435796
-910297655,3926.664628511613
-1110064860,1405.9778861220586
-496631543,3266.8299513581624
-1812606979,3012.35667345072
-195646093,3403.237520276938
-211983695,3799.4701203994537
-1166076534,3109.940498584563
-922061914,806.3866456599451
-906355100,2738.6104002518814
-234947757,2561.2232663244486
-470133367,2522.0448087895943
-1109703070,1802.0068862759565
-1163745081,4114.93435205625
-1146352729,2160.323488861464
-1138948847,3123.847094360902
-8009533,3550.40457465791
631815359,3716.7388773853013
1242812800,1674.7795467770482
1289214382,2172.1055573050176
1304323934,2322.0952545072964
1608039649,2220.7104744367616
-1135452317,2261.7288689491697
478225143,2253.2373257769973
1784756356,2189.217116400116
483250737,2239.426072780146
-1015261648,2801.2296202493135
1005337690,2191.9477483124524
243856828,2212.466038081797
-2053548385,1950.8463230692112
-586540259,2267.7308181856843
-1362580330,2259.923502148547
-151569464,2203.4657629026397
-780403347,2176.4468839533533
-1666316818,2215.1060944693395
1412240282,2208.05527823424
778572686,2332.740836680773
510056754,3138.800379713333
-807782081,7397.201813934344
-620489683,2312.621734947888
-921359535,2305.6810189560474
1640032853,2707.230174454116
865903076,2036.4957193409468
663934234,2432.5730965616967
1370138099,1376.798631691345
-637448637,1250.0790090066303
-2034841656,11272.686625931037
1319782368,2139.4492650126663
1581893187,2894.9836634221997
-974707577,2771.00795560539
-1772402865,2181.5742461699783
1260763396,2124.5715348017347
1503939295,2306.997563064716
308637262,1984.497859886322
-2055199495,3949.635199382889
1581410678,1426.7039203146255
1741381629,1359.5590195862999
-2065965551,1500.658736930479
-640484782,2415.900821243391
1550130726,2140.9825309292514
-1434442353,4445.896139701647
-2029926521,2101.045853198708
206577639,4372.115110940419
-1451177000,4309.7044178966935
2028434480,4033.180329465473
1755100486,3151.220411533461
-311407409,2683.7688338191942
-1483632548,3350.5275091910366
-1030659188,2690.044744743817
-1728739223,6302.823701059871
-1843601639,2696.828541907666
1176437349,2696.828541907666
970391485,5604.491755311673
1507147511,9955.223816722846
-481402759,1712.2959403827147
-193932499,3169.500592574733
1337929479,2696.828541907666
-1999900338,2696.828541907666
350237951,4260.404523120263
1411624995,3940.7470888261223
-1082686440,1270.4594890707951
-236935792,2279.5260667178113
2079239811,2924.86240314938
820489551,1862.6535417319178
-388897984,1576.9165291972442
-612823138,3209.221842624516
1489859550,1529.4452284042502
1071718553,1591.0088407578098
-279718359,1670.3903656738503
2105652076,1782.3066017260671
1545842756,1524.8676551444792
-611735090,1692.5808593526149
-1911640841,1796.3476463080763
-435041046,1530.8798901781668
1815424518,1145.238872641484
-554031177,2010.5091604994143
789765274,2058.597831594857
-2054672874,6997.377789355737
683835108,2510.272640672649
1708505956,3185.433117292175
203905581,2289.1491066850026
1354764625,2957.660905907462
1529758607,2738.6104002518814
-836183166,1743.4968196690108
650102906,4458.4346715141555
-1633612957,4481.7619707137
928853774,3392.022598943325
-1909347301,2025.70288281312
-2113332836,1749.7804611620966
-2056802618,2795.4156992173635
-2111823003,2983.184261981026
868089101,3148.3926428966834
808575399,2839.042867528802
-1502340879,2680.427012572774
1654081293,6756.618531552166
-740326753,2718.5753871543848
1893090737,4905.48503061327
484898211,5094.7660379873105
196575410,1789.3572772848424
1037111445,3597.3803173304846
-1860495470,1740.296416707635
-755986371,3788.964489839207
-1852592139,3818.925648965034
-192922848,6824.8591978102795
-32991748,1967.337234222496
1272796175,1744.860020524669
-1952691708,1442.9366533748769
1501606607,1442.9366533748769
-1566596544,2487.617790967185
982087707,2634.5321846577353
1900416106,3869.7882604601814
-1554982716,5425.189182498301
-1049730181,1917.672937630585
-776034186,2182.9202458236923
1497365834,3053.2360295018448
1185343675,2357.9485984809767
724085909,2515.5311870942733
1650808038,2633.2406570842254
-196379251,2478.0179424911985
1084936650,3798.8835649610974
1153595650,1819.290922233963
-564957778,11983.72006331583
1334760087,1456.528465685562
-491552240,2353.6725438789176
-1414187437,2438.3852862972726
-1269984490,2400.010672349643
-1125393284,2482.174768355102
1006214029,1442.6246195341666
-1457178289,4008.5282989650227
-470971450,1442.9366533748769
231416636,1355.2563060987009
-4523503,1442.9366533748769
2143811681,1442.9366533748769
1971091483,2894.639735817312
-1530965667,2200.377988990127
-328989544,2210.336247007521
943339394,3964.731559493303
604322254,2061.044694049076
826305466,5079.547715399593
1846265468,4969.210318488727
1569875117,5227.112863344832
533673766,4976.710324126328
-988993345,5542.402184817043
1426041578,4976.710324126328
192285780,5229.763585932636
554601782,4976.710324126328
-1988897867,5123.885615352018
101977186,2461.951096437039
99950082,3418.6372987699488
114413984,3276.171005397977
-1090205713,2723.831336616598
-601957572,2396.162328072245
339781141,2086.4162126493816
677120023,2564.72791738681
-158138711,2201.416822548299
-448980340,1890.3135827293254
1223851359,2375.891268407438
687091746,2477.0139050673306
561843238,2758.0929170439936
732905656,3189.7749794470355
117418726,4878.364933143516
-1293272749,5116.163858057123
-1905449153,1169.7253646257766
307570835,2631.0300687635313
-365156900,2712.0983377542066
250005100,5750.440200881098
-1548673947,2353.6725438789176
1293481747,2474.1826835906013
1640828837,2633.2406570842254
-175168856,940.967234526542
-286124108,2471.5315928159066
-1112374040,2719.787078031977
-1206093763,3609.2519856162894
835947519,3058.0860342602114
-1680103805,1591.2545866902367
1389741695,3091.8309554866723
-165011531,3280.698226640945
-1009309656,2464.4037841675718
1270009988,2650.666875709574
2029810249,1436.8013968063494
1026546383,2291.369583760376
-1057145439,775.4054825373216
1608251849,763.3301140920769
-1687159052,2471.5315928159066
1109434020,2602.3410963603806
-51702712,2471.5315928159066
-978732563,6264.517056060907
-286109443,1205.5931247288515
-1242174343,2140.9318172000517
924701072,2821.5469633051134
923282812,1980.153285627053
2079092788,2520.483946731675
-1591216884,2237.144001099568
896326072,4917.240312433882
-953557163,1769.930449171018
2104858194,2528.401641540447
-940320888,2075.3798015153225
-1070147573,735.5010617436895
-1008382954,803.6163489167833
149120605,748.796316025116
1013831892,4316.875087293912
1711410889,612.4112036358202
1511436285,916.8127927713342
-1785028418,2024.6098833338592
-1464019281,2633.950537967123
-949608591,2161.2829524171852
-1109531130,12446.153375039386
1465779380,3145.9596127258974
-850687356,2262.907927498119
-1277062934,5651.678507914748
2078631442,2435.925522037361
-1215452033,2262.4391715927486
-2083931924,2041.622750141161
-233373656,2826.4166280527697
-640381355,2777.6460644111166
1346066545,2005.5948268370284
1792121157,2775.7866496491615
-1294865737,2835.8389969815157
973724539,1294.8390141729847
