ID,TARGET
536526,2039.783736029207
124137,5555.0706329472205
164216,3711.822004302596
541629,3002.5481358672237
572504,906.3176051324531
576358,3414.3253254022184
576710,2354.725449844597
617961,850.2290719675132
256825,1261.1019193631375
256838,1303.8751721874262
276621,1273.7762287245862
722102,5276.6257841837405
317428,923.3823108182974
746868,1754.7034394006128
776764,1849.9218197830737
785113,1047.2976334253526
791056,5789.3319235108975
821841,1057.212089012001
422071,2656.0406573631667
447142,1273.8725898338348
469638,1834.6223350597868
499401,3251.764068589514
836523,2761.965741785309
1058429,1356.4007423036367
1058555,1770.7183481001168
1070360,2436.3483141641836
906294,3791.6652167458374
948686,3296.0365043491047
974082,2753.8530443590957
974147,6059.953215190169
1016722,6013.666464896129
1197074,2280.4131985602794
1197075,3806.9396848553674
1230718,3981.863837768203
1230768,1800.1260111498743
2328304,1394.0240113675973
1283392,2549.109598407904
2476233,3542.8753866669795
2630989,2413.599480726138
1476508,2431.6785984999506
2792620,4794.10531996438
2899452,5839.088673027908
1494112,2291.369129668694
1529536,953.8901182415684
1635900,1886.8208405191176
3160121,4394.713944728924
1682486,2221.7308828898617
1725117,3434.470282269979
1777144,954.1521866817781
3302466,1788.5162449973304
1800776,3070.5795487198884
3305340,1227.3489502853313
3357068,694.9471800920834
3366207,988.6676612076726
1991233,2771.216592612876
2073897,2435.9458842936046
2076890,5141.560316555358
3670885,2449.376521887598
2242689,3972.06935065374
2255561,3866.480459003962
3882914,966.3127160992344
3938250,2187.6339184243902
3975639,1645.0559927384845
4875278,2282.175707450754
4876386,2852.196897445973
4894884,2929.818931265379
4964466,1748.1551567761644
4965075,1783.9403735939359
4966009,2303.336504814294
5129159,823.1419596171697
4317490,1377.5146864091023
4336868,1078.3369763802634
4359997,734.991634819432
5228368,2314.0055756705833
5228870,2303.336504814294
4373763,2730.07659400811
4399839,1020.8310263835695
4425965,8033.96015026255
5276509,3551.3851771287414
5369220,2061.8251479483897
4700162,3611.417250930822
5999514,2409.8280374020046
5663555,2358.9902013647297
5699793,3024.6973602187168
6097022,3444.3422712750007
6110739,2493.562631800155
6185529,1369.8713928635275
5849499,3504.1401790173973
5883037,839.723840736168
6247930,2835.0623096493305
6265781,4888.563426797316
7147544,1170.5853514634364
6383915,2862.580505854068
6396412,2472.279674401243
6396593,3673.43621401209
6396705,3612.9319620285187
6396768,3746.2703531090756
7286199,2569.820824270851
7308739,2698.180073330563
7347985,860.798491827682
6397173,1843.564359288466
6397391,1799.6527319314212
7398954,1178.0257120077904
6539491,3807.362554779782
7516417,2690.7843213167794
7544139,797.3631298173216
7609047,3796.3790909187624
7624698,1807.6881224719234
6726060,2148.33388715539
6807419,2875.194245320439
6830335,2896.836390653732
6857328,1801.866718582702
7694308,3815.6478647449203
7798700,3335.870647216772
6872610,2626.37183851176
6888863,2075.109928053365
7961923,1830.3482025715227
9133897,2273.4321463774213
9535857,1604.2929847105572
9619901,3321.7103269342156
9643063,2188.3001240659664
9643721,2248.4872343962647
9691789,2093.2606532811988
8353475,916.0456169984038
9746708,1532.0862097007107
8487113,2966.5881698348753
8494202,2784.942956817825
10021249,976.0212654859803
10169093,2634.096883008037
10169885,4519.377401288606
10217879,2639.9799302517063
10904917,905.2217529510373
11108135,1884.1828743341243
11108459,2510.8038059163596
11367083,1906.1102519811884
10880583,1231.3092454270525
11569859,2961.9269585209854
13245433,9014.015560335589
13354965,2432.562254063714
11897162,2199.0581082656036
11943101,10714.908272747582
13635297,3387.305033039683
13737198,2227.64681420069
13757460,4795.871375867385
12291427,1273.488862999418
12313405,2680.029214357655
14105621,1639.0016436372043
14116240,1886.9398794328233
14172532,1625.7713647616422
12949764,1016.9055033288416
14282030,2799.3838210817144
16214707,2273.761754062205
16224811,5370.7976777851145
14640985,941.2828361486536
14767638,2181.2812819416067
14768021,2189.422792390603
15216489,1198.7154720657052
16374377,2309.8831916792174
16431953,905.2991065854997
15278140,2157.165741276829
15488666,1583.1864731445073
16825239,6420.633598909456
16052712,910.5612934695286
16129030,2368.485760322707
16129362,2138.8342350356384
16195498,5121.433847562234
17095155,1076.1107470467646
16214034,2269.9420318880448
19451013,3318.871074656435
19493639,849.9498731759788
19494088,4195.155789349588
19494236,1762.9538085597053
19495103,855.4925566962188
19495213,859.2312618195049
17275805,5503.942067223123
17388034,1424.6449532194972
17442388,991.376163359759
17458891,1053.4976270581221
19819308,3874.6136848723722
18205594,2601.525175055152
18318533,2078.818567610056
18367636,1274.7200766342064
20265883,5006.255210501703
20268468,687.7360796470209
20462823,4008.408658748309
20521666,5101.558589673001
20587101,3569.4048809456644
20665409,1438.0494357432278
20718320,2320.0915764972233
20865363,2283.4957846361917
18959983,1715.4961486303387
19013730,3084.402093429347
21116087,859.9997410251956
21147216,1577.623515093818
21258956,3018.2506912672466
19421661,5829.800461406429
22409064,2096.949268516136
21739202,5988.371662593412
21953868,2837.3024825554976
22509789,3878.364447531445
22203842,2341.3854504734422
24496813,2280.6207115646102
24505378,5248.161282257096
24532993,5956.247124363811
24581064,2983.7448104042164
24585878,2575.693163948553
24643897,3206.8099593789816
24788910,1946.7654743245926
24803402,1214.5976381896658
24820642,2246.7736120808217
23083488,2341.4163624593148
25027762,2288.349360183141
25028215,3809.8596547813145
23083701,2341.107500680795
25069056,3636.978358248583
25077014,2163.9422072174993
25186882,2308.4854165996244
25248977,1561.048447674451
23373769,2331.8042751211874
23458427,1122.5224619906403
25335787,1041.2422171017415
23673750,4081.0983310407923
25456100,2651.584680073018
25842439,1911.7724632993495
25935019,1906.6957247725543
23962488,3410.6128795943755
24167430,2289.587105668478
26103478,2363.971482808271
26181802,2274.1275021745455
24254120,2295.845335104594
26886761,3063.43107784259
26614105,2953.8612399216872
26714949,3344.6833118988457
27010906,4063.954107546661
27158854,2513.401376201005
28867303,1947.216201726086
27158855,2601.5907148857254
27242744,7713.112338879071
27282790,2529.562118807463
27304334,2734.4201422659335
27399627,2372.038461227268
29044275,2447.9327687397304
29069333,3265.3612245255626
27454362,1805.5984256582412
29185456,14660.9300536611
29231538,4000.928541113494
29232198,2583.187397186005
27693630,2110.189391973698
27748221,3235.3989745142394
27770174,781.6806022873151
29304801,1804.0642633679743
29305257,1853.7489520461438
29326255,2294.712938447457
29376190,1800.0516078047274
27977458,2327.914821539196
27978311,3035.668289096211
28017108,2443.383428604567
28023221,2706.0435513916
29425513,2255.600333644234
29431592,2091.828934519204
29432607,2085.3119968721885
29432747,2095.69471850986
29432887,2257.7396570232513
29433359,3033.067487928333
29433535,2854.4537603010804
29433592,3023.724006400816
29433661,2976.8382174251865
29538417,2435.2149606912717
29584188,1022.8888519441947
28325109,2711.6926547614153
29676486,3067.066842113786
28454183,3045.243235626867
28714177,1495.5421271621335
30087365,3573.831028559014
30123811,2771.194117195389
30307330,1608.1223206516752
30385260,2272.31398447965
30724485,2718.110778495956
30794541,2269.9420318880448
30794884,2343.165365306673
32038855,1749.592550633032
30970303,2679.3564725352517
32209035,7315.115780270231
32304743,2735.150522156609
32345857,1103.2093827280191
31157943,3423.3291147305245
31158105,2729.2721409396836
31158359,2786.9831614008176
32454909,5671.38802329673
32483976,2270.3480015944733
32486062,2382.097613475639
31220751,745.0796067279271
32735260,3267.879419639463
32754439,2726.3431379511762
32800234,2782.8936037569742
32808328,6078.1854596321455
32810046,2955.655584882812
32810260,6073.264911436257
31518063,1035.1069423737008
31576506,2883.9997396632543
32851778,1570.80342951943
32851802,1625.7349860085374
32979642,5367.8670577849925
32983910,5838.863116029279
33005655,5483.372441988732
31631381,2098.195042059726
33968922,2625.6864583678794
33042945,3005.6772290295776
33066857,3824.4252438189847
33329713,2216.267509758279
33416022,2374.6313046704636
33464222,2310.378475948903
34385524,2682.034659343153
33569737,3710.097420351651
34461273,1972.0936579595257
33629143,3227.210744310558
34535708,2945.4847981301905
33676494,1283.129126667837
33701473,1714.3049364327574
33716628,2310.378475948903
33730238,1311.7220377360954
33741163,2474.9128931689115
33768166,3192.6773857690478
33773970,2683.208880947124
33777965,2291.659654882689
34611347,2478.1780943087774
33796290,2362.646415391719
34651818,2654.5995718847453
35248675,1785.6016616254856
35280259,2507.6726211560695
35287740,2305.4294855704056
35399617,4151.397668995768
35404739,1828.251414114373
35537425,15153.109602250903
34958669,2601.0870014282004
35667368,2904.5889357048686
35076163,3489.5787875535475
35804989,4183.269220495789
35817498,2470.4037388804895
35891255,11029.366545842277
36314037,8168.773993633815
35984233,6308.437943552438
36555311,1766.7988404033072
36053623,2282.8125615405083
36098206,1204.3426840021941
36132385,2301.819605094779
36623908,2705.747555371396
36627413,2633.1299701239654
36167799,2757.7016284823567
36169675,3022.378373564706
37346090,2123.371957357338
36629024,2628.71625922074
36635929,5776.701092364389
36662938,1780.5322679363164
36667518,1175.6862868627734
36714192,2688.93271557404
37383860,2541.580460429006
36717191,5360.2095872232385
37466694,4356.320430935292
36766324,5401.7748142104165
36781488,1816.2732760473662
37581153,751.6516745380544
37699162,8228.174228259835
37818579,1038.0410711252907
37835417,2448.3489599772533
37899887,2723.4970765818466
37900973,2114.1496735329674
37178693,2436.2726572793454
37180008,2420.81638710214
37907063,2239.311401097305
37907596,7821.7101976832355
37992810,2692.1700580336424
37200172,694.9832833483541
37249678,2793.8307580477895
37252901,2527.8004098498063
37264968,2270.592285162347
39073771,3042.121566421871
39074735,3980.4199237861835
38279898,2548.6890496914057
39147838,3042.121566421871
38341701,3301.407710876328
38360978,3259.0409182557364
39190443,1061.6350425552935
38371983,2864.488483850485
38404061,1755.949595838409
39220525,2285.257007748354
38444496,2269.516592208725
39272638,1194.4582345704612
38505862,4335.308808687409
39326455,2893.800265392096
39379486,1892.5246083463771
39387407,3097.7864675448504
39400711,2015.7395328977907
38698419,1100.5262466920963
39545144,2098.4066585523105
39545499,2757.290025294939
39545722,3635.840584100099
39546545,3358.4277645118746
39546764,2137.620694286535
38792753,2590.609814324236
39577494,1241.210727147745
39619497,3901.1332570840646
39630411,2366.648426263285
39687804,2313.4232412481865
39688262,2343.3573295568126
39747811,847.5053414994395
39787252,3038.6544190489485
39799282,1755.7144135430715
39799322,1752.3288536114042
39908541,2536.6609209160674
39938255,14091.91815612256
39945873,1560.316330578594
40028422,961.0324782638428
40128030,3062.5167863396764
40308551,2855.841893303284
40648448,3693.302654163567
40649705,2182.225546081639
40651990,2694.0004409845014
40690002,2674.762873870486
40408929,4029.850668294399
40408952,2388.059183117295
40408997,2545.7815103236812
40409037,2538.6871335760884
40721224,2287.6104906528353
40727670,2199.9480087804573
40727817,3618.758960127882
40765607,3582.0124527232215
40814204,639.1583406278088
41055386,2225.1899568604736
41055389,2289.224169911966
41056120,2200.8611709621996
41056189,2280.8539427072146
41056449,2200.8611709621996
41081095,931.3656705469118
41125206,2757.161106162701
41169627,3751.418518547817
41174281,3034.785777091822
40946553,2106.2812762865437
41014325,2676.729804130156
41020253,3490.8615114755016
41020666,2783.8026527896914
41021057,4397.718694325552
41021410,2794.877939119117
41286273,4219.169804623919
41286903,2504.132841953182
41287181,2475.0254127626745
41287537,4168.792144213818
41311684,2349.8874209795467
41328700,5090.572052572317
41332452,1822.5331725661226
41344917,1601.8215414446872
41345191,1739.2614578531632
41345705,1842.105884908999
41426427,2236.584713156355
41512808,2958.7663393539797
41781335,2792.579736663826
41610141,817.2785021412456
41613197,4106.284861519961
41816934,2776.6545961604156
42655044,3167.3553992868337
42673776,2979.2580792419108
42699736,2367.793771323015
41916918,9379.6152810159
41978488,2999.846088411304
42812184,2726.2067480703995
42812351,2704.174846351976
42812424,2699.693044452958
42113785,1059.782573604713
42147771,2112.364058034348
42836916,6015.371727428327
42286821,3994.325007669793
42885596,3067.4665934577793
42909202,956.8830544254923
42301737,2631.4081427410197
42340484,2071.5856109230776
42360059,2172.037995523328
43075146,2912.8069177986386
43075597,3104.0770811916495
42396426,3773.5792341385036
42409442,2459.5588527889413
42467822,5815.977193027744
42468091,2716.6344572700064
42484463,2721.077370267121
42497546,2044.0346030135993
43299186,1143.0363412095212
43338999,10316.732695113707
43390307,869.4783733419488
43408890,2127.46870894032
44072884,3106.465321380863
43701131,6658.575543748028
43771041,3148.278398632535
43771272,4239.413114284464
43773000,2292.2788149544695
43800385,2292.2788149544695
44176398,2501.760511994103
43810591,2334.4745532871507
43811074,2288.1835166598376
43821610,720.7267313063509
43825354,2335.1520183468037
43844062,2770.9341634852562
44176565,2145.6667769498094
44177156,2541.080680851538
44186866,2581.5126744531617
43907408,2217.6225531160453
43927576,2466.6575860133403
43962114,3111.2949105242187
44256775,2263.9056183788884
43986057,2839.9980408796214
44022873,3469.000285479208
44306102,2309.8146297056765
44448828,1801.627809999879
44336077,2609.542867988713
44336361,2591.5270263619605
44336473,2505.650776850526
44593413,2423.7031921971434
44416595,3931.736098530245
45137436,6147.235516572988
44736927,5242.929663273098
44950947,2406.9378555802696
45212989,942.8569186069179
45215197,3566.6705091670633
45217922,2690.450041056202
45064008,831.3571622662505
45250854,2459.1820377261056
45068493,2355.6341568266066
45251409,869.2613925148398
45252492,3708.00294969997
45074688,2793.8367055881304
45285025,2461.486040106143
45418918,1971.8288203977618
45423187,2646.110499026974
45431472,2536.978546761445
45476561,1987.5773737048983
45482148,2651.2101204392347
45309038,3818.0602514520833
45490926,1856.0518620364478
45311187,2715.1490026377655
45316955,1291.8701712601876
45332194,1191.7831947299103
45335374,3841.871599739611
45390407,2329.7983069273814
45558029,1924.1163147977336
45569546,1736.8997732163414
45590035,3006.7911865375254
45592974,1819.6096440793642
45714225,3893.465946519892
45719762,2142.074736645093
45638494,3225.439185697366
45729434,2213.9672528585515
45662260,2446.9966988226147
45679662,6452.095287449165
45683043,1919.886636627959
45686506,2232.3650841722338
45689514,2635.308227953844
45701379,2613.0373512860665
46121273,3030.588773924982
45778730,2298.8366197066293
45782340,2661.500530162951
46127165,2549.910404690393
46131921,1852.5000978783014
45795273,801.4803535501884
46220717,6124.790032526219
46259971,2810.5689501231295
45813760,1768.739171104839
45823925,2363.0384101985214
46297285,2776.5460864214424
45851904,1748.934539495072
45860005,3249.900469017491
45860397,2468.3802695004015
45860426,2206.8985318493555
45862070,2401.5727860082166
46332335,2938.5898410706145
45880312,2360.92932181326
45889320,891.8950010207155
46378200,2797.6165910563577
46378474,2761.3724930960534
46413468,2359.76331060378
45901944,2102.5251152819046
45906616,2221.2330696919457
46430199,2386.9986913287034
46460552,1962.5166347422382
45932646,2814.660443086008
45971219,2601.2348886264567
45980822,2350.711838481866
45981053,2542.615231826431
45981681,2548.8226695866497
45982674,2331.8526023982677
45982795,1971.2302130990906
45983096,2575.8738580765885
45983183,2590.344724878075
45983362,2535.5931985605844
45984568,2635.6077233509855
46050939,1107.3974408029394
46061027,5172.644666277955
46547011,821.3678899617672
46557088,2449.9096340847523
46578982,3317.4092142106483
46660731,5226.616262012733
46685336,2704.849459078751
46861021,10433.178121310366
46910784,2054.4177948835554
46910892,2089.5264548839887
46910958,2086.364008494484
46910967,2089.5650714715794
46911000,2090.3909830910634
46911044,1622.339508355783
47333886,2131.3771106667014
47337626,2564.876929468559
46957185,1677.347313215833
46964771,2029.3506294718973
47369273,2558.290697808017
47418248,2781.3046556372487
47420904,2361.234024660239
46983572,2736.8215803684516
46983674,2831.979670928009
46995919,2826.718425241524
47066510,3179.0095718128064
47439467,655.4661336518269
47112721,2212.3914753377285
47112974,2379.145865466807
47113023,2588.9247791878643
47583521,2165.803518882764
47596748,612.7427619330866
47764909,1733.0225800115925
47247841,2511.204790214459
47248526,2312.491097462714
47831671,1010.7080946338583
47850807,1056.6171920565932
47852614,2365.1761876867317
47864822,3228.7093364024217
47253120,2493.131767266723
47311999,2781.6126632340824
47949474,1975.479547161031
47887789,3902.172877522038
48604043,2831.0147517828063
48639224,1617.3550559030225
48650690,2114.3019203251724
48650909,1951.5076118015468
48651096,1805.8326143124277
48651210,2641.9826617885233
48129349,2283.4789561832904
48693701,1611.5465569811179
48210494,2730.07578726125
48227345,5269.205495542913
48237067,2354.3099255531124
48728484,2576.591364090658
48238395,2684.54141614685
48765825,1622.2426972285905
48298469,862.8178917171912
48298686,957.7839233776251
48802640,3555.895544733661
48805390,2597.274655809056
48342931,1606.2308448661672
48343734,1609.5287548200047
48343770,1612.5970851076945
48371017,849.0970266934893
48375012,758.9597308951809
48876045,1674.1416568108382
48395007,2479.3744143938443
48537500,907.9065475508324
48538636,2752.7903171346825
48548945,3825.4194556511347
48976464,2169.819460226839
48996600,4693.198510575093
48579952,2272.853266142724
49041669,3210.9230898956084
49068771,2324.907681254832
49068942,2272.721916736879
49791492,3891.4527524392242
49791878,3699.5897611623054
49791989,3716.5537311878497
49792724,4169.217206463703
49792860,4188.163326483251
49795390,2738.372614306583
49810034,2074.124675556933
49810282,2628.9339789285764
49816162,907.6393595436676
49818547,887.3488612579276
49857079,2845.5333879736954
49151706,796.4268857750412
49210411,2738.2093907823783
49238775,3957.3029816113435
49921807,2980.1027807750047
49385781,925.4663781571932
49966500,1998.967657353907
49436686,1801.2556215898671
49471118,1014.9397858262458
49516866,5938.118155534163
49524128,2827.6881533432424
49525685,7114.900028064147
50095058,2223.2566723308387
49745459,3683.6309183080148
50133883,1022.5557540153821
50144171,5292.721351146495
49755944,2695.3309513673726
50177244,3021.9200728732867
50255906,2719.7725355253383
50256036,2734.680066178602
50183466,2918.0351941185277
50194584,1215.4473318908097
50286609,2982.0611662200013
50294455,2657.6553777461277
50306858,2660.998262436347
50242302,956.4902488724405
50245322,5648.674789520059
50307437,2721.7957940825695
50307645,3562.2469318610256
50338986,4684.134452560599
50371023,5912.237102403946
50671086,540.2581323043922
50687720,1781.9010446030031
50688152,973.8554123509849
50389206,2588.931683722145
50440351,2494.25250981941
50694704,2552.1268344762816
50743082,3184.8295594585384
50488234,2104.840539192316
50488792,2108.4287914331726
50489036,2295.906947473348
50489589,2033.0174965973672
50499975,845.214984347634
50744439,3211.831221824992
50744694,3617.385556474049
50522739,2052.671864194923
50762314,3839.850438933166
50567848,2680.5384494783248
50786020,2229.6946231484403
50580580,2510.4081556029123
50792463,8479.347142492465
50801900,2183.4544494983475
50823210,1705.1698041984578
50618131,2933.9034801162506
50824067,765.7407851404661
50836509,2332.00238178981
50889521,1821.5843792419807
50893019,2286.4207762677165
50907967,3039.7752815829654
50949040,2989.8807158665004
50949348,3021.631220505802
50949621,3615.97698679127
50949931,2199.328068113006
50964877,2841.065111119266
51013432,994.4957225581666
51014342,2333.448821886845
50857816,2538.742194569302
51059089,1928.4574724882484
51065302,2600.685821469574
51081653,772.4043480213336
51335641,1072.1612233181013
51339897,3150.352039071373
51197832,3361.344934744865
51199036,6530.536358210117
51206961,3052.6747542018097
51247178,2128.3685515942934
51399706,1940.857524772893
51684496,1855.2273360873728
51449118,3029.8290445948583
51484701,2224.2837095266304
51728996,2312.9882081429746
51730602,3092.2675577488462
51515235,1850.9863784582644
51537212,2285.13233824028
51747297,2829.112049424481
51770428,2769.0301428826397
51796726,2721.976841954881
51796753,2771.551838976226
51813233,3484.9060439718533
51833739,3377.648733497018
51574863,2100.3949983434863
51625788,1078.9191014023897
51630379,6441.929782633247
51900942,2885.382647288416
51953658,2642.5164760997036
51963834,860.4434808437551
52378614,838.0203872014862
52047708,1873.365927706172
52383837,2301.9453093447496
52066440,1946.3841596325367
52066986,1838.1370460940514
52068972,1833.5163503553404
52072560,2492.382875450517
52404521,2582.3960958184102
52404800,2666.9812352166
52404937,2660.5011826666064
52406663,5575.104202164071
52100638,2726.598244639851
52101689,3474.4495410571785
52426829,1488.4853977563175
52121451,2273.8076501316446
52438710,2630.7358341167846
52438895,3026.0960595671036
52441068,2494.860529969747
52441245,4153.684634422242
52455348,3257.0041553123724
52204477,1844.0551491335502
52218452,2359.6312927980375
52469892,2189.0238002833007
52487653,2022.7700071630584
52491020,796.104935516115
52279359,831.0489262848602
52305852,2243.4995691425606
52311275,877.6346847302808
52330013,2088.401553202597
52548032,1686.1008697174186
52554429,3219.923177377203
52333476,2649.3029619782205
52644534,2838.297626500834
52647271,1122.7242875128047
52654739,2282.474739951482
52666351,1829.9228232012997
52671867,1090.7192569483166
52697485,1240.6910306965485
52605024,4911.018678974552
52729395,2950.0581098859693
52729410,3133.414051290359
52734881,3285.07863607747
52747677,1805.6983685061539
52624535,2032.1609654483482
52782653,4254.627307917929
52628155,1740.9707913016753
52630508,2405.312424094821
52782674,4877.68632141063
52782711,4836.091039557787
52786178,2467.54633149413
52793183,2319.991966852499
52810823,2734.7560255483195
52819646,1726.8433548373991
52835687,1858.0804174646069
52839785,1152.8521888637144
52858770,3004.106918105448
53057720,1626.985701518686
52880972,6572.602704773327
53061569,2604.633055592267
52936589,904.9127070219658
53270086,2805.1331746826536
53131351,747.4656819540313
53364880,2726.142960626873
53367338,735.1248897514035
53387992,2199.0766212590415
53398067,1738.238476400477
53407429,2915.7568787376404
53211825,2374.3543265805174
53510991,1948.792289405747
53513374,1611.4151738751248
53514617,2317.958399416327
53521930,2330.4492060640982
53447309,1424.648510382519
53506631,2013.289948608326
53769649,4963.671867096174
53771943,2307.647620827694
53792802,3007.093357187435
53608356,2721.118879543858
53617488,4893.780780914069
53617730,5023.205162114434
53619808,3382.4629197093705
53872787,3693.0247567339916
53873233,2016.9850646996833
53635968,2265.3270657914054
53917973,2392.5152986690237
53918358,2679.89542810953
53640203,1929.2918030407634
53651824,3533.4701794185276
53653459,2229.017833323177
53654260,1717.4469795626637
53660872,1948.3489657586815
53933892,3968.257920030668
53934462,3465.321933703669
53934625,3357.593367533331
53685709,3532.1724099359058
53960196,2884.0911550371975
53963962,4359.870745595966
53693331,3218.6780150300456
53698818,2217.6044239319835
54002299,2875.826266089172
53730266,3304.3058558311177
53762195,4701.80569380087
54034438,2669.318242776979
54304365,4043.754043543804
54060677,1791.2846120552829
54342663,3040.3230415062353
54347020,2692.3011409830983
54079689,4420.343261821592
54114166,1912.7110670582545
54162174,2126.6379259586133
54391747,6566.080283427015
54176718,2130.21162003908
54191554,3994.8100123353966
54191601,2868.7325467014725
54197189,3688.906205352518
54205249,3575.521725940538
54218225,2320.343231834822
-680577987,4750.662516778223
54244532,2711.520116947501
-1618034915,3775.4369739660665
38711161,8721.318171229168
1416541913,8440.97004568575
885704749,10338.351796443101
-1452064098,2641.9552816585656
-1992238375,3116.024512220701
-183937312,5475.77275468855
-1840288418,9629.52495262307
1483621308,2835.4901285486835
412808723,2869.7672221646744
-1249421654,2220.430668294823
-1101029874,7739.5709972647755
-2069260900,2141.850813198631
1508333949,2873.6906818227253
1993790458,1749.406454582694
-2101862734,4681.574003318703
-1422884335,2965.3352943990817
-246403769,2459.8492723031354
836606124,3048.2767630757717
-1238156686,1895.9516789516867
-1191257282,1898.807984319868
-630720354,1890.8027588668122
1126862028,1887.2836670993563
-405506406,1900.2460588829233
-1954458606,1887.2836670993563
-954021130,1666.5450590296277
-53186178,867.555608225847
1986544629,2902.6064879340083
263079641,1878.3917727198584
1204877026,1900.2460588829233
1432197426,1886.8552748918466
-697370391,1900.2460588829233
-162506205,2799.4775714869065
-1789746327,2895.2087292514652
-196689807,2884.068175894837
277846367,1773.329887049456
700749352,2626.3065331507655
606940190,2911.603418983787
-66652966,1909.0254913651413
215468844,2784.7403454663636
367046948,2880.7326764558807
-2011723333,5228.625169365258
1420896982,1900.2460588829233
-49662728,1900.2460588829233
280565051,1900.2460588829233
-950005581,2906.0624449018806
-1202161775,2696.5131862526887
-771794589,6482.69159510455
716309249,2612.0124560956547
844408919,2152.5143157054185
-131653453,2888.60679149271
-1241613613,3088.130173666547
-2026521704,2844.2276398598738
-1141160570,2839.2730813501657
-2043455744,3126.4937002110833
1135276983,2668.663333934011
942442854,2704.362293671939
704379183,8140.15415333891
433543200,1028.532335625939
-1977920446,2366.187922331749
-1476748052,2844.2276398598738
-1894611972,2747.37478242874
1147279285,2844.2276398598738
878945803,2729.7499272121804
1979162385,2987.3101959632436
123477414,3476.9458848028257
61211868,2000.2709617345727
1395177152,561.3247696282699
-996402123,2743.164577150492
60420645,1744.538341585856
-327769938,1057.6603053796618
-1213121041,4585.664584835038
745544622,3868.9713540472007
794157536,1381.2703662817387
-361383026,2931.4715810716243
-526003996,3309.172823342069
-1254430932,2732.17754644723
-826113859,3387.900670297504
2027977195,3133.406494227886
-200353013,2186.743418433232
-406062837,1804.4643305561965
741567037,3086.2082867041527
-2043669002,2278.0938370246636
520895224,2283.9151261130596
2014223627,2647.630916054414
-1495467879,2222.313060326892
1258823028,2315.7212829155087
1711853508,2576.7822284275762
1799049919,3919.196693401928
-1899472667,2971.0337298820714
-186148734,3736.0574331778444
129146215,705.6809118199161
437664546,4369.098604996499
555120416,1017.3413020356712
-520308458,3292.417598778867
-1081344754,3230.8821971029515
1745731009,2792.072008408829
-2056233158,3059.148670371292
-2141566423,3042.121566421871
-1994593943,2214.9249534039154
-599661688,2490.1225403962635
-2029300429,2839.902267020056
-598944470,2821.6792150586834
4576373,2550.1472119676123
-216063909,2089.9319065982572
1582742531,8034.372336331626
-1896660856,1907.6286162272836
-1739404950,1778.615015712395
246470737,4507.47976625586
730551921,2707.720759101657
910987611,2734.9519701698737
-13626835,2335.1499220389305
510220245,2747.37478242874
-648020050,2747.37478242874
1368882178,1022.2295734591196
163050418,1391.9763333341416
786387330,1080.679642823371
-608360852,3242.648470491454
-192098235,3556.1855480568206
1186497182,11249.606431687449
1352253005,3859.6965437337053
-1952155305,2757.0195879300104
2085722350,4515.24970755237
-1376179313,2253.7912210948825
-209261703,3637.027022360992
-1251790274,1974.9486431013618
996984094,706.1111272621022
1236480552,3560.1491477994964
1609865455,5241.128132318105
-215264359,2867.5596870683703
1968133871,2018.430889749968
-1774154619,4271.112415593997
-2078896323,1928.7061837237045
838772863,4844.368545889845
-1933118923,2353.901437284835
-254244446,3537.1396333458597
1019002689,2269.5494594117154
1747546156,1727.5329315957295
-1620489556,1952.7978566471786
-176205515,2910.212262479352
981107462,8407.753543234357
690008111,3326.737150784679
1468220193,2772.5322404788003
-1465308009,2845.2870184244366
-1719282049,2310.5539558389423
-1386178065,5285.050930712386
-1968104970,2062.4561678953473
-1846722747,2308.5236422317043
-1248539800,2560.1575219071015
-582062292,2177.2834127788306
-314882555,2940.339169460686
-2068637344,2140.500742590002
1660892834,2382.227709002874
1728325466,727.1063442901376
1435280093,4599.408140267521
1345560446,2018.430889749968
-1534638943,2144.874422480128
-1159563931,2990.7405361377023
-1576360327,2348.366255297306
-1886712181,4076.755630468097
-1708317456,2436.97265151902
1135014956,826.8172105610709
148632881,854.9913914598685
86023373,4061.8277861527895
1843908367,1755.9436614455838
-1495512609,3573.967003377706
1001581407,1871.5259589803093
-2027952810,2346.5033657572126
-289375184,2296.139402712903
-2090575987,9711.84704322942
1351998083,4088.1873203039886
1681868356,1367.9744338019618
314723592,1771.70245317394
-569146122,2750.3882119912214
1345998685,1582.6216950885812
982100179,2146.448460436688
-1330495818,2602.635572110437
351362763,2847.06301979611
-903919456,2488.673152722167
4092482,1891.3455566477567
1558785743,1031.604559003429
467300776,754.5094330232406
1484674386,2082.822264210884
-1785744942,3388.8918673980893
-209719850,2021.0314964735571
1572110779,2778.2868703803438
78638294,2204.187264272992
593660306,4833.181741903345
369065671,1972.0068087660736
2016145344,2350.7075945600195
-1387527237,1645.6096226597447
-1258462738,2396.374133240838
-852131259,1765.3772409174685
-2139435548,2169.4055693714668
-2145696799,3102.620607792442
-136198516,3985.862621374706
1808265559,1936.369196898866
1280145094,3309.7229197380057
-1773021206,2717.9766252309582
-543424034,1848.5020349288661
2135354499,2380.419286814017
-301051825,894.8839284003137
-1910239930,2481.3915512786043
-1721762495,2338.7202330273794
-114914405,3139.2666635025266
-1244923628,3352.0604649950233
-261144841,2050.911673962594
1681202883,3384.494600467605
-822956276,4214.603299517352
405227130,786.179570461307
406814334,2135.8751249104785
1704294583,2316.822774831499
-1901502010,2182.141941672893
-535664379,1039.5220555051171
-964946695,2384.7545203421573
1856468590,2553.709665366148
-136707730,2590.1095875833435
640463222,5601.305663311443
-991387013,826.0255652669105
-1311711653,3971.1254612174193
890295517,1926.2394098997927
-1161028280,1917.6967837041113
126033422,4727.691424773801
-1475139113,2419.1106738028343
-150165659,3213.216253062193
-1964844293,2464.2433793450537
-170696197,3184.60277454179
-1894299121,2185.7799360939985
352716448,1637.8461648189946
-1823457306,1687.1628759570679
683236041,3519.446765254577
-1175732601,2212.3695217109866
693843883,739.7740728424984
-684551193,2769.685006131201
2042287106,2785.842301700532
1384330921,2771.747652694129
1120814476,3718.7349721699616
-1803059185,551.0031945921634
-171327007,4345.442487154048
1147230365,2334.032477183561
-1593714988,1311.9955767462131
958052824,2756.8749620361064
-1431543022,1016.7090286493169
-27411389,3798.8940729030637
-343207622,3268.5425838957876
1095788070,3150.2146519966154
392875155,2795.7391102257257
-955672213,2587.0305459110114
77335110,4766.296801729143
1303132133,3143.4621346514637
-1644805330,2739.7994666994837
146481175,824.2475742125176
-1485024087,2028.6445475604778
1269287107,2556.84867734194
1953950398,1352.8812711754945
-1937826302,2614.229542919303
701371581,2396.049837013041
-624109861,2391.669197959611
-2144567125,2389.524735352365
-1138208127,2391.669197959611
1375123078,945.4505925682618
2053401160,3400.631126101172
-2024411630,4030.3340304262056
-1341283461,2811.7025795976647
-1449483554,2096.912431849234
-1683430789,2331.5677742334874
2006597649,2307.370853265795
-1153940476,3171.5619149395466
1305409531,2781.654145748729
1770353364,3465.9882766534133
-295823639,854.7463547853037
30999757,2449.8671914708966
1441916264,1942.2038083648076
-1814756466,1992.6379083450697
-1946295176,2181.7489657815545
454729734,776.24771611358
-1852451664,2295.531563643516
-1392367215,1635.9523180229703
-1202408,1635.9523180229703
-1594947561,2385.785016633719
-133827853,1696.8900189642616
686500967,1976.285957145528
-1735081491,2444.4320899209915
913335374,5643.067596633493
-902745607,2982.399388155694
1900535614,703.53239385588
489416918,1950.5784534453524
-396215877,810.4941980719059
581068809,2015.3569382979551
-423985649,3513.770288493546
1784563708,1941.6823420384771
-1941629673,3261.465094679687
1410610245,4922.137506672659
-1990779753,4664.869236409648
-1654506991,3903.1205895683865
-981539048,5419.007650451747
-1732444823,3424.4967391490654
2097666838,2976.921283266111
207275587,2994.870540895683
1889694616,2855.6384780629355
-1223589988,2994.6899832214044
1111782751,2958.774989250111
-1130143515,2634.101558819396
1046779945,2013.7624433861236
760587351,5064.204111189686
298852163,2465.1621521245747
-257493641,2522.1576914476373
784905896,2622.453824610005
-37233408,2818.7099716349903
-1376388034,2921.5583178796455
1052146399,1945.8906759984375
1454695794,958.4175890099457
-592593556,2874.11233354465
-1008630174,2060.727669380306
-1778308716,2181.457514093927
-303175778,660.5125063708922
1899279169,973.2565475214979
522888645,2412.9172062047433
-1870722860,2247.370141388677
1424577783,1959.58584296935
-1314651936,3911.2645021904777
1563613443,2034.945937447354
-1460027851,2562.4764984032836
-180084523,1903.7325265996317
-989591754,2750.3013952521
-1090545943,3385.9548871221236
-1288638309,2760.130597268659
1991892551,2421.085706888546
-439559673,1126.7402781488138
-373132718,14696.852441126679
-1668242886,1993.8796071351967
865514672,2888.2857681643222
-1039844715,2898.903999579937
-1599665665,1406.2684709748655
-1701736232,2465.386897384047
208718562,2277.627123301671
2082882608,1167.111171083365
739242031,2840.8768943848872
666572161,4140.804077311114
-440331526,3421.847550905176
1642243879,2288.9002653050457
2132038734,2701.316256526398
1172376228,3119.9814405770167
-1949996880,2029.173275012299
1919920032,3267.4088128001463
-1091396342,3005.3774838399436
-100174263,2216.9391655012873
-1962246695,2371.3429255683022
-1395279245,1654.72619783264
2043971091,1127.4151581524347
984892950,1800.2225322366303
515524455,2956.95792937895
84255068,3671.4167100944064
-261684905,2921.208233730287
90040857,2556.184663502951
1360475594,10661.432668423387
-10172658,2257.1504534236983
-1064573957,793.266242998234
1006583718,700.0207374912831
-314689072,2667.5161902640034
-1543151622,3481.1729060191583
-1627583789,916.6147623968075
-1273318315,1788.516487702694
1575472088,2409.1372864507744
1799691941,1223.4460221686525
-945199781,2350.2445661492425
-1275323046,1761.2325459498354
-1892840925,4705.880355190584
-907483513,2856.8325581692748
414681420,3950.3527373163233
-64098818,911.5528128277257
1477619438,2157.711317953736
-1034187884,2003.4530650250758
-554297114,1759.290169873046
-1556323835,1299.9080424234876
969761037,2094.6383122982465
-1445478642,5552.874500697687
-1548787290,2983.6054011689143
1357998950,2384.1126837144575
336224263,2043.914536785997
-883324958,2623.4073853914206
825097733,3590.3662260340407
-817917921,951.6104434157828
-82908410,4927.215807115719
1950362708,2091.032767826601
-1792246493,8575.072346905476
-250175831,658.5378254637681
-1126062056,2157.9734336860483
560435921,2891.4538447403015
-619795471,11391.03263160088
249582687,1614.5568216494096
86299756,2466.1023369696413
1224575408,2919.308375752158
461533026,2992.7891272523607
1020797299,1719.1367776728036
2062047351,2340.757106147414
1282472482,603.1872701635157
-1001688291,1912.6529904770657
-165181593,3542.521943957261
1057871313,3825.843902330427
-87791309,3751.785830769243
-780526713,2705.9080119851847
1994158277,987.848313547235
1430546842,3799.756718705682
1841698233,3140.6672370031943
1989939709,3599.992979459743
-1419598254,1088.5934537464238
-575976201,2471.05912900978
-1038054055,3347.15624422594
-368971294,3175.130456868529
1014850771,748.7120677721426
1115235195,2272.0942110985566
-51813710,2357.7824036925995
553720283,4350.824522608179
-182803230,2471.3913709698268
1635310005,2446.617759089188
-92755628,814.5912471868235
-453890448,2460.356625871865
236194675,2010.97215953419
593561875,5311.382568928395
1460967931,3085.8977648449304
539315359,2370.6306352339934
-1262359850,3580.0488957278717
-322970575,2880.4957239946943
-1156960148,2292.7348183946788
1728355611,5606.748119805225
-181336903,4265.241036693989
1738820209,883.3164092436101
624631681,1060.8242427000687
-986003380,1420.1576404319958
-31083622,3505.2055183618486
-569613832,2003.4945027381686
20355593,927.787668687299
-1807502529,886.5730963094928
2134367817,3074.9040397599138
295700176,4646.8023607941695
-650895831,3639.7541309104167
-1687088834,2454.723151232319
-1211822747,3190.377008283003
-2135607800,1049.3361644617294
-610340101,1191.5700141575485
-1471613243,2892.011102310606
-577703768,2956.611190849687
-1663146882,11528.461107165465
-1612981315,1981.816757021972
-1387491270,4239.074736315626
-110845418,10070.158896613613
1538747237,693.482473041521
157346790,2950.7515747632583
122699228,2080.798286007681
-100596597,2609.5826736092067
99439997,1880.6278317069925
807512928,2189.277682713257
541831826,2555.1733771391973
-1568334277,10534.52585494004
521375717,1805.2920071393307
514806636,2365.625993084759
-205036595,2600.495249693234
-1694649535,2196.576279927899
319326474,1863.0714613983005
-1029261451,3811.869869123856
-306659202,1070.2038325147173
1029334485,1938.3738745648068
1933354837,5197.2717483163315
1121709938,2309.0201205550748
1381951673,2123.6696486042033
781237891,2987.7985286108933
-268103687,3022.5398386690204
-156238137,4608.394128113747
232873601,3001.368265476781
-157880740,802.8540290974925
2042067524,3265.8356002586265
883142591,3486.77718794335
-1468697176,1161.733769613943
-1530663072,2509.034146327163
-885542411,2948.4675914190057
-730544335,2285.6581272917238
462617951,891.5541427580412
852584500,1979.7354475225864
-1910170120,920.9630451646499
-939798685,1874.5173601975469
-1481605620,2234.455748638468
-1499930180,3848.45955709258
-1907406337,12349.188367708899
-577189941,3685.8839858638335
-1991705843,3729.902227449195
409345113,3673.481114159106
700201620,3670.0415673788607
545721562,3855.6215644285007
308940402,3678.594117720659
667273764,4358.21144421773
1977892186,4358.169994908528
772213987,4373.494639650471
556904539,4382.732779996061
-106082874,4433.364712934634
1085121344,4452.046109179108
923930791,4490.590423300121
105859608,4246.543958093279
-1395627480,2807.8454712211133
-132359617,3025.5709574098864
998136372,3022.7280722223068
1037733997,2537.597873197521
1659839106,1079.6917276144216
2013962747,2598.0697772963827
-1518933600,3816.15416507456
-1811955438,3214.1849755077174
1127491379,4537.073073571128
1057896544,2932.0621263524117
1986322528,2107.0353186433863
1232886732,5627.177821746632
-1413292481,1301.3758927376696
-1467948530,2709.2012101591117
1920975266,2546.244909472484
1481970061,1898.9780450100445
753530773,2776.5655168047037
-605696908,1058.1017518738397
-520673167,4199.734935263725
-1380398317,2306.362485096442
-2032796512,3634.239799225833
-948707863,2819.536337998436
515195398,1811.2238469852632
1881270699,2195.0025489324357
1956518591,1880.9747207526168
1236676896,5321.480069489423
-444398274,931.4738298094369
708133193,904.5934069745873
2128934442,776.5615632559195
2044281812,3323.777077743065
395256713,2521.954676468936
-1433794973,826.7972760822549
1869714465,686.2904123909901
-395445379,827.2925076264886
2061225052,3318.9021798266226
232110314,2397.443724252746
1676452954,2222.7964003121438
-1088274938,5562.03444665146
298974235,1961.0522478995733
-433525955,2730.375454563192
-1813437752,4105.821678668006
-695665795,2875.970903299761
-1461521242,4152.03167630597
-356841262,829.5647637158695
1425465314,860.0461956052051
-1270375854,2801.2239748279576
938352286,2572.0559710761145
1458738164,1129.8110829578707
-149626161,914.5087741598117
-1164422117,3934.1552134031517
-1821729114,1785.040245471621
-86918851,1602.9229155296212
-1161092235,3063.9579237668577
-1200962719,2362.6754858779573
-871142873,2980.745063597254
978422615,1912.3837485833792
-658848776,3542.6704535802946
-122788919,494.3051923232993
225617944,3668.813068686089
-1952069934,4736.989823861102
1472223187,1739.2668779907497
-81806646,2826.391886279546
563956148,2534.492105466411
1626153382,1219.5842936042209
-1608584073,2581.311743236813
1066631252,1810.8414008896202
-1904811607,2659.8474782122767
1079678866,3533.046664761492
-650508822,851.6154858279566
1551912342,1087.095676570397
-1614782309,3856.691222703842
-793035179,2836.8395519804894
-1929300145,1865.176488567396
219877556,1286.058206521336
-1140930235,971.1254880746372
-2015544013,2166.253033219711
1224912917,2473.9854872771725
2086485329,1727.896884256714
84055539,2348.188225877708
854710966,4202.4628036602135
-1195921228,1882.012279935266
1405342823,2196.978549013841
-1133065273,917.5535560064487
-928599135,2604.0098703512795
1880866233,2418.386927016794
-456497316,4394.594369694562
-1710172581,996.6026537101526
-1777321227,2403.2656592463
-1881989384,2455.6700961136735
1056885277,2639.368522066717
1352534501,2540.487040650629
1215552028,4394.594369694562
1733447457,6366.448598650393
-815450809,2016.2384531731639
1589120662,2844.163016757204
-53156219,2721.5114040464805
-848804625,7521.0723872489025
-990802081,4423.485116768165
-1905161243,5304.174855928838
545378071,1884.6756062395177
470892089,2764.8870648363
205741793,2620.8450509258696
1040444039,3340.497992634672
1095096567,938.1865168346293
367793647,1425.6492627390007
-935022685,859.4523725430705
545444602,886.7421950172243
1517419333,857.4671803798936
-1908994622,871.4108785074305
-578824226,2268.88217384477
-433440710,2563.7674377827534
-420971495,3275.0300619834766
-7846995,1788.0620875498266
1483501794,2610.6616887430614
-373839417,2589.1618099165703
1722312667,3149.319314644123
389179685,1167.4411716574314
-447036042,1560.93936958226
1970258569,1674.258053809204
-1251117517,3440.1905340390194
1715718322,1656.9123203220292
412282523,1638.365621827024
-818307885,1589.828633967647
1401716336,3435.1501079590935
1589887408,4472.978077888432
49106131,2792.7228875675346
1227305619,1036.4852444042467
-496815556,975.4276703395574
-1335397026,2712.609827590015
1017699179,2855.428825864972
-1131117880,5209.860784719504
-640986468,1901.7225525403326
602645420,2759.809620612452
-817697180,960.115053495664
53117123,2415.4944533710996
1883864330,2825.0655140551557
-1824849916,693.0216598852141
-1154495087,3395.481532158559
699382234,1880.888211159136
1891515709,842.3836259538903
-1755902192,2888.283267067904
41936576,2334.9903338850445
2032060166,2905.4600829483156
-220633285,4172.8671256195885
-1303820699,3205.3540108963593
1091807567,2781.3648824450665
-1729677426,797.7347852017286
-1946115612,2743.914646192148
-1793226255,2020.78899486785
-1527357543,4718.220485305487
512577819,591.9574476354533
-515301720,2131.5789714539055
-2082605162,1269.234682849922
1461441180,3707.396436140254
-325308729,2710.8344237034557
-1109472533,3362.6825053873727
423357244,1717.737771071588
-435186196,581.0588930412664
-1326952545,880.0824848587819
411654067,2991.8154619164757
-1512467470,1634.4150121029609
-950435805,2796.2562710526786
1888854632,816.8538365401631
-451968621,2371.335382536895
1652864454,2724.2521878294606
1477840091,884.2668376215136
-1432681724,2461.849160978754
-2062027353,2355.569480641812
-1287408808,9487.898440549752
1388822789,1989.3818266910125
1729947722,828.1907425151337
1880933121,3837.605772555051
529644776,2300.7965746966574
660554104,6966.251237729325
-1711984363,2715.677613194197
-1352637620,779.9552643229678
1451537488,3334.3285740257925
2033139080,2790.0325509756954
-729739584,2271.788371949863
-1688885114,2911.3333404628643
-1223886094,2444.9908999579966
-1632182829,3008.6222957686673
-330289751,4382.3052689858405
776248229,2630.1443435534497
1000789338,1770.3926090608109
-1654541319,2721.036226001531
1768443673,902.3642876614122
-861266622,908.4511725547804
-849406904,1662.1720909378625
2068065573,2420.8912178957517
1967415082,2996.797196955317
-1233838184,1837.359149635306
1798218325,2488.843887174177
-542282811,5497.389037969656
-179202629,3531.2780584190286
-330372955,1812.438906921553
1675266925,2060.844804078492
-1953737421,2408.0552288213794
1286366158,4106.777639609948
1640525633,2659.160250681356
938503967,1692.004740776164
1323505468,2103.6011812389847
812303325,2961.4966321534657
-1379815809,770.0181405241652
-1509609480,2258.764009424853
-1999074821,792.5551553017151
-68440216,3646.7234358895716
1670498560,3362.3777346307734
1316946119,1737.4827437480833
1621971292,2251.3247423350376
1277869740,5596.879216651088
1514582918,2501.75539022323
-2127713029,2340.485628176218
-1910244292,1795.014813817802
692976588,2697.259342850039
-42537319,2378.040996819467
-1829788033,2440.904407071397
972617833,2043.6166405542178
631063406,2293.9962362421425
1359532226,2141.0882524727053
231291072,1786.7692809575974
-1451114980,1018.308807057339
272134373,2696.5358802721503
1881663156,1735.5491996540322
2049076241,3197.436230316835
-804608291,2503.248092725173
1767465166,1776.7870443779996
2098669835,2686.033142165394
1292870939,2515.8569644821296
-1975704050,1775.8008054359323
512425526,2363.4802380450064
576499902,1998.4041116116584
172648158,1975.9541096969701
-474312189,3745.735150606521
-1234905524,1234.8389496768957
-1451540716,1118.2717638891145
634206669,1861.8680552616256
-1822007582,2229.2576165729943
-221826388,1693.96670090843
-273501715,1570.1269517496582
1481456255,2090.04048906045
-730655922,1859.802586715537
-1751701329,1904.4056499769388
240373597,1859.7307649648735
-1423752975,2764.4636573859752
1123282084,2805.828623206978
1054058434,2936.3992499903266
-363125204,2318.3588994000183
-675555165,3056.037993405222
20009706,3848.034609769905
677069027,2370.353295965288
1565220016,964.0165958785684
-1251067416,3307.2280636731225
-778795008,3494.655474310042
2075960565,3003.040754118925
-1426752907,2441.807424297149
-518453468,2440.303331580182
-957974939,854.5525691160209
-707934830,2840.638725363719
1124047423,1895.9343379901325
-426770207,1936.8830294694192
-1969560340,1614.5694660144577
-1427921210,1679.7601858683638
-676263554,1701.9818418681432
-1403106158,1805.463726312481
-2124768121,1816.1095503080278
2003041462,1828.242524517346
-1356916379,1805.6040054353773
-1006865684,2461.2527251643132
828402747,2905.481005611835
-1346796752,2482.253193443906
1515318696,738.1032430699705
1586524568,2540.8714356121295
-1932562401,1968.9047905171485
-1775679324,1556.8563668440272
-1582741327,2078.1153718956125
1575299226,2384.775996449646
-155264448,1877.23297753311
1703463644,2452.1783745374005
-1465764506,1212.4516829202369
244303276,3221.8075128723367
965703364,2275.7235222680833
985055196,1092.442048478979
-1229815541,2735.9081707754485
660566918,2996.8886935041137
-778649885,2860.9388986906783
780258503,2600.574784152423
-2026042140,3048.2098232963526
-1331587344,1609.9313893549258
1009561937,1643.6544105359546
461204851,4433.227807382227
1195862075,1927.12982685434
1627862410,2871.3922037695224
1471271932,3533.930534148405
-1235718266,898.9996942232442
-1538811020,2743.0092292902777
1419688740,1765.7935215194204
1798810320,786.650275067579
-916698068,1746.3643909262228
912504607,1615.5617110242397
-348515342,1967.46095816279
999547215,1692.3724753122801
177925127,679.883656588953
955644955,2868.54904136522
-1664672794,2666.5741174927325
-1993179209,2785.6091591366426
1730588358,1805.7389091985142
1559762939,2374.3734452078957
861905571,2140.9264106931732
-896471511,3881.26188522586
841692244,2275.6987711128627
-1040033873,726.275681556517
934338274,1919.600350333752
966339480,2464.7546379454116
-1686888014,4353.548762433607
-1207323051,3267.3518317475655
-570973338,2672.009544276428
1748690078,860.4318083540487
-1620550572,4079.1925533919043
-1335500158,2970.929614251722
1429971663,1279.7003056844724
-1860894227,2358.902954822139
-1733380763,990.2727307455168
1081107184,679.8278641117817
-1002532262,5934.559194527566
2047024079,1021.2005242391162
-1405949868,3181.902037054474
-11761933,1762.9513122269234
-2073434085,2776.4148272723032
1706185485,2294.5829875117192
1422490703,798.1577891311624
1222798678,961.6386181258563
-2044596247,734.6240807895928
292822190,3762.7776091141136
-1491830854,2271.1041601676484
-128281356,1121.4091912010751
-712565007,2684.8304627932825
-327126672,3662.7336325704346
-733539941,3416.5745369208694
-318938383,2689.436816581132
-1732348237,1768.4253807624066
-204507528,2700.3966956414056
1262304476,2568.9769839061764
-1674210273,2972.1034554332155
326673367,2568.9769839061764
1067625482,2636.458716828871
-1529870978,2972.1034554332155
133759605,2568.9769839061764
498771015,2169.1487962929996
-1894766317,2033.285564861447
837586386,2799.4775714869065
-1662305675,2167.699441065681
-981143378,3009.049404560038
-1353331422,6102.279022220387
-510281110,2270.056931027833
1988685283,3373.3960608470015
1802950589,2469.395238790348
-1858973700,3315.3233909841088
-256847707,3379.331778697768
-802782766,1996.785954572124
-126266492,2671.421442649114
-301329360,821.8937143235917
-1323041633,1628.4917053660656
291798113,1796.4659549875835
671763442,2196.6469175220573
-1302515146,1074.1781389453438
739601924,891.5379206318366
-1532437274,697.1136922962086
2001607138,680.4732847823236
444570084,2024.5948908684666
566601565,2396.4079151523865
-1829300130,3799.95615426954
1626403032,1420.9591228488246
-808063764,2319.607478819874
-1836787255,2715.8402647738253
-1017302879,3708.76716240268
829937040,12270.028605141308
-1737588046,3446.7282278903454
-1768611689,1988.7637168138806
1797472668,1912.7469818302845
1569811831,2834.031824168957
281018197,2312.27547008306
1759733579,963.6600043132485
-2056993747,3150.199586822993
-1430304343,1902.4587825070062
-917074422,757.7768821408978
-162280317,2070.79322826105
1723484557,3939.0599309720383
-641665554,2063.455182994682
-918203174,2111.76202587273
-846228645,2742.8866468813867
1744075420,2078.259854140359
424765102,2122.0827549346536
1363284467,2106.569877660892
477190418,1713.2177759858314
1173396287,1368.6661690875173
-1843953807,2597.233142512277
1336457943,2450.1046598433686
-900465365,2131.0663610898646
2111051200,3660.4251791937527
1591686048,3614.69858194169
1384141342,2301.220896122581
1017162037,2226.505684456453
-841944506,2301.888715095188
-1009008125,2692.9893337756057
1314853659,2521.566297297349
1133963006,2726.7319834489376
-1698300420,2055.978898292817
1566084970,769.1190386467986
584912048,967.4362366894318
-2013519457,2805.389462481211
-667041658,4659.822458803976
1815636148,8661.184139453553
149064093,3554.989206306717
507595647,1022.8062401982613
541048458,759.0361837635759
1901980349,1001.4667553651941
1936731317,857.652545869626
932590992,2056.7960269365003
959067541,740.7583981294588
-1600725168,3493.6345630036913
-102701909,2548.3336202139008
-2029012842,2532.8208935817247
-629520419,2423.9397464775407
969636663,4481.784235866042
198184492,2494.0219598050467
-617171502,791.008494153528
-1500882308,3949.319914901032
274604219,1617.718012107757
414626988,2054.522227644481
1620453760,2430.1288755932283
1709934918,1241.760562220083
-1896780923,2381.839940024285
-2020306373,3610.5477352880202
-518456719,865.5037272198596
392433827,3975.945544790184
-1198698691,2571.5112051128185
1767958487,2914.907916404386
-1308155673,3614.6030098006468
1366006329,947.0929498589969
1562946015,881.2308804910647
1278655999,2895.754596914619
-2080791712,2764.519757622466
92267363,10370.036359716603
372931550,2675.004393110942
2032792873,3149.231412664655
-631733660,2366.2279118634665
149963772,2307.595354897888
947663344,2673.230328307688
-975948779,1602.9307022216858
-2012544356,3041.82191186728
-860649803,1983.068732991194
-507521460,2418.3532723498856
528226429,2149.404049291244
-677749622,5138.377152084177
723760533,7157.2665993359
603054931,1060.3386617578083
33809412,3099.2931823778035
742141964,727.6186852118321
-910364032,2931.637879770817
-263042736,3474.6312297848913
-536615910,2719.1326979459072
876739989,2471.165604877596
918589694,4060.9808580980402
-951726851,2436.4439021977096
735289155,2156.362888639168
1964827616,2462.928303153006
126393356,4371.701156176932
-1947682158,2579.3575258987153
1308322136,1178.3260226190762
-1454533929,1665.7576652464847
-847178825,3061.8218787273727
-2101296559,2345.2988457913602
-148807617,2619.0339616776637
1516283414,4182.934398876847
-420959914,8045.167565072894
-1149063135,1973.0974535085882
519419836,854.6721912699246
-2044430310,799.7113708555817
-1983047942,6495.426783336909
-1547956353,2286.361021416812
-1335284947,649.7001833209652
-2095321421,4018.472442532531
1461308116,3333.3943077751387
-987746322,3576.859461118039
1631426117,679.7428243676302
-1223161395,1918.0045491798771
-1364021665,1861.3780013135681
-244935260,1861.3780013135681
110830050,1841.0466778524176
-571313044,2390.3795178026553
1781558986,2318.521814270542
557818245,1823.25842398475
-1237769234,3826.647879065815
1476736961,1914.4305135557202
-351839719,716.4119868742767
1475158794,2691.702114167561
1632761816,1855.559940923136
-314543143,2375.35497629313
-1201248778,7796.990442661257
1106417104,3081.0423769635217
1653137788,787.2536571389686
-1422144975,1641.4558600600515
1828357325,3340.6625399316176
-1321396052,2560.3403911499263
-1666870191,1840.6303332385667
1816515245,1860.7315728963501
-1970060676,1852.6086726507913
388338773,1852.6086726507913
-828240099,1922.1496698085678
-721291449,1860.7315728963501
462256948,3336.86748761612
-272713859,2648.0302109946165
-1465657677,3120.5057460933663
-1428116797,2265.567632110006
858547676,4124.289263671958
1567723396,3088.1107582462573
1412000801,2315.842812201246
-1109782109,1822.0184186236238
1466398456,685.9190209017213
-410068487,3191.1067803372007
-981338582,2643.841886722381
1471924614,1779.455284034055
760747328,1031.637419428311
-1300508828,1851.2446930360425
-2100987038,2862.319876088495
-509728726,2572.3183214204587
-567149456,1656.043743235704
1778182608,6890.141049985942
1425736746,2849.7365233851783
-1156053376,2638.500507311473
-1673871950,2614.885573663173
-1497314139,1918.0045491798771
1672231756,1922.1496698085678
1646519442,4089.634525885579
2036763500,1088.0511503344921
-258034510,869.8342755152223
-1564405698,858.4908604638235
983305751,1829.2764999195088
-535379810,2284.1774845239597
54123761,2800.5530248756054
1035952873,2294.5219562523835
-844106896,2688.7620156796543
1526326278,2062.1813108483984
782751479,2660.754399244806
-1051401736,2732.730826174001
-1974370064,1816.3654014488118
288504169,1047.791980067833
-1527585503,891.7149875719033
2115152061,2681.232041415672
1765039047,1014.3451253757518
1997477520,2079.1513606960807
1369861307,930.0087727528409
-298612320,4750.895543532307
311157225,557.7737537421553
-1746760553,3085.1547648330234
707952286,2002.8717879029941
418055756,898.8115015142811
-874847912,3431.1033904444444
-93229219,3052.5930189599035
1546178730,2782.87440634987
1401189844,1942.087582044418
1605515449,883.9003381394019
-1207591548,2781.0815255493394
1672510475,1847.084016331417
-295877511,1848.1161397039748
1984488299,2256.9216208868866
-2092069381,1870.4281394136794
439828992,1872.1219050839147
1812516200,1878.6414003747723
516889135,868.0177086662725
1394979232,4140.858632611446
-1543160428,594.795028737073
232211960,2312.750460320779
1709525276,1485.6648419281798
879398068,1106.125494023606
83669897,2284.1895729120943
1029093092,2804.570756096604
-479411849,3338.0928469891146
-1573040912,11426.280494023216
-1149557838,3709.798105741998
-1600541034,1751.4741807912171
1334521557,1672.7181652238894
1512236660,1605.133859650318
133548828,4855.041288659023
-1815255215,905.9431789219152
1068959581,631.58278379111
2118303244,694.618640136166
-1158213633,696.7959863756048
-1395061502,880.1093813080837
754880849,1881.49667836211
-1402670930,1099.7266901549733
-28471428,1139.190288838065
-1391906659,2755.21760644603
-860449363,1878.9948109160512
-1904893552,2488.447188302145
-1151013196,3321.63790160297
1495135395,2299.726450281943
-1729334462,3364.6227883545766
1772205723,3228.8592792378327
-1200242435,1791.4423034438332
-642694835,2044.518562544017
485570640,835.3330541939065
707287724,2504.883688419666
466818067,2503.6711627484597
1276615268,2394.39768182212
-148275157,2961.81202906114
-130534389,2116.015560978752
-436790711,2686.7072584537736
-166161463,2462.702327341906
524404889,3088.4407550562505
-195202043,5597.194745718577
896854223,2440.5036158721837
1287139583,5694.468413143626
1163391204,2196.330568966246
-1078260533,1870.5933431428182
83413341,1777.574312991085
-1355439157,1032.0025413558865
1193111408,4194.3309054848605
-724149210,2833.9268890876174
-1398556624,2440.480703156943
2065830041,701.1934108135947
-571796151,2865.168849518081
-1872776907,2683.4678822325036
1732690075,2846.6699760311235
2016959547,2127.7907457783344
-468278976,2804.8012891998
-1228871591,716.5399187767424
-253340867,1048.8439449515106
-1321803808,914.3574499640295
1775385628,5013.397372833186
-1554077987,1142.416320455705
1081550032,4120.466109152403
-265733280,4099.779215007509
1884698164,1864.5386774304652
963788842,739.368108644779
188737457,2404.607480047888
1262129814,2966.7636383705544
-1423353104,1824.6176839575028
-1025720273,2092.3373711878153
1497810475,2626.014111881901
-1430344157,6761.785183757325
-1262064469,2931.7593800558875
-2040552386,1058.9536644565062
-1696984504,2414.6817267024812
643437131,2108.2456160715806
-2035915430,1794.6790308633915
490896695,2470.262108046725
-548114497,3240.77622523568
88940071,2292.7222564006743
578611613,2345.281769476141
-2004692050,2310.9667178163954
-225687509,1235.4824061405723
243903835,3084.43381699096
-23622710,2311.2468444062624
1102819697,2586.0569776143902
-1521076676,2777.4226437600605
-1748243425,1569.896054532615
115750846,1558.9440751993543
-1217675364,2307.765966542285
-641185766,12625.229661929352
-1963862315,3596.5481417338283
-1620533223,6706.329860277983
-321952743,4989.939486414098
-106096057,3367.473296912506
945163292,878.559653292584
-1276745580,6320.900435673341
-592264889,6405.3353593453785
37212089,6104.008455174471
1276654298,5148.413762181142
200028938,2187.538880063628
-1760225973,3871.6347123073547
1707659355,1673.7685758645027
1331605995,1850.214074196729
1599523355,3128.8655572629614
-465208198,2692.225103419655
-2131055920,2747.8184309798485
1554816956,1713.9522118455677
1862699335,1704.6160894543582
-766984522,2191.4822187579034
-1256924409,2650.659993284255
964394508,2084.184034223683
-1450557901,928.5204053280344
192621964,2882.492648726601
280888356,2114.754884118008
1002630685,3453.1416174126034
-1710479309,2650.974148556683
-1444223036,3146.5922990639892
-1160682405,3074.563734801253
408626652,2140.4264810005484
974875178,3923.087612858664
-929169107,2714.260796035466
-1083663283,2230.3147266582196
-507920988,2101.7102955974888
-1003507148,2648.599677100911
-393590801,1045.2213425626385
913167419,2732.8864697967188
704387197,2198.807030923766
-669353917,809.6852406590689
-1754845522,2774.682929629649
-1656799673,2249.1566147275394
2137178549,837.0832631219405
1978089379,2177.6643131951
-848055377,3350.4531001681685
-1730795347,2365.556311367894
113688737,2972.2555522719063
1824313132,2250.2275052039968
-338119428,2421.6856405759854
-1737655005,3324.0859451041683
-1609078836,695.0844563509356
-570725861,772.0653705697978
-2002866890,3609.7984522430506
-196427640,2978.9820851954996
-1084105315,2507.2279269615
-1962918107,2650.51498334044
335884843,909.4713504825639
-62659832,677.8675682193733
565691170,3061.1871988600496
1825106784,1955.1154434427358
1832049432,1673.1016820529571
1436226618,1207.176172660868
1435691241,3552.017823586471
2125461754,2360.4267065634867
2013071722,2397.245896972728
1513191020,2357.382412320266
1382638145,2618.3704192718155
1605501829,3445.721543216605
60730359,1512.145912281529
-2023397318,5858.689955592928
478104038,1021.3079393522991
-237598910,2589.148500790431
-1961448066,1894.2361065586229
-185793054,828.8130206298761
654075527,1218.940993881715
1261024565,686.3409423405127
753219696,2106.7234245930895
-1329506285,842.0167326251105
-707317271,2033.622347764891
1340422546,827.0659925453606
-1069825,2563.7546409576926
1847690230,2771.0142051991743
1257628219,2113.2056924340955
-1126294494,2048.609093966113
1463016198,854.4682137399984
98886761,2360.85501769758
694981540,2207.8580567285876
-451306356,3207.4028217335517
-1481228383,2137.859497945659
1332264020,2961.0209521321644
1496586982,2451.4389742622197
-2111239452,3689.3387941706274
2130258456,2493.1441721804963
223580596,1868.0494359711324
689748095,1885.2556407177753
1579549171,3168.768019207887
967827850,2952.2721687128596
-1270369604,866.0730553049781
-1211483132,1863.0421411939465
-413501566,2278.1367156915935
-473989103,2256.381934472317
695409710,1584.669820151776
603925184,2267.368910102256
-2008124626,4589.832671140785
-1351031304,4583.011255311939
-1312112086,2467.3695579157275
420570283,3686.7673420039364
-1829390008,3610.42977772264
1928959117,3009.436822755454
1481125574,5398.165070501191
1360994788,2331.937595661487
-532549104,3758.065875376635
654955524,11002.474511418808
2063802413,843.8880678743786
-2114933218,1030.2218498776465
-1074333940,1992.5929565774297
-1794199852,1773.324296864375
-1643918579,1770.3776333604678
301231250,2436.450798583061
1881065957,2541.2359625929666
-1356042816,3539.2599439786713
-661162221,2295.581548281522
961653182,3025.9116442909053
-45408107,2483.9785216480077
51003762,4674.967994813175
1706542867,2452.23131187398
812881348,2546.8963321212464
1733397198,2546.8963321212464
585674236,2546.8963321212464
-1342236489,1618.843362153442
405339939,1015.5423909519166
734992910,2155.269877723063
-1325406795,920.1953488138097
417912904,733.2564174792168
1582120828,835.5030282061484
476933195,1060.974790361832
533771724,1694.472477618721
2043881238,976.8491836319213
755252114,929.9881452494891
-1110888176,1961.594775627687
-758436896,5048.3074659686845
1574077472,2200.3366011543285
-1410201947,2089.0812509566767
726883782,10097.856649813633
-1399057929,6218.790800861181
822269386,1965.484481181454
1414908055,952.9132447129291
-1403438437,2004.5225076572306
-1983091237,2423.412650122259
945744156,1934.4184169367372
1308942497,1949.9810527052327
1668905933,3446.520088313292
-1139765396,2546.8963321212464
-1265782835,2954.6854452917255
1005265506,2387.3478766288417
-1509961586,3729.704101887824
-1270177157,3315.371987478442
-796036582,3304.2460171190573
491776082,2249.068779984789
-1238060364,2351.290399525411
424133784,929.9881452494891
-1911480985,2615.080314166641
167407130,1034.225099340947
201831618,2742.7523809766803
2146684369,3226.200264324434
-923571492,2131.509243876946
-336418183,1854.2203921530227
609786933,1585.8098444325597
-1008069503,1582.6442053181956
-551928535,1579.1991281192393
-1746022752,1742.8838837176975
-1522321170,1624.9540849243626
1675095756,1067.1483838616184
2138844031,2003.9066987885137
1390494762,5679.462262799364
-54767360,865.1896319459465
1169800615,2433.559611653052
-1831366138,668.2530360112574
-1969154969,2511.8420495129503
-2100081105,3344.5319031814333
-635054049,10960.487833086445
-944349704,8363.529043708875
-198172938,2147.8390773584533
1117573983,688.1149017897129
1034493848,6759.746293337921
1296166802,2240.736610591277
593020452,910.1036294937977
1558534931,4924.428875682239
-1649522382,3801.75827220265
1131466757,7194.9700767809
-399913710,3608.5152485936746
1480851406,2228.942105303326
1358875807,2238.8769631850337
1189781030,2267.789987831704
1771385884,2062.9231922370595
366885317,2668.802011444709
-134374407,932.8336043932219
1973953799,910.658062991557
30846289,5108.749907089805
-2063171366,2350.320773061087
-31643050,845.0047825724741
1892883013,5144.338498723842
-1499677069,5226.6545636635365
2070553056,4904.050967933516
1255443278,3973.292926177994
183521633,656.1959552924308
-1410821323,3470.841849184031
-1690737058,6658.103098314985
-1312638619,2868.8970589406217
1777980492,3424.1890905705577
-1688636130,6716.862398219901
-1532207783,2789.743923578055
136363930,3051.868802757733
-1459092412,2645.847182312663
-1571536654,1965.8839200128466
273018729,3015.231569131371
1722002072,3012.735440867224
1525576348,2488.018092135483
-1760396915,2861.7244343702114
903351737,1827.0203526117193
-1265028019,4479.302192853166
2084250652,723.6892083100728
-468549206,1573.6806884985187
-1990173200,673.4901989899524
-1185563890,4627.66004367474
2033475743,2617.799521251529
1806771913,2643.841886722381
-1376998760,2609.536846121071
1112021740,988.2714754509324
-1709810936,1831.7422513093468
-1185231059,9675.992007979183
-605343970,2749.58088649599
-1496231684,2643.841886722381
192761070,1703.4640916866022
-1855304098,4613.966690245747
-213139184,1820.9849384934337
113859497,1926.8748735841937
2008158596,2157.380922909368
-38741917,3026.5251896435557
-2073864522,1897.9878772568404
-1233579449,2147.108930531938
-2135311040,1892.209683002925
1966371531,2417.4140303923223
-1362592246,2461.8075912501617
2077871375,3699.663145687336
2011322172,2702.0385255419
-1344488165,2983.69106797327
-1535504408,10888.503638943133
1322365196,676.4444771562573
-1038087628,12597.233405551719
665615083,1022.5426496873247
1101797320,7360.357181181494
1711648328,3045.0762271114677
-933999442,2888.3820405979254
-710932305,3016.8893809435926
2049222403,852.550610197438
-1179495399,925.4084098431277
-1388646153,2342.6055076574903
-2087127265,2108.056028792649
7727549,4811.8592723771535
-342890897,2313.7196731906893
2034158624,2365.999729517704
-221616034,652.329088742857
-1930837790,2360.729425679903
1601598293,3310.59530250339
1236653584,2275.4191235376647
1883618435,3791.7754800805005
1023485297,3950.3126991441554
574007320,2645.712374106179
343306723,1927.83850544941
1247387572,3251.613135559835
109347356,689.2859020654199
-1704266139,766.0217239761089
-1687433521,5300.14235966871
1417960879,2291.1057827242903
-1623392386,2205.868782538191
-899388995,2841.1747696712855
1489143801,2442.744743673532
860309398,2862.0936382320824
-900747793,5236.451126217766
-1981365197,3911.6987646147213
-886356203,2828.1442744702294
-1112349405,2916.907034213686
1631084187,3001.334914217588
-641726245,2399.611664041852
-1734853629,3271.189405191705
-1755695171,3966.7792016871276
-389882997,644.4938171651977
-1680416670,2303.6739358261825
561135130,1998.4903983645258
2126182782,1770.2426337441002
-1951907192,1890.11428356227
-532949861,2654.7601155238312
-1486490445,1815.7105357424377
980861994,5332.75326485659
-1390241128,1781.3906359871892
688219146,1591.4247781674428
356470377,2933.531887751286
1175295450,988.8737612611485
-1065698274,2123.512349375114
-29104437,1316.7825919958736
2057769362,4992.9613535966
-98567002,2065.5712532902694
2000450841,1795.911549827565
122932025,2577.169190188122
593356864,685.2784228704712
-1271112187,5149.4346722204355
271988747,3626.647903656181
774822600,2880.817882275991
1762826010,729.6230223844274
1975199781,2269.0146557002167
190806401,1339.0757434608076
1739282264,1147.2565433686534
663480004,2405.1332191217434
-211194648,2511.5327344906777
1067009909,5526.128141157391
1740388847,5368.5371527831585
-101417853,918.188448921858
-2099350197,3361.9757065202216
1996066776,3249.0274624366393
-1837964171,3089.598773820927
382820116,997.8425578599936
1873028878,3312.923557676126
-677365803,5520.062591784728
594551844,2226.0103199338755
2109161144,2721.7857094336773
1310651930,2091.023388836701
381852784,2020.7909056379187
1650188619,1901.3407782442068
-491010703,1982.9033008159338
816147354,2023.0451675229217
2021880673,2017.7624238369244
1892561560,2835.8467628685253
2047323858,1324.1843593351914
1104122515,8162.3857471672445
-1484188929,1631.8391044051548
45160985,1979.6342716419701
-1039441595,1638.082365759497
-924111074,2543.872404364037
758255063,2486.470402677253
969037223,905.0991585240785
1669887826,2276.4938121899067
216144244,2276.4938121899067
168085358,4655.612532341052
-1142513449,2255.0510196250048
1936633344,2276.4938121899067
-1896257706,2276.4938121899067
1420404151,2276.4938121899067
2008512832,2276.4938121899067
105745532,2276.4938121899067
549293691,2857.4702488404687
-691511539,5318.226868340583
864997932,964.6887042991995
1854249735,2787.41314956692
2100050494,3633.1409122972377
-1128763573,3276.8916120885856
-36338078,601.2891580441251
-471414007,3657.0378818629274
1892446425,2202.346952698667
-200026877,658.5721170711714
1943967246,6841.7648355740375
-737272274,598.3449830790898
-1272830423,4793.417920188244
-147193695,1181.1811410088487
1763059137,2346.010741506685
87894384,2582.1517495478543
-1002511049,951.808596400883
1551644839,4426.700512786684
594485502,4511.756345284266
-1326479763,4612.589509587922
-244914323,5061.986979070248
-729722720,5104.344329850072
1790226646,1002.718723794395
54885842,957.9861366701007
282652211,2247.1955693667874
1485133318,2698.3573837857425
1192685803,2284.290899912466
-654045420,4132.481263409498
743213750,6029.0213557260795
-1045374299,4162.133005657735
34080286,2670.1830222105045
-241611918,3643.6128245586
-61833031,1761.983967418862
-646238028,3077.7344097882424
134954537,2451.018710187675
-1085030302,2421.9358528626617
-1374317940,5255.292883367052
-341586705,5194.603186454658
129097255,2446.259831051941
1394784508,3024.920622654848
127839129,1884.9573213884396
1933880915,795.5211091177332
1346178563,3100.0578263356506
-577229166,5112.683870502675
694220558,3340.9450457455905
-214398351,2963.877957033194
-1445102482,3865.32401458232
-201706017,2750.309099303575
775226587,811.5604073408856
-1479542287,705.607072635503
978208267,3541.576266397666
-580553073,2170.327798598756
1550234354,1866.9299784862847
-1749405037,2388.3047371987386
2137499385,2310.990732767406
1438446184,957.3352000193191
1475320832,3108.2931468741263
-583238751,683.8915026035995
643008921,2293.8181674609104
1790635962,1788.1456585803041
-507085847,683.8915026035995
-1930073135,1814.9731642592603
378486250,3137.238035961849
-1398436811,1755.062522898058
-2034777636,1700.167997931339
1439307975,2754.192888360695
-1215956748,2405.8672906528163
412951079,2514.6465847459895
1959368434,2788.366736189797
1859937348,3800.8559727114603
-503512899,2420.151874108262
1161474129,3815.3396481951977
-708609892,2420.3397418183054
-923334623,2293.9532618887274
-1029522878,2761.1610111190466
-1619120130,2489.5201604105814
-44600950,2489.5201604105814
1124495315,2814.781231487048
1292449493,3430.2863315904706
1003494594,2703.4761664642397
1537781505,2671.9289663760005
1732175110,1382.6225026948264
-1229127841,2514.0630912333095
-1075466654,893.9992533600571
-78824648,658.6934083030789
492038925,4146.420049165195
1822719866,2733.737406848336
-1159807472,3521.465691668925
1486742551,3022.7280722223068
-1813240150,3190.17389381438
1280186374,1335.4304606935384
1339524124,709.1765018754414
-518402877,955.2039723697937
-865837219,2695.8448439760937
-1100390241,2224.3475964308714
1342099345,2757.4893960822587
-263942495,2570.7226957764847
-1418463975,2307.341774492213
-1439626857,2677.140458389163
-164665459,8673.211575452951
-1466384688,7694.152421405009
751186800,3388.7286300858527
345245581,2693.7362432825935
-681751405,726.3618926741566
1502438391,2125.763805287255
-365767758,8159.638153782395
1683189296,6442.648948023847
425321395,3548.5993514059314
331370291,2218.958512579439
-181857695,1796.0109573417903
1452489519,1627.8471118666885
1714158379,2386.6255985879898
80455809,3607.0316917402315
-71282849,2649.7604277683517
1889708053,2862.238605844782
-1736874398,3899.0034916907416
2080569438,10183.884145134092
-857954676,4824.3845035923505
-191925703,2467.3020449155442
-1680359406,768.890048349194
-461028042,883.628890503524
-130190262,4043.4758286700444
-1676064264,2575.2131278802476
-1990847908,2850.450179003814
-2058035438,888.6987773697173
-746045869,2621.8229920207186
975950706,2337.492335085093
-718392759,910.6087096871005
233429070,1709.5011617428208
-405144082,2755.4808079145314
896809428,1763.242456440856
-1681589966,3440.739503242644
-488871876,3010.1213403462743
93698242,2935.030955661564
-1281092396,6092.645218845229
-946795116,1941.6701483287104
1169433232,2296.594669567794
784353214,773.9497358623782
1212862951,1429.2767172877639
255867806,1851.035743306949
-1361294709,4226.225257877861
829689418,987.0411713115457
-887922262,795.7637286822417
-50111220,3438.6176568168958
1488200647,2605.933119891313
-427981142,1040.5606700909545
180580259,2687.903109322381
1671246787,2502.6351448922114
1186024716,1819.340838322322
-1869476015,2216.218725496522
-366949107,2328.5697931560994
-512656720,5176.061293110874
-350976114,1940.2082139796003
2016880157,695.7479354691567
-1181879194,3633.5002336109364
-1866945252,2603.847418902368
1465059859,2314.518248006043
1283517766,2666.234387746534
-835661640,2693.986871886484
982811709,3047.5579659273044
757556148,2189.3145071957924
1080334707,2770.9392370732585
-1873140117,2467.6408926605895
-830192098,2434.0819907318173
-909256338,2532.8932639488344
742741804,976.0768487795865
1284320744,2394.1152305688834
520272193,6192.5925694672105
1321941514,5466.763812360965
-353960225,5159.135888827564
1589139290,5124.6463725592885
632639316,2493.3486563998677
715750716,3091.2756104866357
179938418,2415.3672971976484
257100537,1950.4067885766788
22994660,2533.6728451985114
1862198755,3455.0274606721932
-387308583,3011.6704385073213
1930025251,8781.81917242564
806440243,4578.9916146898095
930209312,597.1538087834576
1845645409,2691.5571307549267
-67190006,815.6863852772138
1168132825,2886.1407351112125
-803651231,2649.7604277683517
1869121707,2738.8064673740555
1745255708,817.1151604117604
-627143930,2270.7452739845435
-31581952,4610.053345088947
805504549,2560.764264018235
637376207,2390.8070136383503
791002423,3241.9679570627254
926201795,13455.73644326053
-1728723390,2237.2579005847942
1771088179,3721.2928682489332
1183234141,821.6474609160065
1334308895,2296.942429247616
339516866,933.9079447296518
-1170361340,5513.884706191423
-645724396,2312.2903631706527
1172276038,729.3575246323918
-1368706569,1751.172189559019
1605678299,922.0830073869556
1691271127,2845.9887411490568
-1221526613,987.6047558879025
1666618409,1225.1675054654436
456119007,2269.4604773230126
-241007742,756.1241358868615
320704343,2189.422792390603
-1133057910,775.9488591642997
396428313,4221.255786494527
-364782754,1688.1664243831
-371252667,2954.587373544792
1557967480,1451.2509064653227
-1096216042,4819.029399352278
-1643979051,819.0276980250729
-1546506158,1822.3022959169925
1200708244,2537.051414202936
876183681,2203.252286213372
-1402578262,531.3886839206484
336997401,1302.2315914935255
-1437591065,1886.755151858009
-1744525278,844.3881356074827
124931508,3264.3535867576243
1191068205,2199.3159699792504
-167572103,2728.460379064668
1758943876,4739.126490287206
1118210129,2934.862603832675
1777221152,4498.544028790263
112016945,3864.868805831098
-624694548,972.2222543853097
-370745535,2759.945961317737
-945346387,2804.8969799910906
-2135840810,1854.2203921530227
489946371,867.2955925642437
-568196151,3133.4476431713765
1471665606,924.4453984886695
-663059673,1857.6255357709988
106546823,4999.611895177013
394100601,697.1517800825058
-2023419916,2963.706756720218
1923955873,3545.6885318586924
-99361785,812.7243600633582
-366795132,621.6771305839517
1243210259,894.6828019016499
-1015356659,2237.2888816973336
1586992665,710.2100324605516
613669953,2293.852809317445
-260433162,2818.9632497103526
1235163821,3730.433014208381
253501215,3589.487599576176
1937317910,3847.8941714001066
-1293688832,3625.7769787134307
1453225463,1833.2227219174385
1035755410,2358.9003276209432
-1213971208,2523.1791764212167
-887747477,2374.7609592061563
539689690,1864.8189813613985
-1984664767,782.7797287736785
-840743832,2705.690861102837
-443867685,981.2109659722934
-38773404,2025.7607402351075
561479903,4008.484244762762
2112652702,3511.8124832168337
562925923,1141.6173018159948
1689572654,3946.648808196013
59758584,3020.810997697512
-1498327984,2184.7045180468444
-1452756671,2240.094523969821
-484368650,2879.3799924211235
-521704755,796.0766129454854
-233687600,1760.741431027635
-1888640971,1780.5017079266916
277237988,1753.211992299225
84551776,1783.398587202681
-1290575040,1136.5284251412245
-677437232,2818.369210183178
-787079223,2366.6630485336045
-984115552,2414.4734390746203
-1215772882,2639.9627006805863
2028611918,2647.2297967127292
330860711,2652.6578947858998
-2010024674,861.7261733217248
2030658400,2860.3226669418145
866131363,3579.379982733726
-268817047,2319.1986769117552
1438959756,1780.1987717484433
2056711226,630.0588015856415
-1285778399,2358.5057323950464
-1909375573,2240.6343862971103
-500270417,1683.6078824389076
1785515304,2577.6882608855312
525786439,951.8052204759629
644451719,2351.8263228878163
-772313,2274.0140940223664
-986422142,894.2020594976318
1234315822,2336.335178963081
219797262,2336.335178963081
-444562589,2336.335178963081
-1978517582,2336.335178963081
1323001278,2338.11569877559
67787051,3500.770277502214
1363667966,2276.7666450748334
2125931521,637.6967347448489
1008337274,10024.458214738328
-2057996500,8997.183028367675
-920664500,14267.78622509983
-1379312603,2386.096092452814
472786362,9348.824564690742
385721325,786.5443998391073
-1910834084,2588.6178839923487
1079262517,2509.1405231737735
-1177838731,2032.70590619862
-827697174,1906.718978378967
-1276182,1739.7124015571533
1364432556,2254.347475601516
1752344313,849.3406988099881
-1275617983,695.9081363522376
1102879430,2267.664338620253
601330539,2192.672665211839
-511965361,1980.1133329684012
-1161367134,705.6927239334362
552303522,2107.1861059989155
1182644111,1666.0438554826205
595801600,2944.5994339973286
-521941193,3389.1914326642463
-158491598,891.1284916364203
952498509,1929.5850492846776
1901915977,758.1647424370238
-1439658895,1677.8712103554171
-2115320229,679.1384514273177
-1389004623,2917.501569068291
1426127936,2221.360446363595
2051624098,2896.2748295753704
-1419314466,4337.305552472583
-1295832062,3444.327773982707
1829248737,7556.020345817513
-56241629,2631.3046932583175
2134106022,1436.9831437160472
-1159160673,757.3969002961726
-102302255,3112.410465528907
1643744923,2010.0668719383084
-600906265,1834.814206210982
-382207976,2051.4981482291255
1384245802,2489.145405267568
1945351977,1618.7010735303168
-1429776638,2200.539645774649
-922310414,1177.9894853731168
-1823781813,2649.259387102427
-1342029913,811.8674507121289
-1661353695,2433.4468889516756
-1142306322,765.8662152346778
-969386684,2577.391823112014
1883205193,2289.497540560533
919130683,2420.7940233344043
-188535424,2241.5160176296067
1640865546,3005.8510745123126
-986596749,2759.615253292468
-551397872,2438.923575644143
1224447947,4033.5238824223165
1046369101,1951.5207005543887
1368197396,4011.332526712918
2250432,3011.3753799825754
495782276,790.9429569272014
-1110150201,3245.0998608838386
1688204995,6055.548014638109
614286926,3286.429082894019
-1648392624,672.522551294784
1304110431,2509.2996666064128
2035987867,1984.3663350872725
2010716628,1577.4531035716213
-1716049092,985.8085385341732
1946932368,11068.63915803998
702260044,5634.556033602533
-1215751569,3771.018101370498
-998552348,655.282090218249
-1912787929,1688.5396194621185
-1293242114,3013.9137021999827
-2080050722,2105.2852556461107
517868836,3503.395561972955
901363941,2235.880647946617
83697491,1661.3786937465225
-1874120567,2569.636828739014
1992928469,928.691742264808
-76232710,1620.7446865987713
1953995453,1649.2547754728769
-704026677,2465.0440601931305
-1585700003,1615.0911756085743
-888219286,1608.7424998634106
224483667,4892.278836345004
-395388152,3013.486205927409
1902606892,1984.3958646700557
-869969927,1684.7469376805818
-912004937,977.9682259266098
1232065969,3029.935834407994
1770979806,695.2101183250254
1067800011,2461.275559510101
-493532790,2810.989562943681
120304448,1833.9671983236378
-1763127731,1327.5625734455828
1805660369,1105.6728199691524
235145839,3456.5106197256664
-931007781,2209.902070229
-531680935,3822.5748058817576
-1745517375,1140.5061198959077
-1435343880,1759.1375046041296
1762908859,782.7939481896508
-180098608,667.0223564103713
1624492219,1600.014902166455
-532112528,1597.822182818777
-38410800,1597.478653892241
202512355,1597.7247071907047
1286340701,1628.3618796673816
-591066382,1141.6843582442232
57319232,6263.321162720428
-1912762118,1833.1334761906498
1101280556,2523.4421063981476
-1905505588,1720.6682072936762
-1917329534,3263.7430250337848
404145461,1865.680901794426
-1559269013,1865.680901794426
1375854355,1874.4814589970724
-51733467,1860.046674414931
1287108698,3148.74347194841
-862447177,3293.9462600424595
1419024179,3210.0889966750947
981761390,711.3463127174493
875437708,2685.450219258194
-1839954741,2698.3387004000533
-1743274788,1614.277485063542
-499571417,3195.5598172701266
-1332602989,663.2678110353638
-1487890455,2126.5634344408368
-179585868,2222.128817431596
-1163356293,3355.938927207436
-72090569,3224.831725243591
-1320542731,9014.762935931456
592903042,2069.031066003222
1824561358,2324.449947547492
-1666849085,5053.298851770517
1037421023,787.7443045836208
-382376442,612.2551590428396
-1310179573,4009.82859057312
833558118,1503.4252568286756
-742965932,2808.9312321369293
1374707142,1890.8946373053957
-220201706,2684.3531198267365
198026817,2332.3923374760957
340106266,3167.2934131651637
1263211917,2921.0935911838715
1953919450,2963.7464581736313
644888330,2451.118975939569
1851766499,1760.3353718527942
-1681282746,1991.8962649689176
-1010583055,2408.2091716695636
1582088754,793.1159974354276
-1498410804,1189.3262450472412
1091989213,2501.3348329630658
-1982781440,2209.2174302655376
-1008900821,6011.291680882948
-988557569,861.9590780174202
-767542530,2230.967710495157
-133722712,1231.1897663828324
-1168272711,2100.2427447410373
1829600257,2239.457675634315
-1153874699,2421.391040620776
-2094994785,984.9725013775059
1820405599,1861.1824669108069
473408714,1007.8623132678221
664789618,6842.246141293693
1395461872,2609.9594267838806
-1078383597,2069.3898850022856
-739624060,3807.600090231083
-1110475500,1203.7879549160941
-147969920,2337.984771317758
858975546,2662.780964266129
-534653460,954.7671341718976
938312133,1432.6329869773651
26024579,2312.9380506023854
871458212,2962.3122105063826
-2010654519,3000.0592714170966
19191137,1830.6055260558203
-2104034467,1825.5251122545023
846538643,1632.5569379750204
1220029823,1556.3259849546198
1440481884,1826.8701521557145
-66460564,1817.9817277573643
-581548613,1825.5251122545023
750275209,1825.5251122545023
-134508043,1825.5251122545023
619081844,1815.6499709193358
-620244685,1860.7315728963501
-422602176,2663.6005539144
1667603426,1920.4364228343063
2132873607,2380.8390593264885
-1359167226,1822.0701113964064
-986782483,3311.1669233153793
610581466,3320.713288831335
-1771137500,2631.7839150171853
1338034386,3459.44011759713
-1821385281,686.7082446506472
-780463800,4864.485750739625
396587648,2242.1552210257873
1299156386,2290.138993982198
117860818,1939.5418545601203
2022181910,1941.1125188446254
1619328790,717.084232311154
1697730391,11818.57247461626
-775718486,804.0690780548791
-1474592443,714.8960163803687
1193543356,1816.143662474542
-88006146,2208.0317620929955
-906070884,1737.07618046087
-1679706402,844.762246423884
-311798404,2428.381010434123
-1377906561,2501.7898316214178
552895918,2234.328552966679
-272998370,768.3961731706561
888392040,2735.8872538988535
-720230003,3267.040022906953
830598682,5590.407140277378
-768091217,2585.2550893881585
-190815483,2843.9023127974406
50918050,2241.8961913920843
1415086198,2113.316236906337
-328127614,936.8083747428432
-1762620319,2641.3829397745744
-1493346828,3169.828401778595
1886484776,1616.266274673417
-1886571218,7332.6047070198565
44881391,2291.658257482592
779716229,2626.50010922094
551863756,12788.895136830424
-2000549242,3301.4153119103644
105508962,5304.82573620832
2142709413,4130.258506536659
-1992155964,8421.124907940008
-1925552321,1748.66589374915
-959733432,2968.8271962304257
-1470022847,2209.0623313118454
-514149741,2977.914524278924
-1426902394,3586.2460759113774
-1060619559,2952.9544434332097
1911076863,2235.620107127117
1182641445,3017.1565776699745
1419443505,2830.9023265848964
-533631166,938.6967175926659
-1989347441,684.4483951585202
-1346247896,708.4901278721525
152853662,2258.3994542142264
-793843025,2806.526409158166
1035948830,2614.792848518263
-2082146678,2978.2503682273564
-585925387,1133.0975097782784
996254650,1259.86046001659
-727659389,925.8978467837053
-99005708,908.0523038804785
-513633643,1830.559184838715
1437081046,2892.9774080802404
893435900,1867.680480185223
-1270345427,1707.3240551344538
-693742416,1781.8596583569881
1922416669,2582.8952263303504
-363088526,1704.3346142971502
614665025,2304.682264089904
-8156529,1502.4024025482618
1802768701,1504.4956657025778
-264915616,2283.7242728377787
-1781794421,2200.539645774649
-1411922561,1612.7326373472956
-279906045,2694.767620670787
2100045360,989.4275548248754
1740309595,2386.9282857963626
-955098993,1588.904017750183
481699390,2597.7759531846586
269053064,1631.8032818368242
826429422,1740.632999831062
-841351996,907.7551791615427
455511308,11581.568474856676
510475852,924.7389113637172
1260236055,965.3139643960626
2126479769,658.3690297773683
2071579965,644.2440413954853
1010061307,2338.5136246877255
-1804819279,1770.3978542802615
-1859752224,1701.5356413920613
768379709,1594.6071567515548
-302792619,1776.5177828155784
-1177374541,3247.3556551095594
874098256,802.8752917316571
-703253663,2740.742564587336
1833023973,2437.2032927604464
-208018566,1788.3846152321262
157170502,2455.308841095636
-545457087,1750.9534892858126
400612437,737.7236763342112
1001096314,957.4953004445331
1869269863,905.7850484923815
814668378,918.0262977408444
678407258,1629.4323278901256
-903021417,589.6804857232
309435619,2382.846421999824
-1712864008,3366.2386444125623
990982902,1876.7862466309577
-1688264980,1925.112618541293
-1537997868,3054.7326992580975
1422347583,645.1068043741333
1454059525,621.4099577518837
556489150,2509.535663415732
-603288913,894.0665629831392
1183986393,2434.1299390743648
-1347729710,929.4456719715457
-891610555,917.404402425531
-2104741389,2297.8286291704703
1202015569,3077.729124452153
-1291019280,2687.881384938735
-701574931,924.7389113637172
-172038671,3760.1902980716386
-1104715539,6847.699218382629
-48743977,741.138460315401
-1734869090,1019.3065281175402
-361987121,964.9971748175761
-2074248644,720.6144906664617
1073844769,710.6064696508065
-408746351,1988.7075452291697
355039627,3941.882230561737
-258028056,1711.2756585846762
-2144520606,2338.6471118365275
-711808273,2773.248631228406
874699076,599.5341225738907
301287497,1941.37750948693
1969010908,5084.237796911953
2032702372,5915.705065295271
-1197835239,681.4600446935528
1660161120,1689.9836550477041
-1029555621,693.1252971125731
-818649174,3719.9349254666968
-1328329679,2994.7365417726937
1131647002,2991.561865375427
-114492146,831.4464711317079
1050589876,2757.231338212725
-383362635,10388.573949221767
-1912621257,4306.285165454668
84255641,2329.5911763642953
-1121334881,2134.1009644909714
955411149,2028.722811844175
320114706,2220.3787076219573
-901246220,3795.467223110722
341326791,2304.5641495343443
1316532218,2233.2540957639826
-987891449,3065.354914666671
-1436051144,2309.0035934760226
-840233649,965.7900277840968
1467411232,2118.2253815142017
1296497340,2205.953878923711
514380140,2307.7138801929264
23566652,2305.250590043523
1909650331,3089.903812467605
-125590608,2275.7252761614996
-1237669616,1078.6386998409625
-1623757379,2987.25879117756
-466760160,2200.926251353873
683635704,1796.9667572545263
-938040121,3877.5009308811123
-1206937041,2734.3295129376006
-1706413507,630.5152601046684
-2000014760,2681.629733654928
1914142441,1842.6352971634828
383977624,2358.176335876716
-1893983412,1758.5999629623286
1048958064,2107.7569015074546
614420319,3116.6687828641684
163924759,2066.7429800935506
2019808752,2505.5989468431635
-1009174619,2919.690642433859
1510495389,2233.929414808494
-675381182,2675.899608843155
-283362763,2296.013415281862
1416772340,1540.0080188039717
-1832403661,2221.2465529511296
-474342665,884.7292516957785
719515105,1511.518760040209
-1128572409,1858.0683491290206
1811220682,3376.7973340572216
-501692524,1307.568321277056
-1541616206,1765.7224533662122
1744754233,1673.9477626148296
634011568,2653.8912312790812
-1440800335,2579.9760064200905
-1705243310,3619.5466815485374
1856899634,2763.5509750219853
-9657622,5848.489296390445
-864205320,4247.729315851965
809177358,1697.968109808906
-851222776,2819.590119125453
996767765,2766.4518532820857
1345274238,2774.613972631829
812668305,3579.9103344520477
-1337951280,2496.041100829014
-1819871611,3404.292608127224
874128203,3394.6085655865127
-1992073454,1747.3566344685416
-1746085382,2073.668791140055
-336518790,1787.853607257022
598628199,1797.7260279701752
-1841308674,1468.2839557035861
-1277975943,2649.210962114738
-969339874,2647.750520231167
1225038258,2649.210962114738
-814802663,5015.8330764717275
-739860202,4022.6018187807904
1082278445,2192.284993866653
771710584,1012.5302302681404
-409336212,2828.5258952774857
-1915362709,3908.5714717048922
-635013434,1925.154114649179
604311800,3336.959320569276
-377074450,2288.716053129149
44936831,5041.221451147436
691490872,2249.366825303387
-2019957481,2595.8527628818433
-1964748438,2816.885461125903
414704165,4682.600240537459
-1148453129,2139.7872914679574
-923713089,2294.1806761565576
-971135154,2897.1830708667344
1227750590,1352.2487336280692
1774331038,2315.5475815574287
-508217918,2593.380436676643
-1911588596,684.5180339545162
-404194181,3980.9799284042974
757535429,4256.129463056355
-908403828,2900.301572731526
-1531733933,3589.4209791946146
1769716411,1802.028760864049
1030760810,2080.7548366007213
1018647698,712.5063304640296
685002988,3021.0147790964675
1533865754,3007.2643516220865
557192061,496.5730649767036
1095831368,777.1541828356835
878510321,3290.1960674123325
-2051667733,1964.670719702836
1415741927,2385.818864625593
-67520919,2270.1280417075372
1586620643,2647.3292798888547
1948982147,3215.78314155815
1556361227,3909.325149682291
60192951,3722.0238312581946
-503903481,2517.978885625751
-1756647475,3725.409801656967
1355182731,2620.6377042052604
-1162925856,1876.291646953421
1774298812,1995.3195148247578
337889840,1716.8228305124562
1230077403,1716.8228305124562
-783693195,2853.2803891941735
-19803765,2371.96734529412
628514155,1947.8600820396052
-964724306,2333.3014730300015
-1514271510,2552.2965297750497
-232671316,4361.390581723655
1900296520,709.4612748392096
-1112140183,2296.969477194474
-1953732518,2306.188443679952
1607330071,2228.532431870689
-901644403,2228.532431870689
-1661644486,2228.532431870689
-1975351567,2130.022371256647
511971647,2296.0107688745957
1988128020,2229.462976612067
-1359303343,5277.170307622494
1299099994,1212.8238505885083
48533905,3658.929042533299
-12558047,5550.160500645933
1757654483,1084.597707138503
-1108214971,3297.8309300390238
882499409,2141.825558185166
-1145950707,1168.8407381985232
-1243209557,5094.742909015172
1603713023,5047.333627892312
-1612701837,1908.9223181856817
-973089976,1120.5567843091944
-1677356993,1117.5498163267762
-177610160,2652.2651664964937
1522934495,5691.5007611068995
-1595701286,2649.210962114738
1048372762,5680.955287354675
1646832896,1535.5768318329212
1915261365,1561.578373857195
1346713944,3477.250822137648
-1275359085,3494.341360108998
650080161,1425.7280145823408
-1290857957,2657.735289119229
-245058049,1117.5498163267762
361085613,1929.9849281824006
-1463387583,2380.70064368002
914722973,2657.794960463156
-1837411477,2649.1439389728203
1223434081,2397.910047448864
-133005496,2654.4491980364883
-201744368,2383.7876564966646
-2017276552,2482.351564591296
-2118436213,2653.3316466407687
1876020158,2671.3512746919373
-1944981025,2652.190570685788
-859706597,2652.8046459533
-1164350048,2440.731683525718
-209826932,2671.3512746919373
191326154,2657.051809231621
113177073,11735.032230172712
2114486881,2294.0160631401254
2122948010,2296.6452621672256
683083984,2294.6817921637758
-666650486,2296.6452621672256
1063145023,2300.1657004559447
-1222902198,2291.9252797220706
-1064977621,2341.8464771452877
699708631,2348.116217710446
-1929029222,2348.551350194028
2082161297,3357.013099559724
1366062195,3277.7056120157285
-978302239,3315.4612594432992
-457698242,5770.236239376646
1605743300,4688.320972540581
658297360,3934.768688145648
-643605505,1802.602478699896
1256765574,4207.871647502513
438973771,3090.586230900906
-428722371,3074.1075279914803
477005112,2336.3458073631514
-1442143371,2465.572384614868
-1488840759,801.9082265195152
-1358814745,3537.3439380951772
-1677316969,2360.735495463963
445822216,2287.3100359198447
-1115595145,595.5259085163075
450770303,806.7725616659216
2146210002,2358.39240868904
-214667743,3487.2357974254387
-1089621956,4125.889791537143
1269812543,4713.443767883356
806264506,2812.493454285166
-1445366833,2212.0278674710494
-1251827820,3282.8749807065856
-1400136470,4181.6638583038675
608757843,915.0023648540647
322358305,2387.4805126119677
171228967,3971.54849200113
-690654680,4994.93307533725
1544571288,585.8726785203221
-668748592,6063.702455778043
-781604459,4760.573187801327
-350192117,4833.112275506012
502116436,4624.100784727081
-598664860,2548.551762248901
1757464136,2107.758545445507
1278499199,2289.3966109690973
905380570,2691.56976443215
1445939134,2202.172066293755
-415589331,3110.4095914612813
636390900,2664.3313419994965
-282143053,2434.8891079361388
-638151349,2374.0182955320083
-1600130451,2661.788561145237
2079235073,2664.3313419994965
1230181641,3536.9673441187315
856766309,2354.9100732712877
-795300088,1646.4691474468702
-1568165571,1475.1392136950867
-128895523,2659.630711186174
1875486366,2370.0492844910386
-2121189721,2664.3313419994965
692345480,2654.4491980364883
-235747711,1856.3548702469643
1665665797,1405.5553459653277
-1349805809,5797.318696793072
1228167625,2659.630711186174
-579957175,2656.6028456356034
-1444339534,2312.4256936414336
1444559832,3588.079897690057
1480488577,3356.9527093794086
-193022922,3990.1290206609497
306568769,2114.810383211841
1013147530,1210.2173892070184
1491052201,3190.219303756438
-733843322,3228.368174234638
-1194084331,3275.887980806835
-1223044051,3262.4450659105223
232007047,3289.83586114855
-539684070,3870.643898905356
-30824676,3224.2168938521577
-366483969,6357.41465230395
-1459374765,2617.7367839821313
1947053231,3076.7541049665165
-1901602716,3061.0274590462022
-1272325611,901.7617226271149
-704700362,844.5659440006036
-292632094,2272.4534004060506
-613349462,2285.749605044043
2051808917,2131.770641986883
1736766912,2292.975310700751
1126973380,2376.862067627601
-2000977401,2291.9252797220706
68545392,2188.0005183905396
277238829,2174.254148805797
-1625934649,2697.2248666254204
-921702247,9669.83346294878
-1167998399,4407.548187496164
-814227691,2690.463424380335
-517790150,5518.330124725426
-2132130946,2650.471280696469
-113902890,950.829717441215
-1981420241,2252.3868740757953
199144657,2941.7511905268507
-1933782967,2934.0384816806995
-740808325,2940.6402065766933
-1992543606,2936.8929262979923
2016105417,2677.117400711733
1823394911,2286.459917750561
1586618789,3382.914166649532
-261187406,2526.7496118039285
-459202894,2975.964197757979
1602257358,2975.392514583973
520544066,3414.089532809932
443453229,2962.8310666326943
-857120651,2254.014996997963
1184199298,2246.6085232717737
-1037916087,2958.33088481412
-1904449007,2950.531745519877
-2103374859,2947.968577898115
-1157989233,2994.4941839018993
930888433,2959.934966565755
653083747,2994.4941839018993
559069768,3609.0967456140957
-91626145,751.9613816249212
42342429,884.368040980836
-1950211828,1588.1096328017782
310203762,3403.027003698233
-823496262,2635.1895217745623
-1333558364,5261.842276233941
493098267,2196.9222344932373
1771087868,4457.118496873796
827079904,1283.3936538276653
-1990155543,1793.1103631646697
1476287107,3338.03733514836
1067782473,2195.500153808876
-1731850026,3726.629355361001
2010753747,2129.976279233307
1195989961,2266.1269534383905
1712050838,2179.2667026378263
-386376830,2284.4134044983325
2128286112,1222.477254472613
-2097652316,5264.440925164931
-1437357501,8181.746342963398
-531821215,2375.431292912665
-683495394,1769.3476486648838
-1993599164,1914.8888090071957
-678652405,1879.4018126111462
847921573,2244.2842485892133
1502385677,1875.8598009316738
486074633,1585.4994062326957
-1889568309,1080.258621468795
521049713,1702.726661644245
-938274772,3961.2469261654865
-98621056,2280.1072237439794
1545741106,6067.537309219695
1306415437,6202.348872325071
1867600657,1421.4326561466187
441746685,1966.6324081051841
-1477891654,6543.881011286884
1432137558,1301.5344348438252
-1469117918,833.8411556710614
-2041638795,2353.5827576119877
1043883069,1586.031821474922
-979236596,1575.5654248283402
-729330132,3197.0913057625717
-1342900052,4742.391158489369
862736212,1400.997061877082
-1324221332,1051.4521940206243
13970505,4174.455291501779
-1532594742,2429.4748663150544
-1584211779,3597.1630858557837
283720014,5498.24794128552
675875493,851.6066051370141
-1488824983,1385.308034772566
634969152,2433.767551084475
-315395199,6538.2032805541285
931259328,2210.066753373398
-763399424,2273.5654379136317
1772886800,3360.392599562328
-1853308515,3522.9602587494514
1038243944,2052.6530102026254
-1713710834,2251.6359286002557
-2096433845,2159.159677151237
1315787022,1031.0015346521461
-1170701918,2172.2449885585265
-1646036832,1032.297664237708
-1025353495,7362.590142493267
1392391034,5066.436701128693
-394494043,3944.593605671617
-1578365518,1903.8037371398373
619334721,6291.457907079652
-1374561930,5394.562605447718
-1656141887,7556.128109986782
-663976627,3406.2073306457764
146899278,791.904518291621
1045416299,4981.287762780635
-2057778819,2133.2912138141573
1429506463,1964.7539127747884
900913550,1418.3085272185147
-347678912,1419.7732791772341
-1036597898,2381.3159671855133
-1666147214,6363.7536428928115
1910632946,2408.4808892606197
-1769797029,3312.837107561614
-1478868263,2228.643322460158
1658789211,4565.090634508119
971610228,1545.8023379057215
1876780496,1601.6199744014275
-2062924662,1562.4931434344528
-1179716833,1566.6105090254066
-295303304,2108.24253833887
309031348,1829.3804214311856
-864078413,1803.9314216133232
75074516,3365.454152690046
-220577358,2136.0487489426773
-825707902,4244.209226574094
-1624328727,2068.0242079652453
1043552021,2863.405261040597
-793165156,2261.852095032126
190841488,3894.1800280569028
-606076257,3705.9517784370614
1214867572,4853.019261526936
723562017,3247.3073271326657
319357945,2211.861855257253
-847241890,2987.294984279546
392748561,2552.3951993767228
743834921,2027.1502131824273
321357911,2260.5664733850094
200078608,6617.318336038288
2055540223,2261.2224994862763
-1956461278,2035.527228700461
643327622,3518.6005523969206
-1877942191,2481.3414112944147
-1916392495,2172.8391615892747
-737667681,2278.120533142682
359355459,2126.358410463732
-935528719,2136.2549397062735
-670364966,2165.527183229745
894918560,2128.874656662654
-1675519266,5176.824359043386
-351290337,2944.6988803880763
59328547,2234.111624698756
-1039697188,2341.91474994075
345689395,2658.199680762446
-1606878103,1632.7224957114688
-528485795,14186.725774529856
843332297,1883.822362908779
-1312927517,1497.0915756249215
1169724979,1785.0529022074907
633580214,4903.892640520111
-1655346194,2156.667543394359
1902742760,1753.3031402931445
1045564463,3669.444924481982
1759674809,2361.6796441185834
1759947443,2870.116649032563
1297897040,1494.0350595669556
1713778751,3109.9423883593363
305344300,3087.9820695162034
1797234938,1483.1074677447198
-1247584455,6034.318275839382
179957352,1768.5178872370893
953736016,2856.7508176709503
-1314552742,1988.6122356465935
-1369305476,2440.9328502970748
143815119,1498.5515984993363
741404049,3940.796656805038
868491104,782.5137761923932
-681622811,2224.169803781969
-2082374715,3756.158406151875
-1657047273,3663.0802397141597
-476574763,2092.190165043343
-241800629,1475.421986741724
1785824835,4169.5050639870715
518873136,4069.4689063314413
-1672708172,2740.623797731471
-483436702,10646.326177538445
-1813006862,4764.895907968934
117146119,660.1122777622118
-2015943498,1159.5951922156626
164527742,2063.323074575416
1518944010,2018.3138269388028
-1487134670,1143.999281816936
-1837993015,922.4138201487758
940294863,2716.62176393994
1739596317,2241.72401891603
-75697401,4484.857846030806
345425968,1667.883920447879
2108008538,2200.539645774649
-265956691,2474.3983039730515
-526916823,2550.9600178611367
-640603044,3423.0573671240504
-1826120169,767.563963171886
-1007156155,2780.7856519377465
-491829426,2288.5472539221696
234892498,3149.3365251186183
-934906203,1498.2138950232843
-434255471,2826.127080402193
584844333,2456.5264176807086
1737586018,2459.8929666405234
1028620576,816.7372942331752
-38494123,3012.304273261946
-250473009,2688.5715788168127
644972169,2700.7261261024823
-951553022,2327.49488188419
-1851409597,5615.728856248694
-52042866,2669.7198235740793
2085550366,2283.8771568533853
277840788,1616.798762880763
911746142,967.6183479377592
1329589007,4467.407729687496
-527763045,3708.2852787578577
1445313078,2484.3245523661762
1780849173,3366.6995530177915
338752025,1897.2570593989972
-459530094,2499.521443151285
-871931399,4258.643210854746
1248603093,2853.2557163545675
460145615,2368.0723837111886
-1145806165,2273.908424904393
1915632554,2290.807470111667
476079366,2862.381594181974
-423410758,2700.082650247249
1140923672,2704.9779925771168
782883039,2753.189232258875
1658314764,2505.234026798362
-471392642,4096.487520922537
-1750858429,3304.6873006281407
42340206,3042.404819299957
168400052,2356.4482690626182
-222417538,2193.8736728535914
-1636650088,3074.690061587951
-1986535339,2080.1457524541765
1271507583,3128.3456527141293
-1068231743,2259.916282639292
-57629262,2350.892795744814
592972394,3334.4636485614456
993833479,2345.5293319374705
580772250,3278.107462925851
286112435,859.9363672199797
-1056336663,1531.6486073308226
-1448926159,3026.8933214668223
-1920783940,670.680554648001
-583069551,2540.6923171587487
129843708,913.9676598325316
273038086,2570.948318461003
-365011268,3374.9887924367185
-1168526641,2475.131413817531
-1517556593,1588.6054700585164
1159248791,1992.9663618771447
-705493635,1799.973195533224
1655013439,1801.5484353308736
1512473104,1799.973195533224
-1957444289,1798.0210385433595
-817205131,1799.973195533224
1270465914,1802.6724345162968
887084464,1783.6039540847917
-987860481,1801.5484353308736
-244348541,1811.0684518743735
1925411587,1801.5484353308736
-1431187761,2068.2881455431457
828799512,2475.236692457748
-397171477,1818.4182412768243
-1884913127,3236.563021286652
594432436,2417.1510377021486
-1015884812,2560.052786895507
987247267,1742.8634306270114
924007804,1634.0361046755181
769816353,3628.562536257734
1547468108,3927.317197080731
-1062138351,2293.1169661434405
-430409377,908.1759369841828
-1754866883,781.2839587115183
1976048262,3662.335550725841
-663507397,2757.6319775498
-1236669809,4505.432944789117
-1029810622,6478.834945621482
-1288470423,3317.11446137303
1622630606,6508.101895350379
-1682596289,2584.6563305870172
2086773226,2700.082650247249
-366119472,1619.3950602398022
1344136877,2451.3336306054453
-2071718200,3506.489507109018
-30040482,3824.8790105684398
1949091649,3680.610509316575
1994716845,6172.182406158685
-28064302,1935.4347425926649
-129716741,3959.665410036822
-195841968,1011.8159152363717
-151053228,2462.537963917205
-1695685934,3160.6174954576613
-2034697863,2024.127331898245
-923410193,3694.9495445512507
486601890,855.6630854090788
12160973,1621.1571184365484
1238132506,2300.027538448687
453871607,2311.0250240770583
419782449,2358.469844211199
912367818,2181.2812819416067
-832186651,3718.5645965947215
-425568149,2377.598484700153
-1596747640,2378.585353164607
815230350,847.4799087230572
-1175713041,3189.4186671921802
99622568,7076.339207829386
2033758684,2423.6923645845013
-1473778590,5062.492166577277
1926746338,2382.2727640879207
-140460185,2361.355037177972
640721432,2530.178428368079
271418076,2395.956450779672
1522947354,4340.224322249448
-297765029,8062.468448715334
905172346,2183.137272110305
-20535228,1914.4505257723677
1617517718,2322.3513613643586
-1868118427,1695.3364372736482
-582145678,2201.18848783779
-795130349,2877.413986636795
-887562717,2335.246340877486
178036055,2360.627695843437
548093205,2341.169416886058
189977354,2214.8602909872016
457828384,1695.3364372736482
-1014754349,1712.974773929178
1047884609,2265.9980030918837
-648738077,2229.0898387561256
1926162262,2265.9819728491566
983789258,1419.0597004380825
-2146396826,3650.0503278015726
-625647685,4184.277280103455
-298746676,659.0293716675524
-1538798173,894.2363750342448
-21523334,3258.3984771374194
-669517648,3682.532517518966
-1423889466,1028.2278264827573
-1482539348,3669.5860606572214
-2006758024,6000.72694657593
1226170564,3674.142777377898
1658707672,3686.7930617755933
91260653,3683.8840611318024
-1997466464,3639.07855954627
-1172972634,3647.211472211717
1869243375,1101.5084293023078
-669547292,3727.442076607285
160527884,2291.4642306333412
1862401984,2187.9005650314466
-1161731934,1959.417688197358
-1025674131,2363.371526108016
-1060416205,2493.032497702183
-1630061499,1849.5867263073476
817006731,9991.368458488096
-791843795,2306.9103191595373
216839252,1469.7277820224085
-1470161105,2869.1050054373595
893449216,698.7532154061902
1006538624,2435.230936426249
-1631507245,2518.469986277619
2118416292,946.7161714370657
-919919312,1902.6649732795627
1376273850,1833.9061836844896
1823155604,2167.952672008795
107028540,2622.5038709782098
-2037664406,3394.079773567712
-1643210849,2744.721852496081
1208742840,3642.1230722403247
-1569820294,3647.211472211717
-1870561903,2803.766593188651
414809794,2789.8970520763964
-2034448084,2569.1450174511206
-819355769,2532.752060185022
1741099524,2551.6014658387453
1201180998,2566.8005244547903
-651387072,3633.241402548754
-895971001,3601.609066440784
1390036488,3693.7333897495596
-323440267,6417.525511892941
1831268815,3274.4063467839105
-1641607339,3099.1481328873483
-521369240,3169.86416177584
2138234327,3371.4293885431075
1100660612,3110.593789433613
-1211824686,1873.5772873171654
644327915,1889.721679432714
1846715068,1957.228849294307
-1867443003,1931.919370123549
-314523555,2268.6259210048484
775925044,4350.677784430002
-327904622,10929.313512109842
1354224068,3633.241402548754
-592666017,3633.241402548754
1260437708,3582.718558758667
-481945304,3647.211472211717
-976132988,2829.8317071657775
1904671989,5605.071487444869
637997995,4109.136732759364
1817936308,3926.093783333336
506579992,9348.821887284474
1719212357,2705.879146488643
2109522612,4524.6587337793335
-931403824,5742.879598691554
1944605474,4570.333776141251
685169645,8719.262468353827
-413918544,2756.4891172099597
620417765,10564.796180301499
342414610,4038.8021289002563
1960731851,2990.4437831779346
1600561922,2231.6161225696337
1606194804,2259.6758091962524
-1472582572,2221.2324499054816
9892086,1773.6022933393413
1237592219,2094.229150291493
1579245539,2674.3151148911834
1110297892,2171.7391298848934
2131797781,3276.8450918369795
1155239193,3589.018500442893
-1066271303,3164.923057564366
35717487,3199.2127871786233
1663827953,2246.747354801002
-1107798157,2902.515602108305
-733085286,2097.9212368601134
-605090975,2583.6133325847345
792824915,3834.295427488867
538685630,1881.9406802045137
154696980,4000.0566806549327
523018232,2504.827809693486
1036983918,5014.61947910543
1844544620,3163.4573140073976
-14527938,4241.822557239746
-396599735,6423.861443391923
1467102039,2914.147569284841
-1933586035,4673.722621300453
-744048773,12080.601215740682
602375015,9754.34440738969
1291762236,10453.23053209678
926168350,11656.486484457959
578073464,11793.191839985971
2126998952,5097.025602600848
-1352010504,7121.252445523834
-20475760,9314.195708771094
317859089,10516.175821963241
1203406115,3113.9701692030067
-1850288029,3496.321984327108
-733830832,1900.043215640432
-1319647047,2833.2330672371245
1045049532,1828.7590145428596
1518837424,1936.3167134278294
-767496930,3319.715636433606
1227446791,1882.5643317229965
1381949308,3719.0386035948864
99374497,5766.147589735952
973118906,3246.362186561989
-135737151,975.2344907634124
-590350520,3168.548471360766
-571534797,10286.13830752749
1856076877,4367.063349305331
-819079927,2323.708478477128
-1568244321,2326.459859149912
-1614400168,2120.462989341012
-830559999,3533.630828819427
1191586091,3253.2574327397497
-1187587701,2134.6394588464227
-1909250302,3496.448434335714
-1774766438,2312.8062527473635
1465362364,2191.420636844821
-1922460738,2940.005135656573
1155845849,3529.9806176368925
-1311177292,2959.073314492732
-1980395612,861.3873466069824
1225458886,1673.8918649952072
1277384173,1903.8749002838651
128381814,3998.179530174682
96830735,782.0511559672932
27852896,3086.2140831848396
-1977881199,17401.557114569023
681556723,2176.960328446347
381150494,4076.6300691773768
-1955531656,2266.818227369131
559788018,864.6004490140207
-1667956882,2336.299261031452
208097275,2308.558131297375
-359306657,1002.2830103548575
-475485962,1449.217255150752
-974873210,1491.7740257845244
1560327334,641.4317085594796
-1680713437,8904.274344396685
2000895218,1528.0154402575379
-1053411553,2696.4634241554795
318339522,2411.7648843870734
-1706752846,2710.847794066979
523752990,3805.2336625243547
1389908722,572.860157147942
-4411933,1995.9738536468249
-1914788449,9127.583165652246
606354798,720.9652508018725
-2005087986,649.3291747546044
376126502,766.8293418428972
-651625799,2671.6400432998457
1709094122,7169.2707072682415
1831873949,6313.187065175568
1144383853,2699.726795010615
-1774224492,2528.9092819220027
-507171499,2296.926432866611
-627714492,2306.3415330556445
251455910,1943.5441348765826
872327695,4576.544227801236
-1809181921,2415.3029738151135
563300734,2413.628771028787
1558403240,2459.9157258562655
-518744078,4156.419177915507
1714613693,2449.628359846817
373750213,2015.7239583931066
-647020548,4528.181287659876
-1640166913,3656.4492109616613
-517075938,3325.3242449860777
-1040096098,1975.7786176972188
-380533177,2794.5638074760304
2017016049,3119.4135866039874
1852338328,3079.8628028727744
992171040,2591.2422299620475
-603983445,3172.7808600399635
1577463537,2246.192229119812
-106769510,2264.172154524675
-309256309,5628.286705076782
266929943,1164.1686559559432
-807927434,3798.6971374550176
-1066254206,5615.518260764888
-960968914,1087.6237339075194
-526382934,2282.1497923153397
-1643373954,3673.6441585290895
-1367637506,3818.799445714502
-1192949201,1146.5534826274693
-762627152,3464.7527444966727
-1372397099,1858.6875671352052
-1644436781,4371.477131753994
923692918,2769.292822524959
-746490026,1578.2792352552128
1679908045,2893.199460318811
-1988335914,2627.1151222379704
-1192134937,660.4161471615209
1621004622,3759.6432200645454
-868997997,3155.1014222964277
2115208485,3611.418659553461
-639421476,2662.0648980738674
2052739353,1898.4363462285228
1270941003,2264.85429917935
1938946925,2264.85429917935
1427141985,7197.644499726923
-1451005475,2153.6066654028905
1941820355,1743.500611981056
-484734853,1679.9703009511402
-43022496,3371.867670476935
694183851,4136.540577490849
872401612,2994.712675484744
-1878304126,1797.9741185798987
1845864386,3214.5894961958425
-1647856765,854.0791502600748
-2013409981,2060.3586161097746
-536735863,9392.995347134558
-1539846736,2865.8972373780794
-1752000155,11285.103222988622
-759499557,11160.561252313917
1603996669,3164.204410396126
-745669926,3403.838769109932
-1417507061,2591.8544179977803
1614881628,2914.4709723918945
-1437879903,3186.370295523365
2075921532,3148.5745812898604
-1223265142,3150.2787764109676
558347193,3171.067572152497
-242068881,2245.328249385695
-1578449535,2245.328249385695
-1277719687,2250.596444862219
1195881405,3169.3521345591143
515226451,2187.578928340471
-1019142115,2352.585923061714
-736699535,3448.6086713002483
830572455,2250.596444862219
1487430614,2245.328249385695
249897490,3419.935769706627
1388826415,3708.982866118569
-1108599703,2691.1579003998327
-408585269,2239.723710662011
1854144683,3131.404228147667
167115845,4004.9409156972224
286816331,3169.3521345591143
-889914750,3148.5745812898604
-975691930,2264.02709256815
1777149154,2165.79608208919
2115168094,2169.0178211734974
266469072,3576.8627495261435
987114573,3171.067572152497
-1350836778,2245.328249385695
-1196939880,1814.9996551429874
-1491841402,1841.6252914465667
-897581502,6998.338329202123
-1555788044,2172.731093035561
-601214399,7115.4189267497695
1489523973,7407.840090059843
1077876869,2234.4275622118616
-1789473785,2207.3836273956417
-802389196,2207.3836273956417
1127601622,3786.4588119242303
-244643805,2238.8177631642525
-849512995,3185.3098537842766
-488861439,3145.5537016540256
2108581726,3543.9611075710645
-1373077306,3050.289649418717
2044843476,3374.905343309882
-92711464,2944.051812016758
-772888463,3275.5244777181074
469914104,3319.9852215006404
-418303230,3157.711123501208
-370307321,3460.1195137164877
1684200487,2335.907557591205
-422211246,3278.687355885326
2022831504,6388.6042292469265
503785876,1558.120813802461
325542827,2158.763997247054
1066563206,3023.652695924876
403456517,1812.933708920716
-1720317426,1821.1002427357314
-155330961,2951.32628034145
-467783973,1699.516969582901
-656380855,1815.2962386632473
-2027690962,2003.1067488076687
1989273962,4566.9884249390925
1370104963,1832.8841233566227
-1659007821,1805.3486358258733
414356583,1811.463510783034
-770932164,2660.129699636111
-364536852,1204.0692039796088
-213137281,2240.373690778546
1791737974,2238.8177631642525
2009912275,4759.976577950488
-1825292939,2634.81178086569
752589703,13159.738908800578
1334561340,3015.505007520231
632158083,1842.7943663133872
-718308608,2352.635541481051
-498898137,1898.7844191380996
1645554141,5240.016230314561
-660750754,1845.9251434480905
-252759846,2345.669562990247
-1429487834,2296.443410333986
993714460,2292.6229332196704
854109854,2232.6770595735807
1385665312,2174.553296597319
-1584224763,2169.006531868642
1291168452,2230.8505669678916
59103229,2290.2601449087947
-1255968292,2304.1851663632456
-814618769,1887.097954068164
1400994279,1888.294672608909
98032075,1900.785237651837
655264859,1845.9251434480905
2114802815,2238.903377633417
-426902382,1855.612990639099
136094488,1859.7258384570798
1448858758,1859.7258384570798
-1561858786,1856.5941254413954
1867259618,1821.9790610795253
1650642131,1824.9887376868724
-2075229663,1845.9251434480905
-388740051,1845.127656546934
-1068373806,3105.9906834495646
-1956931574,1857.9923373193683
-2111547381,1855.612990639099
-1207705711,1877.1394924969918
-188847418,2230.513478558059
1230470297,1650.5872833069
1847919821,2652.9048824061624
-1981513595,2652.9048824061624
-1851023428,2652.6147952713422
1332729483,2979.123124502049
177687518,2978.488617924427
1035405290,4773.507089950747
515588088,1825.7280951109226
-1781463115,2712.1917848822973
1763917093,789.7627451522584
-1629298744,2235.755299537489
-854047182,3000.6101725645904
-1622317587,2542.9395712305995
-1589245678,2850.0728107610366
-840602132,2736.849799610272
-1154008888,4585.489686865906
1010803063,2420.1180568711843
-1999543347,2246.150859110236
960429965,1654.9092008828004
-1738480125,2270.0541471734678
1110974436,1810.241847589522
2119690551,2343.663868470378
69476952,3882.5296804474583
172643150,2282.7946082684925
-666252763,3273.955470893206
-1934052011,2172.731093035561
-760156158,2166.9270999481505
1008345733,3655.618980416344
770787506,2287.5063855820426
520122517,1476.2791060046661
-675730156,2207.9359291958026
2051938434,2215.6680732105424
326537569,2278.4203698454153
-834781625,2630.7048316905925
1610210111,2277.336426857034
-1247389841,956.3503440170308
-1921294010,971.3355112055381
1147645987,2277.336426857034
-1642773723,994.0227201293703
-1330930388,2266.4749913313603
104762800,2284.290899912466
2146092627,5322.840552123758
1148157190,1873.2719752867742
-854296799,4262.750095123558
1449488429,3094.4458875005366
-1514406108,3022.5031399544337
1941719640,1601.819427634337
-1205983909,1601.8428875498512
-606326405,2298.897424275398
-1621897733,1470.9139580746398
-75737843,2255.4432163767037
1452343160,724.2410366533331
41318965,716.9926448955267
1832509223,602.4682828746496
-845124562,1022.1072623155444
-496097735,5293.194056790539
-1256550311,4988.735261351416
-1407648768,2334.060350364908
753544730,2335.8572682535487
1407905549,2335.924022470324
-1842122926,2244.1001570963394
-782118918,2362.0261663824995
476469251,3609.8692036967514
-294126500,2662.686264337774
-1528605458,3809.221550104609
-1682987274,2537.533863437456
2074034905,2146.1272398082706
1479766202,2169.1728637449264
-1775874344,1928.6248527390408
-1682753141,2379.9802149591446
-1464718737,7135.428908549583
1424365142,5991.570472152379
2048981298,3616.122288572693
-440325317,1723.8155284282884
844431492,2846.2787353327476
26966895,5252.933006678234
-1712065327,1347.3625779725517
-226942342,2954.1024863092025
598285226,3483.919802575921
875513640,2465.0713723099475
1605175661,5111.08729932884
-293570213,2383.2792056852777
1397078665,2299.3016137927707
335056789,3149.093312032668
1622783917,1821.7354800211313
-146664159,912.1119484982842
-197808304,1886.67268008857
-1959148840,2273.1872270031035
-845534274,2930.7645392004288
-1920751099,3227.3486068453903
-2081873624,4020.809063749976
943080127,4098.565878729618
1486399274,3682.1145883182644
-2026931703,3243.7381168142674
-1159653174,1785.9935528999729
-1447578635,3390.2056926992595
-1224710093,1817.6119879009439
-1367139303,2295.755023043611
1634090267,9568.629995315836
1159846528,1788.511913059613
1377629175,3040.7132874775616
-1531944599,9041.951856017462
-710899776,2928.7366041406
-216308156,1917.7542613319229
-1606736629,1648.9124235992354
830531954,1010.5199364810088
-941040065,3907.5669758791323
711350527,2620.85999057443
-649265919,795.0366936051893
2014678690,2870.6769828455285
-287662820,701.3743214309063
139175058,700.2043321979831
1069733407,2309.3055110247087
1294605255,759.5046295671705
1235962149,2707.118469204077
2109567679,3065.6054338624544
786394508,10989.930533687979
1125003636,2509.8283173360587
-907195620,8015.314054884088
413435233,2180.4135781263844
-632137903,1882.8241206005673
1073511731,1546.6017122264711
-106511604,2328.5069258012873
906274637,1800.2002322507394
922745070,2324.799954798
583740171,2869.6608664313285
258311179,2012.9064996982352
544254776,3474.5282126535653
96313300,6217.7627692936485
1283768210,1685.4395078214147
799520638,863.2290772633596
-28319545,3250.743450505918
-1394548297,1425.0846103163515
1756697707,2311.9472885802916
260602709,2324.356116462101
-2050446380,3005.356768160409
357882150,3470.779485323137
352270832,2410.9596459710347
-1952210750,4491.23278047606
-1642621067,2925.9562528290453
-191928772,2710.2310300253926
1836287932,2383.4587312328363
-457012097,2345.0562764499628
1924072817,2406.2107951605603
-1088487050,3313.1332216239725
1630070998,3124.6532385301425
1482892228,2327.4598531056577
-1667326120,3056.6936815825006
-929121117,3516.9772035996057
-690440796,2382.172750092974
-1602456857,2878.643260163893
-1345437176,2871.8546460834586
644618795,2169.7487175065316
-901606221,2383.4587312328363
-58749704,1759.545578760177
141126810,2591.7100070734314
-1153917261,3171.0225647645607
199831985,2466.8720170294264
-743241546,914.0550592429147
-516206160,1646.2984071539959
1284706573,1111.4982599901068
-581173447,2196.194728133244
332193830,2594.661659529778
-1346714199,761.8873367569673
-904685853,3339.538635624468
567550266,3138.829566722781
2005173219,3405.6350753401684
1312042658,759.9830757032903
114446740,778.4747322050506
1691358656,776.6376547234432
-897194639,2278.4556491541407
-1241794731,767.4988927349415
-1086442583,775.8082983203478
619629136,778.7291696120258
1951367648,775.8297021067344
1967291582,1881.3294384484777
-729465151,3133.1716108560413
-321581744,1130.6245244359477
1957781951,3145.1402890153295
1154862745,2303.182498182876
-1274337444,2275.062636188784
2129184544,2388.4021588363544
-674499441,3502.9871601534214
1474498088,5834.032525559314
-2039992721,2629.860953106754
767378117,2634.0778175054697
-1053201386,2612.804102608538
83215701,2197.9910925716654
1773416428,2270.673845531963
1591252589,2848.3871250201296
-771666321,3234.2661148575658
-1122838308,2246.04444572425
-1020640548,2338.001518349061
-1275252798,2927.115826654467
-1856899336,786.3339485836844
-1555950536,1066.0301843762704
-894561005,754.2950320300753
-346453508,1046.421075202885
390206523,755.5969471677217
996313688,3121.529483859328
1697247342,1685.1896325301648
168090512,3251.339475357115
-2040563078,3300.5151916690074
-222580275,2137.251313472465
-171728840,3491.177879197
-803803598,3014.625090777733
535357270,3003.482446562911
791823193,3008.5634031866975
735324139,2155.8019171215433
1985869979,2146.2703539351974
-268349699,2115.1672856907207
-1082314771,2074.0108677339413
-1846985156,1969.0533353345465
-916581855,6352.745733031829
-692646169,2241.279372621592
-1220481330,1016.0101847950967
-1433326780,2706.176193770642
-923725287,3185.583916612699
1918657348,2351.4393275074394
1357617662,2333.0554319912517
-1309983737,1422.5476144034849
-1405424934,1685.6176282396295
685313117,1696.759284549069
694245655,1856.3025809333092
-2051982934,6258.193020950115
-1561086364,1474.5920107096563
772805275,1456.1802358360983
-576869773,2373.2861993635574
-2038190644,2299.9219136107936
-828336702,3240.691460038819
-199792557,2354.5295490981853
-106329435,1813.852538752981
-1076814679,1837.123062298105
-691244809,2437.9158239913686
-777420596,2285.770930659776
1152607177,2426.6102649283
1955605039,2426.6102649283
-932360693,864.650803291227
1187579593,1242.025003240002
-1592330072,1981.827462347343
1943292489,787.6407841536205
1431891388,2740.8900491605305
-682234847,2795.844535346181
-1166414065,3797.194666632239
2076166405,2157.3185694305553
1671369266,2154.9609800949675
-1003667849,1599.2846222144058
-1923530412,2801.6466545090884
-1519811236,847.1953038506608
-1253742856,11728.019013177945
-220690352,1647.999172489161
-1279883815,3928.005582778137
-970881799,2592.857739013238
-872243372,3040.450702826945
1848512757,3257.378029301956
1423600721,5380.38657047126
-992864269,1809.5994732386403
983988761,1283.160108743556
-45549707,3019.2046342797807
1316142217,2695.8087800928483
1847859211,3018.457550830562
488476392,959.3244263678293
1217764700,2249.903601342413
2023660685,2847.6258633069747
923908186,2755.844402233018
-1652047731,2872.090157912253
952638808,2369.165969985698
-1573144839,1911.367269627982
1314229196,1595.409678308256
-205718543,2220.238507603108
454693843,9259.351441345754
-187688323,997.8773872112156
-412421917,1685.7517856350296
-599018654,1685.7517856350296
1646496684,2248.4693841589415
-1073210859,2244.2592795371306
-254833849,2248.4693841589415
1485277901,3008.9501045759985
-913073356,5132.560595648381
-791207778,12431.958364857037
1351922625,4025.5216811274813
369128274,1684.516863475778
-425127786,1637.88566146982
750534922,2397.4058515869815
193565078,7251.37354778272
-707226803,2902.521823204915
-295507059,2283.7164994598343
-773928487,2880.4696801882487
-231893566,2279.1326270867744
787030040,2358.825009998786
1507718298,1877.7207972450894
-267958699,3465.396895534439
-2107684085,2364.7568356419174
-367992277,2936.159663344928
951036005,3559.199449975063
-1272225828,6882.322897702431
689687246,2782.633941139606
1477695908,1110.7080439569274
1478945844,2237.912955570686
-996136418,5089.5972264333095
1626446061,3689.239938641893
2111226099,899.1991625329762
7576178,708.9160522063959
-594666333,709.644786847171
1644703138,8923.102138929435
-1374496256,1955.8900009172012
644907191,3238.8637315852266
1299731808,2876.1785084106837
594521003,2072.664579912427
-148427076,1710.988028415911
-874231825,3481.681195493174
15972368,4273.1761845801375
-1306362217,2266.6511633651053
150288758,2260.8797474895573
1944967505,3980.0801150128864
933864706,3308.909596030896
473399635,4076.4711904219425
-623246142,3647.2209162440367
-973679101,5352.513656771787
-1399351308,11199.986041919901
171034315,10807.451966770757
791551990,3884.42616884937
-1003737937,4525.417247489785
1382765944,1184.4895939053145
1018569479,1632.923641566585
-1007905036,1289.8265176368188
690042443,3395.3120370543143
413101483,2358.241271598642
1543184530,5193.159212780128
-59372177,10748.629987720347
682666891,3453.4476798403102
-1547074490,2275.824067082766
1628222625,1457.8484959902232
1956090956,9705.997406528362
1939393954,2983.389202074278
-391568162,1874.6562970047855
56706542,692.6867087487346
-1536237759,1236.0793794989333
-2093899584,1805.6405915390837
-831727642,1839.5230524481826
-83090910,3849.5240185238213
1277637078,2209.125379709309
-1230271274,2640.3040197720998
-1158268548,6492.061020031873
665952522,2314.121886948194
1869106322,2261.836192318749
860141673,2988.9954555695704
-1685515420,2296.472450966162
-1084764335,4041.291982483885
1355843432,2206.2663944771575
1175656150,2126.7240286565584
92084780,1688.9766552592416
-1709023034,2314.121886948194
1127940295,2720.161973912356
760692293,2731.3556644377772
-1358260363,4161.825445515068
-810597249,1839.5230524481826
1926297600,2195.1548532712054
-1366675942,3933.9890366792742
1549182667,2308.706322974994
-1323061128,3383.1465512941404
-105947042,2303.0158222931077
-121035194,1874.991700370402
-944798683,1212.3061460288109
1785220484,4362.804082959139
-1568803165,3076.4542626659113
-1413726996,3779.7027991076393
-108726218,10102.454637218436
-1897382802,4922.768043582911
140178005,2375.163174407069
1324290289,2894.623465778457
-1861975425,3495.094073270115
-705799784,2235.343045977535
-2031347161,2238.8032451016666
-292285652,864.3969746277339
1376224341,3170.8549419078295
-809419327,2314.3637521444143
1094334075,3021.3552627680533
1338982643,2202.3152686214103
-1988233651,2294.0160631401254
-2099137610,2309.235033260843
1236405365,2312.956423326061
1588633420,1731.6792297831266
314569985,2309.1084863022043
1078763634,2220.511166519601
-1220489927,2955.2008108050677
-1219982844,2319.530588927725
704192529,3037.2884890429327
31459318,2312.956423326061
-1984810310,2233.786571572722
-163517395,3301.407758747699
2070367988,4657.432895435355
1340559093,4708.149070472414
1917623348,4687.848695486884
1835564490,4572.736746687794
-1864337646,3109.0553089164205
1109798949,4204.004024344734
500209788,4606.3460591225385
1683984666,4336.940536168388
-34752376,2171.488991646393
-45317888,2171.488991646393
-1304126106,3099.4923701922216
170808294,2845.7242446718897
-1415423437,6286.191970602412
1490035132,18194.380243010528
1357898732,2229.5320860603897
-735694602,2238.8032451016666
628423887,2238.8032451016666
-772346524,2236.3443193944327
1061526313,3626.645015334773
-130430817,3229.554506843486
-254550042,3144.5929758114225
-383038623,2420.835375124884
386944973,2904.1810947001077
-231859530,2757.594252158626
-1972200241,4128.558993843264
-771617907,3162.380657920146
-940867863,1611.0701018097461
490060093,820.0058022434305
968289198,527.7433255185138
-861898188,2201.500473942263
-1716516670,1421.7111218612347
229301579,5250.8029787136165
1568059224,2540.719393797556
890957946,1203.4199582003123
1363697393,3962.9866808570364
1107140757,900.8068722651934
-1627753857,2570.8141759695577
1501354264,1720.643223124542
-136983738,2205.4113910970423
-270956433,1717.0340042887567
149028339,6516.25236933288
-539327635,3265.5625892948133
-1062399016,2954.380571866531
-1267927703,2398.0285216498137
-1726354027,2398.0285216498137
666994021,1048.3095416151552
677964339,1894.8798926700003
-260187380,2633.8738877981964
-1498909288,1864.525321022837
-854963965,2155.7310326500938
-607723971,2421.6395873935285
748104624,5339.671726707921
-1859980331,1689.3318071356675
-1718260313,2238.8032451016666
-585327673,2233.139631921923
1887339817,1705.3001164494797
-318109435,1565.7015858430514
-455465226,2273.6696541218384
706629649,3218.9212623537546
1857393196,1783.712405911204
-310029036,1717.0340042887567
2002368966,4938.006731960949
401985039,928.151637084462
-1033582980,2225.6139460644094
2022437108,2467.4786327194797
-632007537,2473.1457437465447
-546475859,2901.155927963241
-522585445,2946.455020748948
-4458697,3001.060705320288
-565544922,2682.1348176707697
-833446468,1656.9503821291141
93311359,3122.2049616734735
-1797074649,2975.7998235784708
-764919283,3166.3739489339987
-337456853,2902.4325991856535
-1493419649,1651.335299143765
1164170125,2601.5453660175913
-1461464173,2299.6520511515346
1184746891,5719.71394214786
2105871423,4237.062221127209
-1275359316,1705.4416346251444
-725789044,1565.7015858430514
27773977,2815.207524346639
-893027861,3954.163494333319
950982876,3932.3831401705447
888524397,3961.5102916459223
633132369,1671.2616420120105
-755750533,2144.3546925277087
-847698817,2145.0905788486352
1984591535,2815.207524346639
448905552,2902.4325991856535
-171610805,3724.8817344924705
-1155954295,1755.4608878501415
1731420840,2774.7370152677927
-423881073,3155.1942135556524
1907264038,2322.0909742605104
879418025,4208.028998361546
-1212645271,3356.4010353746953
-1622712694,11284.441469409368
2030727878,2481.436061852726
800855705,2463.752134829744
-2035594129,2482.4298593882822
857325383,4514.761675627009
106390493,3814.014149477261
166703022,4101.7639962394205
1816006491,1759.6591459202282
-574285889,1735.5473085507479
114650955,2244.13007593589
1143564291,2238.8032451016666
-827634562,5948.572073714191
-1273298618,1483.8619094953074
1897515517,1590.7050967982289
-175019638,1801.230354418388
289382534,2238.8032451016666
-339673363,2238.8032451016666
-1047921773,2238.8032451016666
1895636711,2238.8032451016666
-803016326,1966.2312958468056
-596015874,8719.259021219754
1871350293,2758.081672892943
1222431303,1635.9249854536163
2097621357,3242.5271381769753
111507578,2278.767697973417
68936072,2673.634785872658
-880296777,2832.7826614794585
-864680929,6506.604975473917
1712521988,6273.4870751713415
-1236253637,1967.4101123060068
-207178826,5601.531552622617
1001638013,1869.278220272946
2142462746,4424.3005099567235
605933109,1769.166791317391
216288406,2433.5265064601585
1742125071,2815.207524346639
141438528,2815.207524346639
1026836884,2902.4325991856535
986784910,1805.7150923901486
462814772,1801.824467321703
1017497583,2348.604781386258
-910297655,3292.4603084040436
-1110064860,1904.3635490653323
-496631543,2877.8698150167666
-1812606979,3207.1966666010726
-195646093,3470.068101970417
-211983695,3768.2279111090324
-1166076534,3142.536865176647
-922061914,762.8502272512004
-906355100,2312.956423326061
-234947757,2280.790113346534
-470133367,2280.790113346534
-1109703070,1816.8415319363487
-1163745081,3978.7731593218377
-1146352729,2240.9424903934623
-1138948847,3354.6999156389456
-8009533,3085.286003536207
631815359,2713.0203077880633
1242812800,2101.362796466027
1289214382,2328.9661680874965
1304323934,2329.9844145636116
1608039649,2328.9661680874965
-1135452317,2332.784355793427
478225143,2331.148496629978
1784756356,2328.9661680874965
483250737,2335.4933656796125
-1015261648,2368.8403056602733
1005337690,2328.9661680874965
243856828,2333.855607643789
-2053548385,2193.407811766873
-586540259,2328.9661680874965
-1362580330,2328.9661680874965
-151569464,2334.0346583509636
-780403347,2325.988167047807
-1666316818,2335.200763089013
1412240282,2328.9661680874965
778572686,2398.118754728118
510056754,3407.631338716221
-807782081,5767.627361057739
-620489683,2329.9844145636116
-921359535,2329.9844145636116
1640032853,2749.707560588418
865903076,2733.3621999725383
663934234,2774.7523122739126
1370138099,1575.6827041776473
-637448637,1170.9011814648757
-2034841656,5981.795750971606
1319782368,1962.4209168007774
1581893187,2711.708687552174
-974707577,2725.388581442796
-1772402865,2098.4255825945706
1260763396,2289.8309178831305
1503939295,2177.726167930502
308637262,1912.8207939577442
-2055199495,4148.9351779385
1581410678,1508.178018870261
1741381629,1504.844646126832
-2065965551,1508.178018870261
-640484782,2279.8915559015923
1550130726,1897.3974592911245
-1434442353,2843.299296279746
-2029926521,1836.530078542259
206577639,2843.299296279746
-1451177000,2840.0530633897997
2028434480,2794.086737874467
1755100486,2480.88120718348
-311407409,2483.356120047263
-1483632548,3462.078187798109
-1030659188,2239.5783017155895
-1728739223,6145.776951959739
-1843601639,2236.5437097702124
1176437349,2236.5437097702124
970391485,4681.612958160781
1507147511,9550.58015207036
-481402759,1994.8440204990056
-193932499,2840.2293549565034
1337929479,2236.5437097702124
-1999900338,2236.5437097702124
350237951,4250.952607873083
1411624995,3661.012879582013
-1082686440,1119.4542230248694
-236935792,2490.180462356565
2079239811,2830.1049189561772
820489551,1842.2101172910839
-388897984,1776.5819856093462
-612823138,2976.5180526600875
1489859550,1692.3303229512735
1071718553,1731.2529396721345
-279718359,1629.3874144966198
2105652076,1987.4518505914464
1545842756,1691.3587795349183
-611735090,1973.7041886384375
-1911640841,1829.2413605046777
-435041046,2029.2510601232434
1815424518,1569.1319604584771
-554031177,2199.632760582195
789765274,1920.2660991296334
-2054672874,7126.0918355048825
683835108,2293.206932859044
1708505956,3242.173151027009
203905581,2283.7500293248845
1354764625,3167.218959989918
1529758607,2312.956423326061
-836183166,1999.5789128208642
650102906,4263.4821105481005
-1633612957,4264.116954750934
928853774,2581.4831745879255
-1909347301,2202.6044114686047
-2113332836,1737.6851786537482
-2056802618,3083.9053393808017
-2111823003,3015.0165976157173
868089101,3260.261277685131
808575399,3014.3452052777843
-1502340879,3014.8991252217324
1654081293,6032.230164992457
-740326753,2738.0070255155447
1893090737,5007.553452039375
484898211,4985.581149130417
196575410,1802.8307019390365
1037111445,3579.1597633580127
-1860495470,1854.7944553799289
-755986371,3275.93784881744
-1852592139,3952.225752838655
-192922848,5794.896577517611
-32991748,2133.533118580916
1272796175,1911.2224982247226
-1952691708,1583.0703534135268
1501606607,1583.0703534135268
-1566596544,1793.1775166844645
982087707,2550.9923920079764
1900416106,2698.2917219144356
-1554982716,5506.671411657465
-1049730181,2297.9473388921483
-776034186,2142.6116841512385
1497365834,2433.635463270412
1185343675,2289.3756236797644
724085909,2299.451147838725
1650808038,2287.669023027226
-196379251,2299.451147838725
1084936650,2901.784043593853
1153595650,1994.269180521904
-564957778,10201.899760068141
1334760087,1639.7888392298353
-491552240,2289.3756236797644
-1414187437,2308.23810451014
-1269984490,2286.7198596440307
-1125393284,2299.451147838725
1006214029,1583.0703534135268
-1457178289,3723.127810691757
-470971450,1583.0703534135268
231416636,1589.77885036587
-4523503,1583.0703534135268
2143811681,1583.0703534135268
1971091483,2041.826692597794
-1530965667,2262.5394427016686
-328989544,2247.2701509959606
943339394,5768.023675447178
604322254,1920.2660991296334
826305466,2423.9407790247883
1846265468,2431.735831536049
1569875117,2499.7699735698325
533673766,2499.7699735698325
-988993345,2499.7699735698325
1426041578,2499.7699735698325
192285780,2499.7699735698325
554601782,2499.7699735698325
-1988897867,2499.7699735698325
101977186,2297.9294216293088
99950082,2372.4144975404815
114413984,3242.479390673937
-1090205713,2312.388027797191
-601957572,2511.389252508035
339781141,2203.8609094969247
677120023,2542.3430657731597
-158138711,2469.8457826223867
-448980340,1772.4800429225697
1223851359,1857.966098256142
687091746,2774.7523122739126
561843238,2512.9405053018963
732905656,1842.3651517608535
117418726,2499.7699735698325
-1293272749,2499.7699735698325
-1905449153,1179.297728200625
307570835,1975.9971914908554
-365156900,3511.6729631513253
250005100,4458.226499957896
-1548673947,2289.3756236797644
1293481747,2308.23810451014
1640828837,2287.669023027226
-175168856,1003.8818001312534
-286124108,2299.451147838725
-1112374040,2312.388027797191
-1206093763,3311.230394701546
835947519,3437.9982129207415
-1680103805,1697.3745308453836
1389741695,3437.8420844476905
-165011531,3450.26581474003
-1009309656,2296.890137726303
1270009988,2090.8693649855563
2029810249,1566.187374134877
1026546383,2041.6152751521895
-1057145439,740.6125527612857
1608251849,721.9938116925524
-1687159052,2299.451147838725
1109434020,2290.3258889260055
-51702712,2299.451147838725
-978732563,4877.463234513321
-286109443,1522.4612109529298
-1242174343,2426.754583874921
924701072,2531.7876265438063
923282812,1756.5477868056948
2079092788,2415.962509742504
-1591216884,1813.8505359391804
896326072,5211.994826141077
-953557163,1644.1837675653098
2104858194,2647.684255056402
-940320888,1872.1421298289565
-1070147573,763.3612373993162
-1008382954,1008.6873597616021
149120605,768.716770375612
1013831892,3508.0079141876254
1711410889,716.950762547242
1511436285,978.1711164179648
-1785028418,1733.2681396719838
-1464019281,2287.669023027226
-949608591,2084.252234498121
-1109531130,9839.402695451152
1465779380,2321.925045171919
-850687356,2267.273892212732
-1277062934,4280.934578741796
2078631442,2911.776994197033
-1215452033,2889.07039577127
-2083931924,2310.547565471324
-233373656,3703.7648375586136
-640381355,2345.3300116506193
1346066545,1282.5138593076392
1792121157,2303.675646794946
-1294865737,2413.85030490538
973724539,984.0852044562545
