listing_id,num_reviews,num_reviews_bin
34177,16,4
73477,11,4
77292,14,4
88949,112,6
101397,93,6
124137,139,6
130289,10,4
135858,19,4
135956,43,5
140269,128,6
164216,36,5
166265,221,6
170150,103,6
171593,3,2
183804,121,6
191058,38,5
191069,31,5
199411,100,6
220131,81,6
253055,94,6
256825,244,6
256838,58,6
259206,42,5
271439,160,6
276621,82,6
282148,103,6
282266,56,6
282289,139,6
282295,124,6
304011,37,5
351790,2,1
362196,167,6
362228,224,6
371112,132,6
374837,138,6
398075,119,6
406324,82,6
422001,32,5
422071,62,6
447142,27,5
469638,27,5
484153,2,1
499401,7,3
507117,1,1
511597,1,1
516720,40,5
519364,200,6
519468,244,6
520238,340,6
523882,1,1
536526,64,6
541629,20,4
541989,12,4
559714,75,6
572504,25,5
576358,20,4
576710,25,5
607323,153,6
607344,66,6
612327,304,6
618156,135,6
630800,106,6
632120,15,4
638542,299,6
646784,109,6
652469,7,3
659314,201,6
663291,204,6
688345,1,1
691572,45,5
718917,496,6
724513,4,2
741440,56,6
742074,104,6
742078,88,6
742088,115,6
746868,46,5
750291,15,4
760403,46,5
776764,12,4
782389,8,3
784758,1,1
785113,55,6
785494,275,6
791056,128,6
820752,15,4
821841,23,5
836523,1,1
843343,17,4
846376,69,6
849707,70,6
853021,147,6
869892,60,6
871348,96,6
871781,131,6
874508,81,6
874935,221,6
879400,2,1
896029,3,2
903061,9,3
905809,74,6
906294,15,4
908653,335,6
929076,7,3
937206,55,6
940801,57,6
940804,52,6
940808,121,6
940809,79,6
940812,126,6
940814,119,6
940818,77,6
940821,39,5
940824,77,6
940826,92,6
940833,44,5
948686,13,4
955886,2,1
958273,247,6
958384,392,6
959977,368,6
974082,13,4
974147,1,1
986086,200,6
1008928,227,6
1011850,11,4
1016722,194,6
1029771,199,6
1029997,234,6
1033440,180,6
1033637,304,6
1033655,256,6
1050338,67,6
1054647,3,2
1058429,133,6
1058555,76,6
1067754,45,5
1081374,1,1
1082592,1,1
1083510,128,6
1131124,101,6
1144115,73,6
1190556,39,5
1192463,3,2
1197075,198,6
1213061,26,5
1218451,3,2
1230718,315,6
1230768,163,6
1235446,20,4
1254277,208,6
1268910,29,5
1271166,71,6
1283392,114,6
1294827,219,6
1296050,75,6
1302534,49,5
1322827,1,1
1345776,59,6
1413677,121,6
1435471,98,6
1437541,105,6
1476508,144,6
1491238,54,6
1492036,118,6
1498541,2,1
1499119,247,6
1529536,13,4
1614221,287,6
1627801,14,4
1633191,90,6
1634746,39,5
1635900,150,6
1644722,243,6
1651462,42,5
1653795,50,5
1655941,194,6
1662580,1,1
1682486,1,1
1725117,190,6
1745722,61,6
1775170,340,6
1777144,57,6
1800776,63,6
1832186,475,6
1839271,11,4
1848803,85,6
1862030,67,6
1925644,376,6
1925646,11,4
1991233,43,5
2009373,182,6
2073897,74,6
2076890,17,4
2080618,88,6
2084785,28,5
2106566,5,3
2115263,155,6
2119698,57,6
2120114,66,6
2121603,133,6
2168002,88,6
2196825,17,4
2211837,159,6
2229942,53,6
2234507,1,1
2242689,142,6
2255561,106,6
2256299,88,6
2259084,60,6
2262932,7,3
2264068,34,5
2264434,35,5
2311443,193,6
2320305,100,6
2320332,221,6
2320341,198,6
2320404,153,6
2320422,170,6
2320433,173,6
2320439,111,6
2375944,47,5
2379064,78,6
2416697,15,4
2422829,24,5
2476233,307,6
2485418,5,3
2492835,115,6
2512737,13,4
2523261,17,4
2563338,18,4
2630989,1,1
2669871,2,1
2708036,52,6
2758734,2,1
2788802,78,6
2827206,13,4
2842055,144,6
2856208,59,6
2856810,66,6
2899452,252,6
2912078,64,6
2946152,46,5
2956971,174,6
2965838,83,6
2966834,49,5
2975082,1,1
2975564,5,3
2981114,4,2
3030216,83,6
3045060,43,5
3065734,258,6
3093528,455,6
3098667,1,1
3121103,21,4
3160121,13,4
3172844,9,3
3178105,13,4
3192579,1,1
3203890,108,6
3216533,2,1
3236171,73,6
3263927,170,6
3301481,48,5
3302466,2,1
3308974,17,4
3313109,45,5
3357068,11,4
3357150,348,6
3366207,21,4
3405707,2,1
3429640,293,6
3454629,3,2
3486257,62,6
3487456,50,5
3490772,22,5
3494585,167,6
3517150,296,6
3517494,160,6
3517568,119,6
3537435,138,6
3570129,400,6
3570282,408,6
3598671,247,6
3639238,7,3
3642227,2,1
3644775,126,6
3677284,3,2
3683927,133,6
3699442,170,6
3701342,216,6
3707716,132,6
3711150,72,6
3746735,135,6
3755205,157,6
3765634,26,5
3769618,85,6
3797539,5,3
3882914,10,4
3938250,1,1
3945384,163,6
3945835,8,3
3950512,5,3
3950864,5,3
3959552,71,6
3998799,37,5
4021625,102,6
4034893,73,6
4035266,18,4
4037080,30,5
4037346,53,6
4042600,55,6
4042700,30,5
4043923,29,5
4044038,25,5
4044301,41,5
4044582,52,6
4049958,105,6
4056987,149,6
4057320,116,6
4105090,1,1
4110957,2,1
4119020,49,5
4123602,39,5
4140071,9,3
4150745,180,6
4161133,46,5
4169919,71,6
4216459,506,6
4221645,40,5
4231434,15,4
4313334,41,5
4349756,137,6
4359997,2,1
4373763,27,5
4376867,5,3
4380494,52,6
4390796,255,6
4423474,52,6
4424054,34,5
4425965,248,6
4433942,3,2
4442791,419,6
4443091,238,6
4443316,1,1
4443412,70,6
4443505,35,5
4443624,78,6
4445647,2,1
4454503,14,4
4456792,76,6
4460207,20,4
4478215,34,5
4480737,7,3
4487133,2,1
4497823,289,6
4537932,20,4
4545808,33,5
4547384,34,5
4553383,49,5
4562444,20,4
4584562,34,5
4584867,150,6
4594357,33,5
4615908,3,2
4627130,166,6
4627484,8,3
4637272,12,4
4700162,38,5
4723331,95,6
4734756,56,6
4736645,4,2
4748092,27,5
4748563,10,4
4755485,14,4
4758565,26,5
4812243,109,6
4842966,23,5
4848849,32,5
4870039,119,6
4870346,6,3
4871579,2,1
4875278,22,5
4876386,27,5
4894884,31,5
4913768,12,4
4964466,39,5
4965075,118,6
4966009,54,6
5009749,1,1
5066978,83,6
5129159,3,2
5139769,1,1
5148344,344,6
5167454,144,6
5167929,31,5
5193581,18,4
5199858,1,1
5228368,79,6
5228870,77,6
5229195,318,6
5240945,59,6
5244149,8,3
5266737,76,6
5267990,83,6
5268433,36,5
5273162,21,4
5273249,22,5
5275536,29,5
5275657,21,4
5276460,50,5
5276509,287,6
5276885,45,5
5317179,93,6
5330937,16,4
5331101,21,4
5332123,167,6
5332493,1,1
5333241,10,4
5340602,216,6
5352841,2,1
5360506,185,6
5360777,126,6
5369220,4,2
5373475,24,5
5378766,224,6
5380709,95,6
5390405,318,6
5393121,78,6
5393495,116,6
5409968,36,5
5433084,8,3
5440634,61,6
5450668,88,6
5451782,33,5
5463601,11,4
5503376,91,6
5513272,241,6
5527138,126,6
5527457,90,6
5527534,11,4
5528102,217,6
5528217,110,6
5528670,9,3
5529833,31,5
5530767,125,6
5534700,3,2
5543311,46,5
5551051,18,4
5555181,17,4
5574192,113,6
5596920,49,5
5650577,143,6
5663555,69,6
5665579,4,2
5699289,7,3
5699793,1,1
5701245,139,6
5713667,8,3
5722758,24,5
5733293,290,6
5824485,46,5
5849499,39,5
5865327,45,5
5883037,46,5
5892515,8,3
5895793,357,6
5906035,91,6
5906616,7,3
5906695,330,6
5908045,268,6
5908453,54,6
5908758,49,5
5908938,22,5
5921745,1,1
5922850,10,4
5944929,27,5
5951095,1,1
5997128,159,6
5999514,60,6
6004140,5,3
6009785,290,6
6028877,76,6
6034192,64,6
6087777,95,6
6097022,140,6
6110739,112,6
6185529,4,2
6197279,7,3
6207018,210,6
6217173,66,6
6218529,10,4
6218631,15,4
6218705,350,6
6218765,37,5
6218862,38,5
6219067,41,5
6219261,4,2
6247930,161,6
6256194,25,5
6265781,15,4
6334802,29,5
6365174,77,6
6365965,7,3
6379964,6,3
6383915,84,6
6384639,38,5
6396412,68,6
6396593,103,6
6396705,125,6
6396768,160,6
6397173,142,6
6397391,149,6
6422060,165,6
6424451,2,1
6483048,12,4
6486388,60,6
6486702,75,6
6496091,50,5
6534803,1,1
6535193,96,6
6539491,2,1
6549527,542,6
6562912,163,6
6563927,3,2
6564097,101,6
6565853,84,6
6566881,125,6
6568476,104,6
6572468,1,1
6573005,18,4
6578935,63,6
6585856,92,6
6593292,190,6
6594020,74,6
6594896,117,6
6612410,245,6
6623365,3,2
6663647,41,5
6664471,484,6
6665530,338,6
6669300,55,6
6671804,46,5
6682900,483,6
6690395,4,2
6710663,6,3
6713705,25,5
6755743,146,6
6762407,83,6
6807419,49,5
6830335,84,6
6856474,19,4
6874894,27,5
6888863,44,5
6925815,25,5
6943257,80,6
6968151,168,6
6969916,100,6
6980144,29,5
6983979,50,5
7001892,31,5
7055710,6,3
7059898,10,4
7068260,155,6
7117269,11,4
7131474,23,5
7156905,7,3
7191843,137,6
7286199,63,6
7300321,17,4
7324844,1,1
7352957,14,4
7370578,24,5
7391993,3,2
7398954,63,6
7426122,181,6
7427058,25,5
7431528,18,4
7486485,3,2
7516417,11,4
7531650,91,6
7609047,4,2
7653717,15,4
7663592,67,6
7690195,18,4
7746313,52,6
7746512,1,1
7746917,1,1
7798700,435,6
7802509,121,6
7823458,8,3
7901465,206,6
7902449,130,6
7902653,81,6
7903184,24,5
7961923,14,4
7971354,23,5
7971739,37,5
8006206,1,1
8058213,9,3
8059063,57,6
8065354,4,2
8069705,8,3
8075794,90,6
8076068,25,5
8085727,15,4
8114490,266,6
8115430,128,6
8116994,73,6
8117017,25,5
8117170,27,5
8117304,38,5
8145576,74,6
8155948,158,6
8295795,27,5
8301532,110,6
8313300,2,1
8366787,78,6
8388505,6,3
8416143,44,5
8468138,51,5
8487113,489,6
8494202,337,6
8517896,329,6
8667636,1,1
8684938,10,4
8715436,272,6
8727508,34,5
8746817,28,5
8749441,2,1
8757715,310,6
8777574,1,1
8841464,125,6
8874028,9,3
8894882,9,3
8918673,67,6
8955082,23,5
8957757,40,5
9001160,15,4
9018710,1,1
9024974,1,1
9062366,74,6
9065156,82,6
9067756,18,4
9122164,9,3
9122181,2,1
9122839,56,6
9133897,15,4
9158110,171,6
9194511,41,5
9204655,80,6
9233035,406,6
9242797,107,6
9317633,1,1
9374290,1,1
9450284,28,5
9487164,6,3
9489731,397,6
9535857,31,5
9561339,21,4
9582313,340,6
9606858,283,6
9619901,12,4
9643063,14,4
9643721,5,3
9686921,3,2
9691789,85,6
9729186,11,4
9745074,444,6
9745952,333,6
9746708,19,4
9747916,234,6
9748289,355,6
9749212,287,6
9799412,7,3
9870115,14,4
10002858,42,5
10097490,68,6
10110891,100,6
10112667,44,5
10119566,10,4
10150445,138,6
10169093,19,4
10169459,3,2
10169885,17,4
10217879,20,4
10240158,54,6
10240991,33,5
10265415,9,3
10305489,45,5
10305681,63,6
10309794,25,5
10374287,22,5
10419228,2,1
10523094,155,6
10561940,43,5
10669855,36,5
10670358,21,4
10693664,156,6
10694137,26,5
10818606,6,3
10886259,16,4
10892229,296,6
10893816,76,6
10893831,60,6
10903481,29,5
10904917,12,4
10914054,4,2
10926519,29,5
10934514,258,6
11000865,291,6
11042882,8,3
11046309,100,6
11108135,191,6
11108459,153,6
11144250,27,5
11194386,4,2
11194516,521,6
11231905,270,6
11232383,247,6
11275822,8,3
11322497,201,6
11367083,126,6
11383161,1,1
11402277,429,6
11409596,56,6
11410034,111,6
11460214,528,6
11508576,190,6
11518288,82,6
11561257,22,5
11561900,76,6
11569859,373,6
11570030,14,4
11596183,18,4
11662755,436,6
11712073,154,6
11712288,232,6
11712349,144,6
11746264,10,4
11897162,54,6
11916648,2,1
11943101,53,6
11954624,41,5
11970375,10,4
11977614,60,6
11978306,64,6
11978325,48,5
11978351,104,6
12032314,10,4
12038423,1,1
12062795,30,5
12078388,1,1
12097507,200,6
12101019,82,6
12143410,151,6
12216270,9,3
12229140,196,6
12236512,1,1
12236781,2,1
12247516,168,6
12270630,138,6
12291427,34,5
12297058,10,4
12313405,4,2
12512289,12,4
12525087,3,2
12526022,5,3
12526035,5,3
12526263,13,4
12550465,14,4
12556266,10,4
12600226,21,4
12603737,1,1
12605696,208,6
12621498,422,6
12665911,253,6
12666040,264,6
12688050,230,6
12706412,73,6
12769999,196,6
12788159,1,1
12800770,35,5
12839303,34,5
12879048,46,5
12896816,221,6
12913814,47,5
12949764,4,2
12958160,14,4
12958770,110,6
12958990,40,5
12978879,11,4
13032748,86,6
13092367,138,6
13150741,36,5
13164714,44,5
13182600,61,6
13196656,7,3
13212488,1,1
13229495,2,1
13305344,62,6
13321946,107,6
13336229,7,3
13354965,13,4
13401915,1,1
13404047,21,4
13404738,108,6
13458672,144,6
13510444,1,1
13562941,243,6
13604643,9,3
13630360,275,6
13631152,130,6
13635297,9,3
13664090,97,6
13687430,74,6
13741395,1,1
13757460,24,5
13818165,7,3
13826762,22,5
13963458,1,1
13988452,4,2
14087799,12,4
14099034,1,1
14118845,114,6
14172532,19,4
14180092,142,6
14195614,11,4
14245526,231,6
14247506,2,1
14269287,1,1
14279540,55,6
14279610,24,5
14356794,2,1
14360913,1,1
14363420,31,5
14410086,145,6
14413125,78,6
14422658,92,6
14437522,62,6
14489341,11,4
14544653,209,6
14607159,285,6
14645400,151,6
14725981,5,3
14761947,14,4
14767638,9,3
14768021,55,6
14784497,4,2
14955945,1,1
15070309,15,4
15143958,42,5
15192743,15,4
15220506,82,6
15232152,34,5
15253550,76,6
15264079,27,5
15278140,6,3
15432566,15,4
15475089,143,6
15590867,5,3
15771013,210,6
15794143,7,3
15794204,1,1
16052712,5,3
16129362,1,1
16195498,44,5
16214034,94,6
16214707,5,3
16224811,218,6
16237538,14,4
16263631,139,6
16263637,24,5
16277332,195,6
16307092,189,6
16332595,322,6
16335516,195,6
16339849,1,1
16374377,8,3
16431953,7,3
16471744,2,1
16476389,9,3
16488109,94,6
16529009,10,4
16625848,212,6
16707256,274,6
16728107,97,6
16785741,13,4
16825239,319,6
16840212,10,4
17042751,11,4
17150163,32,5
17150795,14,4
17151478,108,6
17164808,33,5
17206631,169,6
17275805,92,6
17442388,84,6
17460651,18,4
17487492,2,1
17543258,104,6
17661252,38,5
17731494,3,2
17819791,44,5
17835280,20,4
17836929,2,1
17840126,11,4
17840570,20,4
17841200,8,3
17874185,7,3
17897407,29,5
17897613,14,4
17897634,13,4
17897640,10,4
17900726,87,6
17936786,40,5
18055558,154,6
18174049,18,4
18300294,359,6
18318533,15,4
18367636,2,1
18379786,7,3
18400232,16,4
18469691,4,2
18522818,1,1
18542670,139,6
18619736,50,5
18627575,25,5
18695745,2,1
18718768,7,3
18739682,25,5
18851574,6,3
18895838,10,4
18902594,10,4
18951416,27,5
18952274,33,5
18959983,7,3
19013730,1,1
19050236,113,6
19219340,17,4
19304427,156,6
19352417,23,5
19370259,22,5
19380048,5,3
19410842,37,5
19421661,197,6
19437741,2,1
19460982,1,1
19493639,2,1
19494236,4,2
19495103,1,1
19495213,11,4
19495342,9,3
19685688,10,4
19771134,20,4
19779103,17,4
19787670,15,4
19819308,153,6
19899272,1,1
19943721,101,6
19943949,9,3
20181165,4,2
20198730,2,1
20199696,5,3
20221480,1,1
20238356,111,6
20265883,25,5
20268468,11,4
20273039,1,1
20274001,2,1
20436497,10,4
20445980,6,3
20462020,14,4
20462823,50,5
20521666,21,4
20554399,14,4
20587101,54,6
20594136,1,1
20702686,2,1
20703610,13,4
20755043,38,5
20858546,136,6
20865363,24,5
20869938,33,5
20908016,46,5
20963527,6,3
21055974,11,4
21065568,25,5
21074272,98,6
21116087,13,4
21147216,6,3
21179878,12,4
21196579,4,2
21202963,4,2
21221281,13,4
21238580,24,5
21246551,213,6
21258956,1,1
21270112,171,6
21300829,8,3
21332085,1,1
21390038,61,6
21484029,11,4
21493665,53,6
21514489,52,6
21688638,223,6
21703144,18,4
21720173,16,4
21739202,22,5
21811046,1596,6
21853850,39,5
21880951,47,5
21928585,161,6
21953868,200,6
21971881,64,6
22057566,21,4
22145321,15,4
22185776,20,4
22203842,53,6
22224752,60,6
22271972,9,3
22293793,1,1
22365188,23,5
22384581,231,6
22409064,20,4
22417544,309,6
22418066,342,6
22429718,54,6
22432068,269,6
22434203,311,6
22502610,265,6
22509789,11,4
22513371,4,2
22576147,14,4
22622868,11,4
22625962,68,6
22628209,117,6
22633689,47,5
22687169,106,6
22738733,27,5
22812417,42,5
22926226,3,2
22939220,8,3
22974395,140,6
22982211,12,4
22999140,74,6
23012105,258,6
23013863,243,6
23021150,10,4
23050833,287,6
23056172,172,6
23083488,1,1
23083701,4,2
23118454,246,6
23124324,372,6
23160957,235,6
23290642,20,4
23337496,19,4
23364039,61,6
23373769,15,4
23394625,37,5
23404238,15,4
23430166,124,6
23458427,47,5
23499916,37,5
23531466,6,3
23533019,22,5
23538153,42,5
23541065,108,6
23588576,68,6
23634211,14,4
23658532,80,6
23660273,397,6
23661826,398,6
23673750,21,4
23679553,361,6
23679722,365,6
23706309,64,6
23737640,1,1
23753993,21,4
23763641,37,5
23769502,20,4
23769926,16,4
23770185,20,4
23770831,43,5
23771101,16,4
23771550,14,4
23771752,54,6
23781171,91,6
23785490,96,6
23786629,53,6
23797941,25,5
23798387,7,3
23815762,120,6
23831126,17,4
23867543,10,4
23885556,4,2
23921246,1,1
23930247,137,6
23936637,3,2
24167430,154,6
24178039,178,6
24178762,122,6
24198058,10,4
24221482,339,6
24254120,5,3
24273375,226,6
24274009,223,6
24298167,115,6
24302816,131,6
24306226,166,6
24339530,231,6
24408038,23,5
24496563,5,3
24496813,13,4
24520301,6,3
24532993,125,6
24581064,361,6
24585878,39,5
24590217,34,5
24643897,366,6
24652972,6,3
24664871,41,5
24710734,14,4
24788910,12,4
24797491,15,4
24803402,1,1
24819039,6,3
24820642,1,1
24822712,80,6
24823330,105,6
24891241,59,6
24893836,54,6
24899242,2,1
24908186,7,3
24914750,169,6
24918090,1,1
24918390,3,2
24991453,63,6
25027762,1,1
25069056,9,3
25077014,11,4
25104214,1,1
25139417,225,6
25145002,1,1
25175186,25,5
25186882,40,5
25243480,19,4
25248977,22,5
25253689,2,1
25259351,262,6
25316601,11,4
25317144,5,3
25360721,134,6
25363766,9,3
25364464,4,2
25367307,5,3
25367542,4,2
25456100,1,1
25546314,1,1
25657462,211,6
25661877,177,6
25704591,11,4
25768193,11,4
25769991,265,6
25820098,61,6
25831144,1,1
25832733,53,6
25842439,24,5
25876873,87,6
25908626,19,4
25911951,7,3
25961228,1,1
26026839,8,3
26074057,19,4
26103478,144,6
26119475,17,4
26146113,1,1
26332231,19,4
26342532,9,3
26617724,83,6
26621958,110,6
26650766,15,4
26660084,18,4
26660987,86,6
26698663,37,5
26714949,225,6
26731546,33,5
26733865,70,6
26736103,145,6
26766062,2,1
26772357,42,5
26824624,3,2
26886047,26,5
26886761,40,5
26895272,18,4
26910677,15,4
26925918,5,3
26981664,3,2
26990760,3,2
27008397,1,1
27010906,246,6
27046250,15,4
27070509,3,2
27092617,188,6
27122957,34,5
27145210,19,4
27158854,229,6
27158855,175,6
27161100,4,2
27165175,4,2
27183690,142,6
27242744,275,6
27282226,219,6
27282790,196,6
27304334,185,6
27308249,25,5
27389638,10,4
27399627,105,6
27451542,118,6
27452410,19,4
27454362,58,6
27535947,71,6
27546949,3,2
27607409,42,5
27608769,3,2
27647593,1,1
27659808,75,6
27675306,25,5
27683824,10,4
27693630,149,6
27745347,44,5
27748221,226,6
27770174,36,5
27838741,1,1
27848471,121,6
27850939,13,4
27911594,2,1
27977458,312,6
27978311,21,4
28017108,1,1
28021443,3,2
28023221,9,3
28062895,3,2
28079198,9,3
28092889,1,1
28122146,6,3
28150329,286,6
28157628,159,6
28160178,21,4
28185121,269,6
28190467,42,5
28200232,72,6
28212413,54,6
28224457,37,5
28238166,51,5
28265904,3,2
28295492,11,4
28311209,23,5
28325109,33,5
28354544,4,2
28378655,30,5
28383403,166,6
28430914,89,6
28454183,3,2
28483546,50,5
28492725,8,3
28507771,36,5
28545231,54,6
28552516,125,6
28578921,14,4
28602352,36,5
28603723,20,4
28604346,66,6
28605413,16,4
28653256,118,6
28714177,10,4
28807746,2,1
28828914,1,1
28836266,232,6
28842338,43,5
28970269,8,3
28976001,31,5
29003490,128,6
29021531,8,3
29044275,31,5
29069333,252,6
29110235,3,2
29120289,1,1
29124956,4,2
29185456,19,4
29194156,1,1
29194248,4,2
29194267,2,1
29229109,31,5
29231538,127,6
29232198,88,6
29246731,9,3
29296237,54,6
29297300,38,5
29299460,52,6
29304801,58,6
29305257,50,5
29326255,1,1
29380054,89,6
29383371,29,5
29425513,3,2
29431592,2,1
29432607,3,2
29432747,3,2
29432887,2,1
29433359,1,1
29433535,1,1
29433592,2,1
29433661,3,2
29452926,221,6
29509330,60,6
29538417,192,6
29559625,12,4
29581436,15,4
29601902,1,1
29608032,80,6
29610087,39,5
29637328,159,6
29641901,52,6
29652252,120,6
29655708,100,6
29676486,4,2
29695181,4,2
29704852,17,4
29727391,5,3
29734560,47,5
29734688,17,4
29812124,112,6
29815302,71,6
29816349,72,6
29842168,45,5
29890959,36,5
29910229,215,6
29911823,1,1
29932879,74,6
29933040,99,6
29937498,119,6
29937686,198,6
30033107,21,4
30054543,35,5
30059418,2,1
30080576,5,3
30080592,2,1
30080700,3,2
30087365,191,6
30114032,13,4
30119373,110,6
30123811,4,2
30129215,1,1
30143272,14,4
30143809,37,5
30144296,1,1
30144303,1,1
30193117,15,4
30219921,54,6
30220497,179,6
30261600,9,3
30287968,12,4
30307330,15,4
30313728,22,5
30338390,6,3
30338684,3,2
30362712,2,1
30364897,60,6
30385260,66,6
30422997,1,1
30424293,26,5
30434370,11,4
30464779,32,5
30505090,82,6
30522602,73,6
30523500,173,6
30528268,31,5
30535070,18,4
30555211,19,4
30557077,111,6
30579047,184,6
30580294,117,6
30580616,146,6
30581082,109,6
30581722,186,6
30722325,174,6
30723131,156,6
30724485,25,5
30753628,6,3
30757182,105,6
30759448,77,6
30786429,134,6
30788962,149,6
30794541,31,5
30794884,2,1
30807908,1,1
30810000,210,6
30827541,3,2
30941044,117,6
30970303,1,1
31034950,1,1
31050040,209,6
31073255,8,3
31083549,151,6
31092179,157,6
31092297,365,6
31093333,79,6
31135620,1,1
31136623,1,1
31136861,3,2
31167444,42,5
31167520,151,6
31167868,13,4
31167995,74,6
31168079,12,4
31223603,21,4
31237972,116,6
31246607,150,6
31264413,6,3
31270923,203,6
31367813,41,5
31371042,121,6
31371293,25,5
31433463,42,5
31458109,3,2
31461083,114,6
31576506,2,1
31589026,13,4
31604247,34,5
31610522,223,6
31611229,9,3
31611445,5,3
31611565,1,1
31616575,52,6
31631381,31,5
31632259,166,6
31633673,123,6
31658180,82,6
31663755,9,3
31726036,10,4
31726419,11,4
31734914,12,4
31738986,59,6
31772760,1,1
31777319,49,5
31793679,308,6
31799667,326,6
31800824,253,6
31801225,230,6
31801680,198,6
31802291,268,6
31818278,16,4
31829712,198,6
31840680,54,6
31844291,157,6
31845058,330,6
31865044,31,5
31869120,5,3
31912019,33,5
31960422,13,4
31965813,5,3
31966442,6,3
31974241,1,1
32016840,2,1
32024659,14,4
32032291,13,4
32038855,8,3
32057063,1,1
32059914,5,3
32103721,1,1
32173291,1,1
32174226,2,1
32174629,84,6
32179794,299,6
32186550,874,6
32201264,2,1
32202642,248,6
32209035,97,6
32226631,48,5
32233460,2,1
32237865,3,2
32240954,2,1
32248085,31,5
32273552,1,1
32304743,100,6
32332780,127,6
32345857,1,1
32346375,127,6
32346525,81,6
32353360,1,1
32373249,85,6
32416135,90,6
32454909,215,6
32456949,214,6
32481157,49,5
32481471,8,3
32483976,34,5
32486062,31,5
32492426,2,1
32539065,197,6
32540093,2,1
32570942,14,4
32599491,50,5
32722128,22,5
32754439,27,5
32783855,11,4
32796116,276,6
32800234,82,6
32808328,152,6
32810046,144,6
32810260,143,6
32811115,3,2
32831402,92,6
32833910,244,6
32851802,1,1
32857680,9,3
32859152,138,6
32895385,25,5
32908591,145,6
32912234,17,4
32931937,3,2
32942470,161,6
32960351,3,2
32979642,64,6
32983910,169,6
33004183,21,4
33005655,69,6
33006925,3,2
33011413,55,6
33014342,9,3
33025105,22,5
33032251,30,5
33032905,51,5
33037355,2,1
33042114,4,2
33042877,145,6
33042945,22,5
33043808,28,5
33056647,6,3
33066857,34,5
33093457,23,5
33104585,3,2
33105153,21,4
33115450,1,1
33125596,1,1
33126861,4,2
33133906,34,5
33154622,8,3
33176553,1,1
33183404,24,5
33209667,13,4
33238559,29,5
33246198,246,6
33279484,69,6
33293311,7,3
33310092,58,6
33326673,33,5
33329713,2,1
33335006,53,6
33355889,4,2
33359151,47,5
33368383,59,6
33380946,113,6
33382858,14,4
33416022,160,6
33416454,94,6
33424150,3,2
33450962,4,2
33454547,7,3
33463730,52,6
33464222,61,6
33470102,134,6
33477573,165,6
33479338,175,6
33508064,287,6
33523502,123,6
33542237,11,4
33545500,266,6
33558248,233,6
33569737,11,4
33574831,27,5
33577860,133,6
33580275,8,3
33596331,6,3
33629143,18,4
33639947,3,2
33647934,103,6
33652799,66,6
33662093,7,3
33676494,1,1
33701473,23,5
33704965,5,3
33710072,193,6
33716628,94,6
33730238,14,4
33730243,188,6
33736245,401,6
33738776,220,6
33741163,14,4
33744964,40,5
33768166,190,6
33773970,81,6
33777965,67,6
33779762,1,1
33786790,126,6
33796290,52,6
33800274,18,4
33817976,72,6
33821429,61,6
33843351,90,6
33844712,138,6
33920261,83,6
33937368,68,6
33949599,33,5
33953843,24,5
33955062,2,1
33955122,27,5
33965209,282,6
33968922,24,5
33980184,16,4
33986282,11,4
34026265,6,3
34035552,5,3
34038321,17,4
34042258,74,6
34048761,161,6
34061633,82,6
34074435,19,4
34088831,178,6
34103062,35,5
34107537,43,5
34110375,1,1
34148106,1,1
34148833,10,4
34160613,9,3
34175238,76,6
34192150,125,6
34193507,112,6
34245702,115,6
34301812,22,5
34322870,197,6
34342125,28,5
34348764,1,1
34365613,163,6
34380519,25,5
34382961,2,1
34385524,21,4
34404133,3,2
34442220,81,6
34455977,3,2
34461273,32,5
34499497,50,5
34521429,29,5
34521674,5,3
34530958,2,1
34533546,48,5
34535708,208,6
34567508,1,1
34568917,1,1
34569139,11,4
34595679,57,6
34597701,29,5
34608670,1,1
34651818,16,4
34668042,58,6
34671501,65,6
34697208,25,5
34704227,58,6
34708791,71,6
34734886,169,6
34767180,3,2
34802471,94,6
34804484,15,4
34837132,11,4
34848244,183,6
34849986,222,6
34866076,102,6
34898032,1,1
34920946,70,6
34922667,5,3
34929597,200,6
34932373,258,6
34957464,260,6
34958669,45,5
35029902,234,6
35036115,15,4
35058353,151,6
35076152,15,4
35076163,10,4
35090691,136,6
35109732,11,4
35126325,3,2
35132630,17,4
35143854,215,6
35144545,273,6
35150106,60,6
35155394,12,4
35155426,8,3
35156074,4,2
35172779,44,5
35218904,1,1
35220369,143,6
35248675,242,6
35261220,189,6
35277909,167,6
35280259,65,6
35281823,128,6
35287740,127,6
35306241,274,6
35310147,7,3
35310986,51,5
35311527,8,3
35313233,43,5
35314180,29,5
35314714,177,6
35327308,24,5
35334838,103,6
35338321,138,6
35343317,193,6
35397144,143,6
35397146,152,6
35419970,40,5
35534459,256,6
35537425,33,5
35537761,52,6
35539066,64,6
35568607,42,5
35585495,24,5
35593601,24,5
35611885,630,6
35631189,4,2
35634799,30,5
35635117,49,5
35657584,142,6
35667368,130,6
35681918,126,6
35681996,151,6
35682515,161,6
35703944,121,6
35710349,29,5
35710796,57,6
35711166,22,5
35727547,167,6
35730287,11,4
35750491,127,6
35754327,3,2
35767745,3,2
35776138,1,1
35786909,27,5
35797655,70,6
35804989,5,3
35837839,80,6
35859895,68,6
35860423,92,6
35891255,210,6
35893941,87,6
35967781,2,1
35983358,4,2
35984233,20,4
35986544,5,3
36013039,15,4
36020522,3,2
36021763,27,5
36022298,5,3
36030882,56,6
36053623,1,1
36060894,44,5
36098206,9,3
36132759,1,1
36137272,2,1
36138104,65,6
36159245,43,5
36167799,146,6
36169675,20,4
36176826,127,6
36178230,68,6
36213630,5,3
36219912,34,5
36223227,20,4
36255671,49,5
36259254,56,6
36267878,6,3
36273914,16,4
36314037,80,6
36330352,25,5
36331809,162,6
36375292,41,5
36378836,24,5
36433011,1,1
36459028,47,5
36476170,138,6
36478784,191,6
36479979,3,2
36518136,21,4
36544875,1,1
36550335,37,5
36551546,38,5
36555311,8,3
36563699,3,2
36576523,38,5
36597085,3,2
36623908,165,6
36624282,15,4
36627413,28,5
36629024,54,6
36635929,19,4
36651667,9,3
36655445,1,1
36662938,209,6
36667518,160,6
36670000,35,5
36714192,75,6
36717191,73,6
36742537,94,6
36751360,9,3
36757021,62,6
36758813,55,6
36766324,54,6
36781488,128,6
36801847,50,5
36862340,1,1
36876998,186,6
36881401,147,6
36898892,42,5
36941002,2,1
36952118,24,5
36952284,12,4
36952394,9,3
36953139,24,5
36986375,231,6
37033881,8,3
37039792,94,6
37052166,123,6
37071192,10,4
37073888,4,2
37116400,8,3
37148058,2,1
37151341,146,6
37164852,17,4
37178693,121,6
37180008,128,6
37180140,22,5
37182193,103,6
37200172,9,3
37249678,49,5
37250528,195,6
37264548,22,5
37264968,14,4
37273865,9,3
37274732,3,2
37308088,6,3
37313955,1,1
37345655,5,3
37346090,60,6
37363295,158,6
37379838,19,4
37383860,49,5
37385767,37,5
37418557,3,2
37420693,23,5
37422414,85,6
37422687,160,6
37427732,5,3
37449494,91,6
37452626,42,5
37458419,24,5
37463695,35,5
37466694,161,6
37494752,44,5
37504474,147,6
37517133,37,5
37517146,86,6
37545257,8,3
37573134,22,5
37581153,1,1
37585821,4,2
37620042,1,1
37626056,23,5
37640579,1,1
37648353,252,6
37653672,3,2
37699162,253,6
37728306,33,5
37747773,97,6
37799972,160,6
37818579,2,1
37820519,48,5
37825328,16,4
37826714,12,4
37835417,35,5
37843591,28,5
37848820,3,2
37868735,275,6
37868810,37,5
37873621,1,1
37899887,8,3
37900973,10,4
37907063,48,5
37907596,8,3
37909611,12,4
37913144,39,5
37932001,140,6
37936989,4,2
37992810,14,4
38033251,18,4
38033685,16,4
38034745,13,4
38038684,2,1
38039230,49,5
38044737,7,3
38062129,199,6
38115124,95,6
38115550,6,3
38117632,111,6
38117843,6,3
38118340,22,5
38118448,10,4
38119564,315,6
38131844,26,5
38141018,72,6
38141938,15,4
38143598,83,6
38158634,51,5
38160441,78,6
38168303,56,6
38175541,1,1
38175773,2,1
38179059,92,6
38180009,49,5
38180566,42,5
38181411,51,5
38184914,12,4
38185765,60,6
38186960,62,6
38187351,32,5
38187695,97,6
38188282,42,5
38206427,3,2
38207996,1,1
38214910,9,3
38229465,1,1
38248081,13,4
38263111,114,6
38276900,4,2
38279898,25,5
38280748,49,5
38286873,129,6
38287262,449,6
38336216,4,2
38339252,7,3
38341701,29,5
38357098,48,5
38371983,141,6
38382934,80,6
38397586,6,3
38399252,38,5
38404061,104,6
38412326,5,3
38422794,3,2
38444496,40,5
38460543,40,5
38507213,42,5
38530027,2,1
38531044,145,6
38537957,188,6
38538565,35,5
38543770,11,4
38553381,190,6
38558840,3,2
38560057,2,1
38562178,3,2
38563078,140,6
38563125,61,6
38568087,5,3
38575283,3,2
38575951,139,6
38577031,12,4
38628988,43,5
38632312,39,5
38636268,28,5
38636882,30,5
38685742,1,1
38747498,41,5
38749150,82,6
38776669,40,5
38792753,54,6
38793130,1,1
38794022,24,5
38797446,95,6
38823511,17,4
38829536,2,1
38848514,83,6
38886018,38,5
38915506,40,5
38925689,151,6
38938619,61,6
38941349,1,1
38944970,88,6
38945850,59,6
38950282,2,1
38952399,215,6
38955528,59,6
38957707,6,3
38968620,4,2
39012263,9,3
39028148,31,5
39028588,11,4
39028605,33,5
39031461,38,5
39047580,85,6
39055495,4,2
39073771,54,6
39074268,27,5
39074735,1,1
39075079,15,4
39125202,28,5
39126061,49,5
39133308,129,6
39144531,34,5
39147838,21,4
39150414,54,6
39153081,2,1
39154760,8,3
39160721,15,4
39161153,121,6
39176987,30,5
39190443,1,1
39190812,7,3
39213795,2,1
39220525,1,1
39222337,1,1
39223631,1,1
39223818,6,3
39224436,13,4
39224759,3,2
39225022,7,3
39225117,13,4
39225411,8,3
39225535,10,4
39225660,8,3
39225760,4,2
39225856,5,3
39225904,4,2
39225958,23,5
39247506,30,5
39277019,6,3
39300177,65,6
39314973,77,6
39324833,1,1
39326455,63,6
39366567,4,2
39376337,109,6
39387407,13,4
39400711,117,6
39405121,13,4
39428716,163,6
39433751,23,5
39437605,4,2
39440917,125,6
39441667,152,6
39450400,158,6
39450999,143,6
39453148,8,3
39457259,1,1
39477420,19,4
39482704,94,6
39494520,12,4
39497502,22,5
39499552,12,4
39545144,45,5
39545265,34,5
39545499,8,3
39546764,43,5
39548546,33,5
39558943,156,6
39559737,105,6
39560095,173,6
39568351,82,6
39569486,117,6
39577665,1,1
39597266,36,5
39616483,188,6
39618598,2,1
39619497,7,3
39630411,5,3
39648928,21,4
39667817,63,6
39668722,83,6
39687804,128,6
39688262,126,6
39712980,88,6
39713487,1,1
39714155,93,6
39725013,5,3
39738714,188,6
39747811,4,2
39775635,169,6
39787252,51,5
39787572,47,5
39799282,55,6
39799322,5,3
39809747,8,3
39830741,13,4
39833145,33,5
39840939,29,5
39857876,7,3
39860852,5,3
39879688,17,4
39883123,12,4
39889061,48,5
39904554,7,3
39904861,3,2
39908541,62,6
39943389,56,6
39945873,3,2
39956264,48,5
39966194,1,1
39968856,11,4
39977363,68,6
40018310,10,4
40028902,162,6
40032010,10,4
40058268,322,6
40088216,84,6
40100244,103,6
40102223,190,6
40109074,7,3
40127850,11,4
40128030,179,6
40149856,3,2
40159597,147,6
40178225,2,1
40185572,2,1
40187822,4,2
40200001,7,3
40201850,5,3
40227890,145,6
40231608,28,5
40246869,4,2
40249424,39,5
40276639,43,5
40295578,25,5
40296367,9,3
40296554,15,4
40308551,101,6
40318605,2,1
40319153,8,3
40327283,7,3
40332462,101,6
40341399,1,1
40346221,31,5
40361482,142,6
40382384,60,6
40388867,47,5
40395843,1,1
40408952,1,1
40411029,68,6
40415216,40,5
40415415,70,6
40423499,53,6
40427202,146,6
40429467,25,5
40436456,65,6
40446937,32,5
40456969,64,6
40468502,17,4
40469755,45,5
40470001,8,3
40470275,22,5
40471140,28,5
40476131,40,5
40477577,62,6
40480583,11,4
40481009,4,2
40481489,32,5
40481778,7,3
40481843,6,3
40481900,3,2
40481955,27,5
40485642,3,2
40487027,40,5
40506088,64,6
40515705,17,4
40517122,27,5
40517705,85,6
40523472,102,6
40561713,19,4
40630332,41,5
40639851,70,6
40648448,1,1
40649705,2,1
40651990,3,2
40653398,90,6
40656674,55,6
40667322,69,6
40690002,1,1
40692018,2,1
40713664,6,3
40721224,2,1
40727670,3,2
40744350,1,1
40765607,1,1
40811639,31,5
40818388,3,2
40818620,40,5
40833155,12,4
40833894,130,6
40836689,18,4
40837166,242,6
40854152,1,1
40863227,155,6
40877919,1,1
40905364,27,5
40907283,4,2
40929375,39,5
40930713,22,5
40932167,2,1
40934662,149,6
40946553,18,4
40958930,80,6
40976023,3,2
40976751,1,1
40995398,62,6
41014325,164,6
41015233,12,4
41020099,18,4
41020253,282,6
41020504,62,6
41020666,303,6
41021057,33,5
41021410,337,6
41022853,15,4
41025610,23,5
41026619,51,5
41026741,277,6
41029614,57,6
41030323,64,6
41030871,38,5
41035365,27,5
41035703,33,5
41037533,4,2
41038471,53,6
41040458,1,1
41040726,397,6
41041755,2,1
41042591,15,4
41042744,41,5
41045370,85,6
41053856,14,4
41055386,2,1
41055389,1,1
41056120,3,2
41056189,5,3
41056449,3,2
41071555,1,1
41081095,7,3
41099445,125,6
41107115,17,4
41109956,1,1
41115538,60,6
41117962,1,1
41125206,72,6
41126378,6,3
41145035,48,5
41152827,35,5
41164462,17,4
41165730,37,5
41166233,58,6
41166507,82,6
41169627,10,4
41170847,43,5
41172774,57,6
41174281,2,1
41187994,10,4
41188759,26,5
41220678,3,2
41224645,10,4
41247713,16,4
41248916,6,3
41251593,15,4
41252327,46,5
41276662,10,4
41286273,225,6
41286903,200,6
41287181,101,6
41287537,132,6
41301309,29,5
41311684,186,6
41313891,27,5
41314532,4,2
41319825,1,1
41328498,15,4
41328700,123,6
41332452,1,1
41336317,54,6
41336793,16,4
41344917,2,1
41393479,1,1
41407665,1,1
41413945,1,1
41426427,36,5
41450470,2,1
41450904,8,3
41463019,1,1
41478402,180,6
41486593,129,6
41494958,141,6
41519554,21,4
41572620,7,3
41575470,3,2
41588164,142,6
41591166,129,6
41592799,87,6
41613197,171,6
41632630,1,1
41633065,3,2
41639804,131,6
41687284,158,6
41691762,14,4
41703586,1,1
41705228,9,3
41710722,13,4
41758056,41,5
41806356,6,3
41811547,43,5
41814403,181,6
41816398,157,6
41816934,142,6
41844566,23,5
41845039,72,6
41851123,23,5
41856138,105,6
41865614,120,6
41865807,49,5
41867306,38,5
41870747,5,3
41874800,209,6
41894401,153,6
41909614,45,5
41916918,3,2
41920248,6,3
41920726,7,3
41921425,9,3
41921606,16,4
41922210,4,2
41922586,10,4
41946702,4,2
41966726,3,2
41973817,12,4
41978488,145,6
42013292,2,1
42028881,122,6
42041357,46,5
42057129,2,1
42068476,48,5
42121117,4,2
42135664,2,1
42150484,9,3
42197435,87,6
42209480,106,6
42262691,18,4
42266372,4,2
42286154,39,5
42286821,41,5
42293208,46,5
42293931,59,6
42301333,3,2
42301737,12,4
42331454,92,6
42340484,6,3
42354037,12,4
42360059,24,5
42366447,140,6
42367552,125,6
42373936,5,3
42374289,113,6
42375749,2,1
42396426,173,6
42401936,43,5
42409442,3,2
42445858,42,5
42449953,86,6
42467822,4,2
42468091,3,2
42484463,15,4
42497546,3,2
42501599,53,6
42502603,6,3
42502905,2,1
42503539,71,6
42511845,187,6
42529603,122,6
42530826,38,5
42531622,195,6
42549146,7,3
42554102,82,6
42560894,51,5
42592747,65,6
42600670,84,6
42603884,55,6
42605275,113,6
42634355,17,4
42649513,64,6
42652448,138,6
42655903,168,6
42656800,85,6
42673776,5,3
42676205,32,5
42676712,119,6
42699736,43,5
42700107,27,5
42704990,7,3
42707009,1,1
42707369,28,5
42707573,8,3
42708449,12,4
42708631,1,1
42708789,39,5
42708966,41,5
42727620,16,4
42733912,1,1
42764660,20,4
42765950,96,6
42789119,5,3
42800080,1,1
42801605,4,2
42808955,1,1
42809317,1,1
42812424,1,1
42820254,52,6
42820529,6,3
42820590,2,1
42820647,11,4
42821434,44,5
42826372,1,1
42836916,43,5
42845448,1,1
42873502,2,1
42878868,19,4
42885596,17,4
42903157,30,5
42909768,14,4
42933017,40,5
42933134,76,6
42933181,1,1
42933292,2,1
42933321,1,1
42933389,2,1
42933409,26,5
42942603,3,2
42951567,66,6
42959698,77,6
42971867,3,2
42972501,10,4
42972575,3,2
43059041,13,4
43075146,27,5
43075597,2,1
43093458,184,6
43104164,107,6
43114996,7,3
43133118,2,1
43141717,2,1
43156403,62,6
43167597,10,4
43204585,22,5
43278541,11,4
43281997,7,3
43282846,1,1
43300024,2,1
43303211,2,1
43326938,9,3
43338999,15,4
43374718,1,1
43390307,1,1
43441709,45,5
43470784,97,6
43476528,79,6
43520759,6,3
43551612,1,1
43591664,24,5
43692830,131,6
43696343,54,6
43696849,75,6
43701131,2,1
43706358,26,5
43707486,190,6
43710157,46,5
43711336,49,5
43733688,174,6
43733770,161,6
43733817,128,6
43749343,49,5
43749459,3,2
43749539,131,6
43749671,26,5
43749727,13,4
43771041,58,6
43771272,73,6
43773000,79,6
43785542,55,6
43797238,5,3
43800385,41,5
43810591,27,5
43811074,61,6
43825010,114,6
43825225,149,6
43825354,27,5
43832307,8,3
43844062,139,6
43853495,8,3
43855211,26,5
43856936,209,6
43857638,75,6
43858013,80,6
43858272,88,6
43860575,33,5
43904046,129,6
43907408,82,6
43911578,2,1
43927576,88,6
43936942,172,6
43954592,53,6
43962114,16,4
43975237,33,5
43981961,1,1
43986057,90,6
43988687,13,4
43994174,162,6
43995272,9,3
43996211,184,6
43998280,204,6
44011908,5,3
44022873,43,5
44023383,7,3
44033632,26,5
44036499,12,4
44043515,61,6
44043645,23,5
44044187,14,4
44045136,82,6
44052342,30,5
44056433,122,6
44069486,13,4
44071566,55,6
44072977,2,1
44073210,1,1
44086822,4,2
44087568,9,3
44088252,22,5
44096994,4,2
44111689,79,6
44125013,22,5
44126515,15,4
44146075,114,6
44146279,42,5
44169070,10,4
44172979,57,6
44176294,2,1
44176398,17,4
44176565,30,5
44177156,88,6
44178023,77,6
44183419,7,3
44186866,303,6
44189846,9,3
44209177,39,5
44221022,2,1
44225462,6,3
44238394,1,1
44249796,103,6
44253229,13,4
44256775,17,4
44257497,20,4
44264440,45,5
44264829,73,6
44284243,16,4
44286574,5,3
44288846,1,1
44291913,8,3
44297564,78,6
44306102,98,6
44311461,36,5
44311622,4,2
44311695,17,4
44311737,179,6
44312852,2,1
44326858,25,5
44333338,2,1
44333744,6,3
44334369,76,6
44336077,5,3
44336361,4,2
44344421,1,1
44348548,30,5
44348666,24,5
44348882,5,3
44348955,1,1
44349253,50,5
44349418,19,4
44349835,32,5
44350063,28,5
44364100,14,4
44364314,5,3
44365472,1,1
44365720,37,5
44370718,360,6
44386079,4,2
44398206,41,5
44398506,166,6
44398647,5,3
44398665,38,5
44400183,15,4
44401830,88,6
44409989,68,6
44410400,54,6
44411541,134,6
44416595,138,6
44420793,1,1
44425033,6,3
44441786,1,1
44446570,1,1
44448828,55,6
44453298,6,3
44453351,61,6
44454623,1,1
44455260,1,1
44455423,3,2
44455610,5,3
44456843,134,6
44460490,8,3
44473694,6,3
44480498,14,4
44497750,167,6
44498477,2,1
44501745,2,1
44503719,16,4
44511478,68,6
44524563,15,4
44549282,63,6
44552719,5,3
44556395,102,6
44580880,41,5
44593413,25,5
44604799,26,5
44622748,12,4
44623231,108,6
44625757,7,3
44651398,54,6
44678352,24,5
44679753,7,3
44680169,1,1
44680477,1,1
44680511,139,6
44690705,31,5
44691539,16,4
44699664,80,6
44724999,227,6
44732077,22,5
44732922,10,4
44733324,3,2
44734807,28,5
44736927,4,2
44743798,52,6
44794404,2,1
44829183,3,2
44838862,75,6
44848112,20,4
44903661,242,6
44950947,53,6
44994927,12,4
44995425,131,6
44997324,35,5
44997629,209,6
45005582,1,1
45006214,3,2
45007956,50,5
45008479,1,1
45029063,35,5
45055082,51,5
45063097,11,4
45063954,3,2
45065318,2,1
45073178,32,5
45073755,16,4
45073817,31,5
45073906,7,3
45074072,17,4
45074141,26,5
45074223,2,1
45074688,2,1
45083485,6,3
45084444,26,5
45086768,11,4
45093410,36,5
45095396,37,5
45095487,71,6
45100175,9,3
45104055,84,6
45111816,1,1
45114028,1,1
45131805,37,5
45137436,2,1
45138604,13,4
45146470,84,6
45147533,10,4
45148346,37,5
45148744,5,3
45152033,5,3
45152391,1,1
45171481,6,3
45184926,1,1
45185084,1,1
45185143,15,4
45185326,9,3
45187442,104,6
45189759,50,5
45190145,4,2
45190578,11,4
45196730,16,4
45201850,3,2
45201942,119,6
45202475,129,6
45212989,2,1
45213691,114,6
45217922,8,3
45232204,3,2
45232274,50,5
45234224,8,3
45234446,19,4
45234728,18,4
45245630,44,5
45247189,18,4
45247648,156,6
45248763,10,4
45250305,102,6
45250854,1,1
45253552,1,1
45263080,108,6
45263649,64,6
45265311,11,4
45282541,1,1
45282786,4,2
45294826,21,4
45295359,32,5
45296151,7,3
45305998,45,5
45306728,1,1
45306862,4,2
45306942,2,1
45306962,2,1
45307092,1,1
45307186,7,3
45307410,1,1
45307693,2,1
45307835,5,3
45307956,1,1
45308206,170,6
45309361,143,6
45311187,69,6
45316955,28,5
45357634,34,5
45362371,100,6
45378583,96,6
45380327,30,5
45383562,24,5
45390407,6,3
45393313,113,6
45394349,31,5
45407397,63,6
45407488,55,6
45407549,67,6
45407597,52,6
45407676,24,5
45408177,3,2
45408254,3,2
45414948,84,6
45418918,7,3
45423187,107,6
45428093,1,1
45431472,70,6
45442135,16,4
45445875,28,5
45447630,222,6
45461133,224,6
45465551,117,6
45466491,122,6
45475606,2,1
45475614,7,3
45476561,12,4
45482148,10,4
45488024,178,6
45489108,7,3
45489290,1,1
45490926,9,3
45494782,13,4
45503517,11,4
45503822,3,2
45503900,4,2
45509738,39,5
45510568,34,5
45512808,34,5
45516157,1,1
45526575,1,1
45535443,21,4
45537388,13,4
45538872,4,2
45539086,2,1
45558029,123,6
45560473,3,2
45560594,5,3
45561820,110,6
45563587,22,5
45563827,84,6
45563960,47,5
45569011,114,6
45569546,54,6
45575875,131,6
45579024,95,6
45590035,66,6
45592974,13,4
45594233,139,6
45600837,7,3
45602817,25,5
45603108,210,6
45603776,25,5
45611084,90,6
45614370,114,6
45615196,145,6
45617473,154,6
45621359,30,5
45628888,41,5
45639062,42,5
45643503,66,6
45645065,3,2
45646577,57,6
45649176,1,1
45649433,5,3
45652348,9,3
45662260,139,6
45665697,12,4
45671502,34,5
45672949,77,6
45678004,2,1
45679662,42,5
45683043,3,2
45683713,5,3
45686506,95,6
45689514,119,6
45698866,140,6
45701379,158,6
45701598,17,4
45701852,50,5
45704703,107,6
45704793,58,6
45705257,58,6
45706632,4,2
45711851,87,6
45714225,173,6
45716744,50,5
45719762,88,6
45721127,17,4
45724007,9,3
45728910,2,1
45729434,42,5
45735066,1,1
45736383,157,6
45736740,130,6
45737035,118,6
45737531,140,6
45745944,2,1
45747573,15,4
45747866,214,6
45750653,70,6
45752020,80,6
45752263,3,2
45753384,4,2
45761359,119,6
45761876,22,5
45764153,1,1
45767108,150,6
45767989,80,6
45768795,47,5
45778730,1,1
45781770,1,1
45786058,7,3
45786393,1,1
45798241,1,1
45807315,23,5
45810020,16,4
45813760,38,5
45822693,47,5
45823925,142,6
45851904,35,5
45860005,2,1
45860397,57,6
45860426,9,3
45861846,77,6
45862070,167,6
45862693,94,6
45878481,2,1
45880312,121,6
45889143,11,4
45889320,15,4
45894675,169,6
45901944,8,3
45904726,56,6
45905257,30,5
45906616,3,2
45909653,141,6
45921776,1,1
45932209,14,4
45932378,40,5
45932646,141,6
45947262,37,5
45971219,113,6
45971439,1,1
45980822,11,4
45981053,87,6
45981681,6,3
45982674,49,5
45982795,86,6
45983096,57,6
45983183,94,6
45983362,68,6
45984416,32,5
45984568,38,5
46003818,44,5
46004283,108,6
46017699,4,2
46029881,21,4
46034647,164,6
46050939,41,5
46056794,86,6
46061027,1,1
46066154,3,2
46079908,1,1
46080268,1,1
46086358,6,3
46104254,73,6
46111754,6,3
46121273,138,6
46127165,3,2
46131921,4,2
46146480,1,1
46146512,5,3
46148590,6,3
46173678,11,4
46173679,145,6
46185500,92,6
46212767,140,6
46214599,73,6
46220717,5,3
46236544,2,1
46251105,4,2
46251416,142,6
46259971,76,6
46268533,12,4
46274843,129,6
46274847,140,6
46277919,7,3
46278143,88,6
46290266,29,5
46290594,99,6
46297285,33,5
46306430,99,6
46313173,20,4
46314559,28,5
46322679,5,3
46324153,61,6
46328535,133,6
46331245,54,6
46345054,101,6
46345597,93,6
46366804,3,2
46367931,1,1
46378200,45,5
46378474,27,5
46386166,1,1
46386595,115,6
46389912,72,6
46413468,13,4
46428028,13,4
46428279,11,4
46430199,17,4
46432486,31,5
46458069,101,6
46460552,95,6
46467523,111,6
46481213,26,5
46482417,73,6
46483067,51,5
46504503,37,5
46508120,12,4
46510604,30,5
46518345,6,3
46519363,107,6
46527648,6,3
46531975,1,1
46543691,1,1
46547011,1,1
46547357,22,5
46555864,45,5
46555873,55,6
46557026,4,2
46557088,14,4
46566635,11,4
46577123,3,2
46578982,40,5
46580313,74,6
46593503,3,2
46593548,33,5
46597865,21,4
46597927,5,3
46602009,8,3
46609710,1,1
46610035,114,6
46618899,117,6
46643948,6,3
46644093,1,1
46651884,65,6
46660731,3,2
46671598,3,2
46672843,65,6
46685336,17,4
46686605,4,2
46691086,3,2
46695680,2,1
46723824,18,4
46724882,48,5
46739383,12,4
46739423,30,5
46740258,24,5
46741585,1,1
46771561,5,3
46788649,5,3
46789886,7,3
46814345,5,3
46815531,7,3
46830193,26,5
46871072,19,4
46910784,1,1
46911076,1,1
46912608,20,4
46938839,21,4
46939340,4,2
46944203,53,6
46947655,44,5
46957185,14,4
46964771,7,3
46966290,5,3
46979184,16,4
46980330,41,5
46983572,59,6
46983674,30,5
46995919,74,6
47022626,23,5
47054490,37,5
47066510,104,6
47066929,131,6
47070195,7,3
47088165,175,6
47090900,1,1
47095625,86,6
47112721,6,3
47113023,9,3
47128329,127,6
47129112,135,6
47129470,166,6
47133230,52,6
47133384,49,5
47145589,175,6
47163665,1,1
47163850,1,1
47170048,18,4
47171484,95,6
47193942,3,2
47198587,85,6
47198971,32,5
47207844,27,5
47211103,174,6
47212830,2,1
47212856,1,1
47219427,89,6
47236726,17,4
47237385,25,5
47240433,111,6
47246689,65,6
47247841,72,6
47248526,6,3
47250787,21,4
47253120,54,6
47278429,2,1
47286867,135,6
47311999,14,4
47323343,121,6
47330476,10,4
47337626,6,3
47347753,64,6
47355971,77,6
47372967,42,5
47386144,5,3
47390193,82,6
47418248,2,1
47418444,168,6
47420904,36,5
47435267,3,2
47439467,6,3
47441489,17,4
47468657,123,6
47483744,6,3
47532866,23,5
47537623,24,5
47540733,137,6
47547642,56,6
47557469,2,1
47579964,2,1
47581321,8,3
47582827,24,5
47583285,21,4
47583521,31,5
47592436,35,5
47708514,8,3
47711192,14,4
47715967,28,5
47716921,182,6
47717924,2,1
47723650,97,6
47733292,1,1
47739448,8,3
47750230,37,5
47753101,5,3
47762847,8,3
47764909,35,5
47768111,1,1
47768622,5,3
47777073,18,4
47785696,8,3
47799346,1,1
47808455,2,1
47822987,66,6
47824556,36,5
47827615,100,6
47829877,7,3
47842801,4,2
47850807,31,5
47850982,1,1
47852614,71,6
47864822,14,4
47865648,1,1
47870107,1,1
47878745,54,6
47879412,131,6
47879565,65,6
47879905,103,6
47880523,75,6
47882100,103,6
47882366,71,6
47883047,118,6
47885266,5,3
47886982,175,6
47912467,92,6
47917673,26,5
47945653,14,4
47945864,6,3
47946072,29,5
47947752,25,5
47949474,13,4
47951316,1,1
47974974,10,4
48002263,51,5
48008234,43,5
48011530,140,6
48027619,125,6
48043111,2,1
48079915,25,5
48086150,522,6
48100434,4,2
48122131,1,1
48129349,22,5
48152800,161,6
48152961,11,4
48153932,1,1
48175034,1,1
48192742,2,1
48210494,66,6
48227345,91,6
48228566,45,5
48237067,159,6
48238395,95,6
48248749,112,6
48253177,2,1
48256741,10,4
48256901,3,2
48257152,3,2
48261509,1,1
48261610,3,2
48264606,169,6
48266267,142,6
48267200,141,6
48267476,95,6
48268479,3,2
48276119,73,6
48282475,1,1
48292503,175,6
48295043,2,1
48295843,148,6
48301027,8,3
48301703,4,2
48306624,34,5
48309585,1,1
48310531,208,6
48313021,120,6
48325538,120,6
48329590,68,6
48342931,9,3
48343734,48,5
48343770,3,2
48368920,19,4
48371017,1,1
48375012,20,4
48375065,10,4
48380639,23,5
48395007,103,6
48405286,115,6
48413411,97,6
48413860,120,6
48435756,124,6
48439726,2,1
48446195,190,6
48516461,12,4
48532866,4,2
48534402,5,3
48537500,12,4
48538636,41,5
48545274,193,6
48548020,118,6
48548616,123,6
48548949,170,6
48549323,40,5
48557799,143,6
48560156,4,2
48564540,109,6
48579952,26,5
48585895,2,1
48586298,63,6
48592978,6,3
48602331,5,3
48604043,11,4
48605745,4,2
48606701,6,3
48617451,12,4
48618750,14,4
48633144,4,2
48634367,60,6
48639224,1,1
48650690,2,1
48650909,1,1
48655599,4,2
48669383,27,5
48669642,8,3
48693701,6,3
48708764,38,5
48708905,1,1
48710816,2,1
48716735,12,4
48718941,1,1
48725182,2,1
48725636,1,1
48728484,4,2
48753036,17,4
48757118,15,4
48760964,26,5
48768006,62,6
48768860,106,6
48770462,66,6
48770865,97,6
48795880,2,1
48795981,8,3
48802640,67,6
48805390,61,6
48809714,2,1
48820390,18,4
48838136,17,4
48838803,6,3
48843236,82,6
48843248,68,6
48862881,21,4
48863375,3,2
48875352,2,1
48876045,67,6
48878408,4,2
48878715,6,3
48885645,23,5
48893538,88,6
48897205,1,1
48898923,211,6
48899603,97,6
48900729,198,6
48901522,173,6
48901904,10,4
48902085,18,4
48902353,21,4
48907383,109,6
48912522,17,4
48917452,3,2
48928496,47,5
48928790,116,6
48932704,21,4
48933483,29,5
48934242,12,4
48935094,47,5
48949491,2,1
48952339,1,1
48976464,67,6
48986702,90,6
48996600,222,6
49024200,6,3
49026084,211,6
49027447,1,1
49041669,1,1
49041857,56,6
49042327,29,5
49047341,8,3
49056929,44,5
49058993,45,5
49059189,59,6
49065966,9,3
49068771,107,6
49068942,107,6
49070196,143,6
49070455,17,4
49090215,6,3
49103259,84,6
49106457,57,6
49111263,76,6
49111479,85,6
49122537,48,5
49123256,56,6
49127601,1,1
49139116,175,6
49139264,152,6
49139313,184,6
49147275,139,6
49151706,6,3
49157907,7,3
49183037,77,6
49183863,53,6
49210411,12,4
49220381,24,5
49236352,53,6
49237262,17,4
49238775,5,3
49241778,65,6
49272266,1,1
49323272,24,5
49332104,109,6
49380915,58,6
49409868,4,2
49412397,137,6
49423649,46,5
49445041,111,6
49466655,54,6
49483748,49,5
49492986,4,2
49506198,28,5
49511992,18,4
49513202,9,3
49516347,98,6
49517790,24,5
49524128,17,4
49525236,4,2
49525685,27,5
49528211,10,4
49537329,1,1
49538080,257,6
49539503,55,6
49547762,120,6
49547904,66,6
49559339,10,4
49579287,18,4
49602908,202,6
49604986,1,1
49609965,74,6
49655450,53,6
49689366,42,5
49698997,1,1
49727505,14,4
49730244,10,4
49745459,11,4
49746942,2,1
49747203,2,1
49747229,1,1
49755944,67,6
49763323,20,4
49764466,125,6
49769889,35,5
49774399,36,5
49777421,77,6
49790276,25,5
49791247,43,5
49791308,138,6
49791878,1,1
49791989,2,1
49792462,64,6
49792608,31,5
49792720,2,1
49792724,1,1
49792777,107,6
49792860,1,1
49795390,82,6
49811245,174,6
49813907,38,5
49816162,24,5
49818547,2,1
49822459,48,5
49855139,32,5
49857079,53,6
49865250,106,6
49921807,50,5
49926274,69,6
49938918,33,5
49941068,6,3
49945654,33,5
49946472,79,6
49953227,2,1
49959228,66,6
49961526,76,6
49961972,53,6
49962255,41,5
49966500,5,3
49976993,60,6
49994173,53,6
50004200,86,6
50018147,3,2
50018771,63,6
50029519,39,5
50039570,49,5
50056549,17,4
50065159,13,4
50067725,34,5
50095058,22,5
50096822,10,4
50099028,172,6
50099238,127,6
50099357,106,6
50099443,149,6
50099514,131,6
50118195,68,6
50122669,28,5
50123298,54,6
50124633,27,5
50126961,18,4
50130408,67,6
50135620,69,6
50142069,142,6
50142465,1,1
50144171,53,6
50147794,88,6
50148652,10,4
50149192,43,5
50159525,67,6
50164227,34,5
50166258,44,5
50166521,1,1
50177244,11,4
50183466,13,4
50186246,5,3
50188133,16,4
50193484,115,6
50194584,1,1
50205948,31,5
50208343,24,5
50212663,66,6
50237348,63,6
50238903,12,4
50238944,5,3
50240478,16,4
50245322,99,6
50251611,4,2
50254423,1,1
50254503,1,1
50265659,69,6
50272682,93,6
50274546,13,4
50286609,211,6
50294455,217,6
50305808,10,4
50305828,152,6
50306858,18,4
50306904,1,1
50307279,6,3
50307437,61,6
50307479,3,2
50307645,96,6
50308073,20,4
50309924,37,5
50318165,86,6
50338296,25,5
50338986,8,3
50343427,50,5
50343560,38,5
50352185,36,5
50353492,54,6
50355523,131,6
50371023,13,4
50372190,8,3
50373977,17,4
50378393,25,5
50378523,31,5
50380217,14,4
50388570,4,2
50389206,2,1
50389803,14,4
50411240,1,1
50428127,5,3
50429521,2,1
50434952,2,1
50440351,202,6
50442023,1,1
50455856,38,5
50455898,139,6
50456183,130,6
50457039,101,6
50460181,228,6
50464948,88,6
50475369,88,6
50488234,267,6
50488792,270,6
50489036,272,6
50489589,245,6
50499975,17,4
50503252,30,5
50504347,68,6
50515926,68,6
50519878,11,4
50522645,93,6
50522739,156,6
50522873,119,6
50523073,151,6
50531405,31,5
50531654,6,3
50537150,44,5
50538994,153,6
50540181,26,5
50549700,121,6
50560014,308,6
50567848,136,6
50569036,33,5
50571967,152,6
50572811,73,6
50573113,54,6
50574063,62,6
50580379,130,6
50580580,7,3
50585805,3,2
50591780,22,5
50606117,15,4
50609546,130,6
50609809,19,4
50610058,70,6
50618071,167,6
50618131,150,6
50618889,19,4
50629358,3,2
50630212,9,3
50639645,110,6
50640446,25,5
50640548,44,5
50657294,7,3
50668251,19,4
50687702,10,4
50687720,6,3
50688049,40,5
50688979,153,6
50690519,42,5
50690771,1,1
50694704,22,5
50702679,5,3
50721426,178,6
50723688,8,3
50739287,176,6
50739413,1,1
50741139,10,4
50743082,2,1
50743502,92,6
50744439,5,3
50751104,8,3
50759415,7,3
50759634,62,6
50762314,2,1
50775331,19,4
50780311,3,2
50781099,3,2
50783087,45,5
50786020,3,2
50792463,7,3
50801900,129,6
50803961,24,5
50823210,5,3
50839214,113,6
50841516,12,4
50847865,56,6
50850960,17,4
50857816,188,6
50858702,34,5
50862418,23,5
50871528,73,6
50883225,17,4
50884475,27,5
50885036,172,6
50885125,187,6
50886834,1,1
50889425,101,6
50889521,1,1
50890821,80,6
50891769,52,6
50893019,28,5
50893211,20,4
50906808,33,5
50907967,6,3
50927041,2,1
50935378,21,4
50949040,104,6
50949348,111,6
50949621,96,6
50949931,89,6
50962112,17,4
50964877,63,6
50995889,54,6
51010473,29,5
51013432,88,6
51014342,6,3
51018124,1,1
51019318,1,1
51023595,101,6
51023701,1,1
51028585,68,6
51032245,23,5
51040233,12,4
51050146,11,4
51059089,15,4
51059650,4,2
51065302,194,6
51076656,11,4
51081653,6,3
51095377,13,4
51099422,45,5
51129162,1,1
51137781,7,3
51144085,3,2
51151472,116,6
51163306,100,6
51171781,68,6
51174208,22,5
51178666,6,3
51185699,12,4
51195687,32,5
51206961,1,1
51207265,17,4
51226373,62,6
51238691,2,1
51247178,10,4
51247483,3,2
51254482,57,6
51264663,70,6
51265012,7,3
51273645,9,3
51279045,54,6
51279144,2,1
51288277,77,6
51304815,14,4
51317382,41,5
51327108,9,3
51327530,54,6
51335641,193,6
51338889,6,3
51339897,20,4
51353788,73,6
51354810,40,5
51383617,6,3
51383810,18,4
51384245,34,5
51385235,1,1
51389157,119,6
51396525,1,1
51396816,102,6
51397416,72,6
51399706,31,5
51405661,1,1
51407200,60,6
51407960,32,5
51413979,2,1
51419269,3,2
51419276,16,4
51435207,4,2
51438743,1,1
51439820,5,3
51440084,32,5
51440089,10,4
51441645,255,6
51449118,143,6
51462734,51,5
51464938,131,6
51480567,226,6
51480798,276,6
51481647,165,6
51483545,1,1
51484701,2,1
51513754,1,1
51530758,1,1
51537212,78,6
51537277,1,1
51547930,5,3
51548456,4,2
51550020,5,3
51551319,50,5
51567734,6,3
51573859,2,1
51588892,19,4
51589708,57,6
51592779,3,2
51594663,122,6
51594766,68,6
51596429,180,6
51596898,228,6
51596997,185,6
51599368,13,4
51610043,11,4
51610973,2,1
51616564,18,4
51625788,6,3
51630379,62,6
51631397,40,5
51631543,64,6
51635842,9,3
51636756,2,1
51643432,18,4
51645698,12,4
51648134,15,4
51648404,5,3
51660915,7,3
51661438,17,4
51668532,14,4
51668552,19,4
51669310,6,3
51669402,9,3
51669846,8,3
51670202,33,5
51671032,2,1
51675025,89,6
51679210,16,4
51679265,41,5
51681577,9,3
51684496,174,6
51689252,81,6
51690200,119,6
51690436,15,4
51697679,67,6
51699643,5,3
51702292,26,5
51702451,34,5
51702597,20,4
51702750,1,1
51703180,91,6
51704135,228,6
51718994,2,1
51719632,21,4
51722535,67,6
51724671,1,1
51725110,1,1
51725854,3,2
51726096,1,1
51728996,13,4
51729469,181,6
51730602,160,6
51731615,29,5
51740866,20,4
51746634,5,3
51747297,30,5
51751172,6,3
51754332,2,1
51763186,57,6
51765906,45,5
51791477,12,4
51793754,1,1
51793982,24,5
51796753,1,1
51801374,3,2
51813233,49,5
51820737,20,4
51833739,10,4
51833762,32,5
51834149,13,4
51835123,21,4
51836097,68,6
51839829,55,6
51851819,9,3
51852388,8,3
51854549,42,5
51855253,7,3
51873936,18,4
51874121,56,6
51874217,29,5
51876442,27,5
51876716,12,4
51877913,66,6
51879697,106,6
51886281,8,3
51900942,4,2
51901083,52,6
51901386,16,4
51904054,2,1
51916100,35,5
51916104,113,6
51920842,96,6
51934141,41,5
51938347,42,5
51950850,60,6
51950931,72,6
51953658,18,4
51962754,88,6
51963834,2,1
51964642,4,2
51966099,57,6
51971605,23,5
51976066,88,6
52006688,91,6
52014316,33,5
52045147,62,6
52065433,4,2
52066540,1,1
52066949,76,6
52074410,15,4
52080796,217,6
52080878,31,5
52080952,9,3
52081077,38,5
52089971,11,4
52099575,23,5
52100638,2,1
52102941,20,4
52103741,17,4
52107529,81,6
52108322,3,2
52120028,1,1
52121451,1,1
52124383,12,4
52124758,11,4
52125592,82,6
52128348,128,6
52137186,55,6
52177918,11,4
52184604,9,3
52187856,73,6
52188501,48,5
52197026,99,6
52199157,138,6
52204178,106,6
52212695,11,4
52218452,1,1
52219296,3,2
52221791,11,4
52238778,86,6
52243602,21,4
52251197,46,5
52251777,7,3
52252622,13,4
52272684,2,1
52296906,168,6
52304352,17,4
52304568,1,1
52305852,88,6
52311275,67,6
52312416,9,3
52312460,7,3
52314684,229,6
52314861,12,4
52314878,1,1
52318486,2,1
52319667,84,6
52327402,4,2
52328446,7,3
52328549,2,1
52328666,5,3
52328769,4,2
52328804,2,1
52329168,13,4
52331681,18,4
52331826,8,3
52333476,46,5
52342079,5,3
52344219,92,6
52345962,16,4
52356431,1,1
52357846,8,3
52361525,9,3
52364773,9,3
52374949,13,4
52383837,4,2
52395594,10,4
52400692,4,2
52401822,12,4
52403244,80,6
52403600,180,6
52403715,8,3
52404521,129,6
52404800,144,6
52404937,159,6
52405436,3,2
52406663,24,5
52408020,27,5
52415669,30,5
52422158,14,4
52425065,6,3
52425173,21,4
52426829,2,1
52433459,15,4
52437329,4,2
52437760,2,1
52438329,3,2
52438710,67,6
52438895,15,4
52441068,64,6
52441245,12,4
52451068,16,4
52454462,21,4
52455348,13,4
52465524,79,6
52467047,22,5
52469462,30,5
52469892,58,6
52482365,9,3
52487653,90,6
52488579,3,2
52491020,4,2
52501867,1,1
52503100,68,6
52523760,18,4
52525210,3,2
52527550,46,5
52530056,46,5
52530113,34,5
52530240,1,1
52530276,37,5
52532663,1,1
52540340,1,1
52540742,17,4
52548032,3,2
52554429,53,6
52563255,2,1
52568346,6,3
52568498,2,1
52569129,10,4
52569475,9,3
52570519,148,6
52576641,9,3
52589401,15,4
52595226,54,6
52605024,54,6
52605148,3,2
52613425,205,6
52615250,1,1
52624412,1,1
52625903,2,1
52626383,2,1
52626673,2,1
52628155,48,5
52630508,93,6
52631677,19,4
52647271,77,6
52652073,111,6
52663227,210,6
52666351,42,5
52671867,41,5
52673734,8,3
52675357,1,1
52685114,27,5
52710565,25,5
52718200,78,6
52725840,82,6
52729395,1,1
52729732,24,5
52730024,1,1
52730110,25,5
52734881,105,6
52735498,15,4
52746317,52,6
52746708,6,3
52747677,6,3
52748071,10,4
52752073,2,1
52753654,14,4
52754551,10,4
52765308,95,6
52765414,122,6
52768562,2,1
52770568,2,1
52771217,223,6
52782653,51,5
52782674,76,6
52782711,159,6
52785359,117,6
52786039,11,4
52786178,19,4
52786957,7,3
52787416,7,3
52788721,7,3
52788886,44,5
52789371,7,3
52789894,16,4
52790020,31,5
52793183,3,2
52793592,53,6
52796016,5,3
52801179,115,6
52803398,9,3
52804917,51,5
52805525,75,6
52805737,19,4
52807991,20,4
52812351,101,6
52832761,1,1
52836139,96,6
52838047,17,4
52839655,11,4
52851508,69,6
52854305,57,6
52858770,377,6
52859460,9,3
52863184,267,6
52863313,111,6
52864734,12,4
52868912,8,3
52870804,17,4
52871358,24,5
52873089,27,5
52873726,14,4
52873880,28,5
52880788,74,6
52880972,6,3
52901399,27,5
52913904,41,5
52914818,2,1
52919096,20,4
52927609,3,2
52928336,3,2
52933013,3,2
52935014,57,6
52936589,5,3
52941978,5,3
52957700,6,3
52962966,17,4
52966715,1,1
52970881,90,6
52977610,5,3
52978384,1,1
52978450,17,4
52978510,4,2
52985940,29,5
52997570,2,1
52997962,99,6
53006156,58,6
53008917,32,5
53020721,1,1
53025150,24,5
53028834,198,6
53028976,244,6
53043074,37,5
53044411,75,6
53057088,12,4
53057098,14,4
53057667,10,4
53057720,7,3
53057891,35,5
53058610,23,5
53058903,35,5
53059522,13,4
53061344,12,4
53061933,11,4
53071834,25,5
53079909,7,3
53083558,29,5
53099029,2,1
53099706,26,5
53101101,14,4
53101153,22,5
53102139,10,4
53102423,8,3
53105073,14,4
53106893,110,6
53118381,16,4
53118792,20,4
53121692,4,2
53128825,11,4
53129247,64,6
53129268,7,3
53133234,67,6
53137950,49,5
53139647,59,6
53139795,59,6
53140019,43,5
53140042,103,6
53141260,93,6
53142024,40,5
53142630,54,6
53144178,9,3
53151095,72,6
53156970,2,1
53158614,10,4
53158770,22,5
53158855,4,2
53161173,35,5
53162338,44,5
53180910,4,2
53180996,4,2
53181910,41,5
53185834,131,6
53186066,189,6
53194533,10,4
53200617,81,6
53202411,65,6
53214015,73,6
53215771,25,5
53223077,2,1
53226031,32,5
53231403,23,5
53234487,56,6
53235313,32,5
53235343,6,3
53245646,59,6
53255939,232,6
53256040,166,6
53264404,31,5
53267738,78,6
53270005,4,2
53270086,1,1
53275292,3,2
53275326,2,1
53275981,12,4
53276851,11,4
53279003,112,6
53287262,35,5
53291095,49,5
53294018,33,5
53295889,41,5
53303207,146,6
53303388,3,2
53303898,14,4
53304437,10,4
53304772,15,4
53308794,16,4
53309647,47,5
53309955,14,4
53310051,21,4
53311226,38,5
53312212,102,6
53318133,46,5
53325808,12,4
53326645,13,4
53326775,27,5
53326883,2,1
53326898,15,4
53331283,9,3
53333505,8,3
53335239,7,3
53343283,5,3
53347859,17,4
53349126,1,1
53353722,2,1
53353781,80,6
53354636,3,2
53359827,24,5
53361830,51,5
53364880,25,5
53372849,18,4
53373048,30,5
53377166,16,4
53377960,1,1
53378091,5,3
53382623,4,2
53387555,1,1
53387992,1,1
53392337,20,4
53392446,7,3
53393348,90,6
53398067,15,4
53406985,93,6
53407429,105,6
53414119,1,1
53417827,3,2
53420192,11,4
53420653,15,4
53426563,7,3
53442540,45,5
53447309,24,5
53452143,2,1
53452861,70,6
53477040,85,6
53483808,39,5
53493232,21,4
53495732,35,5
53503658,13,4
53506631,4,2
53510991,9,3
53512396,15,4
53513374,161,6
53514617,57,6
53521439,36,5
53521930,19,4
53523584,22,5
53527230,39,5
53527616,42,5
53527811,41,5
53527934,9,3
53532009,57,6
53532102,29,5
53532287,30,5
53532678,53,6
53540286,93,6
53540774,58,6
53545994,10,4
53552826,28,5
53560813,13,4
53564258,4,2
53566475,34,5
53567171,206,6
53569689,1,1
53571859,80,6
53602559,66,6
53603697,2,1
53609998,2,1
53612171,119,6
53617488,5,3
53617730,21,4
53622864,86,6
53624611,82,6
53635656,84,6
53635968,2,1
53636005,126,6
53651824,1,1
53659942,11,4
53660872,1,1
53661592,30,5
53666245,23,5
53666383,4,2
53670290,4,2
53671494,5,3
53678973,2,1
53685709,10,4
53686575,1,1
53687124,2,1
53687620,3,2
53692831,5,3
53694008,5,3
53696871,4,2
53698126,25,5
53698495,50,5
53698818,6,3
53701427,10,4
53703046,67,6
53710984,10,4
53714568,174,6
53719100,8,3
53720298,32,5
53730591,25,5
53731483,2,1
53737380,15,4
53746461,26,5
53753187,212,6
53756339,13,4
53762195,61,6
53762279,14,4
53763351,82,6
53763575,1,1
53763880,66,6
53767905,1,1
53769649,111,6
53771943,44,5
53772578,221,6
53776872,85,6
53777297,11,4
53781129,1,1
53782940,32,5
53784892,1,1
53788711,220,6
53788838,254,6
53789283,5,3
53789374,26,5
53792802,3,2
53793951,3,2
53802530,12,4
53803178,9,3
53805165,36,5
53812546,17,4
53822146,19,4
53822203,4,2
53823511,1,1
53825938,5,3
53826769,12,4
53830037,41,5
53838648,54,6
53838719,1,1
53840458,1,1
53841308,61,6
53841438,17,4
53853107,30,5
53853324,6,3
53856439,148,6
53856497,113,6
53860983,9,3
53869633,22,5
53870353,2,1
53871959,56,6
53872157,5,3
53872418,1,1
53872762,18,4
53872787,18,4
53872878,75,6
53873233,16,4
53884221,18,4
53886701,2,1
53887417,4,2
53887753,27,5
53888690,2,1
53896365,19,4
53910287,46,5
53911557,7,3
53913219,88,6
53916113,135,6
53917973,93,6
53918358,264,6
53927670,23,5
53927937,33,5
53930636,15,4
53933892,34,5
53934462,80,6
53934625,82,6
53947387,7,3
53948729,39,5
53952120,1,1
53953088,13,4
53954510,2,1
53959728,9,3
53960196,2,1
53964459,50,5
53964800,2,1
53966050,18,4
53966794,122,6
53969959,1,1
53977530,1,1
53982449,115,6
53984948,4,2
53985267,78,6
53985836,70,6
53986951,68,6
53987544,18,4
53989353,1,1
53990593,57,6
53996408,1,1
53996549,2,1
53997881,9,3
53997886,33,5
54008290,12,4
54010537,6,3
54012130,57,6
54014692,58,6
54014742,47,5
54016650,2,1
54017175,11,4
54025361,92,6
54025655,17,4
54025760,2,1
54028835,10,4
54034438,32,5
54037937,131,6
54038606,184,6
54043149,2,1
54044298,2,1
54044325,2,1
54049953,3,2
54052242,20,4
54060677,14,4
54061203,3,2
54061332,2,1
54061346,2,1
54062688,7,3
54068751,20,4
54069550,5,3
54076093,2,1
54079689,20,4
54087040,129,6
54087887,11,4
54093686,81,6
54099811,82,6
54110751,22,5
54110901,10,4
54114166,194,6
54133363,8,3
54139385,26,5
54139659,9,3
54139675,39,5
54146766,2,1
54156970,125,6
54156989,28,5
54161336,8,3
54162174,121,6
54170005,52,6
54170930,15,4
54171992,29,5
54176718,155,6
54177940,1,1
54178118,126,6
54179969,2,1
54191554,24,5
54191570,7,3
54191601,138,6
54197189,12,4
54203747,2,1
54205249,13,4
54207694,1,1
54207696,10,4
54207719,10,4
54211383,153,6
54221375,33,5
54233997,24,5
54234498,17,4
54241857,53,6
54244532,27,5
54251931,134,6
54252126,164,6
54252458,124,6
54253750,30,5
54254216,5,3
54254370,2,1
54272172,26,5
54273789,146,6
54284607,4,2
54298243,65,6
54300077,15,4
54300329,107,6
54301369,3,2
54304365,110,6
54312190,48,5
54312300,1,1
54324195,1,1
54334462,120,6
54334710,238,6
54342663,156,6
54344239,60,6
54347020,4,2
54350416,8,3
54351026,4,2
54351131,1,1
54362983,5,3
54363011,1,1
54367083,36,5
54367274,5,3
54369865,10,4
54372504,4,2
54373902,17,4
54388924,24,5
54389801,19,4
54395039,12,4
54400843,1,1
54404157,27,5
498944821201978724,58,6
499911709420333009,20,4
506448061843403314,306,6
506989261571736263,105,6
510752087549522591,24,5
512034588210282437,2,1
515630765391748444,42,5
519523309097281667,14,4
526578651630530406,59,6
531049735649831295,37,5
537475953044124219,2,1
540177810446236003,110,6
540228688838542989,12,4
540507205963650596,114,6
540569249134366326,36,5
540589410026877844,28,5
540951519566340533,10,4
540978401428332343,84,6
541009386580681896,63,6
541024994353319504,58,6
541035983902037571,91,6
542459167148714112,23,5
543104346742505245,6,3
543478445863542042,24,5
543534870781126211,11,4
543840404950809704,15,4
544040646405477589,51,5
544199730396252955,2,1
544200927995998298,202,6
544856746372978400,6,3
544938833659909044,7,3
545357317888951228,25,5
546808968519546387,4,2
546843841991759530,52,6
546992178753656509,140,6
547066044396880966,23,5
547372525006405763,1,1
547454215883427908,1,1
547508582689560398,8,3
547510608254141701,10,4
547531955598174343,14,4
547729584702058047,32,5
548129803846071713,19,4
548276036085810360,40,5
548277615604105483,1,1
548283142974186027,29,5
548284577419435194,23,5
548285635097228872,87,6
548339505207170732,14,4
548350733326539765,1,1
548378833698755821,57,6
548589489629640970,19,4
548811256818369954,2,1
548918513302676095,17,4
548948426743259781,9,3
548970600575750062,10,4
548990413315349909,8,3
549031421871556475,12,4
549057009998062322,127,6
549061444673754220,6,3
549077208147916482,30,5
549183168509458528,5,3
549207409536746142,110,6
549300342017377934,2,1
549627414899999070,6,3
549716725083684781,43,5
549755086239523448,14,4
549791426186852714,16,4
549823019034807392,10,4
549835165110128897,17,4
549865309544527520,21,4
549882081198751692,11,4
550519615354200524,34,5
550683416008247085,43,5
551331389279130259,157,6
551344909149823217,179,6
551396997136493394,30,5
551828892898499255,222,6
551842792262440348,6,3
552014161205989298,52,6
552109155094911659,44,5
552118818732230956,26,5
552209543669928706,3,2
552771989550744586,8,3
552803084846699930,6,3
553341897468971976,18,4
553479861279611261,1,1
553937186215308755,20,4
553963287524134902,12,4
554105292246011256,64,6
554138698740290761,144,6
554211879010442930,20,4
554231511083856736,10,4
554242315636605108,115,6
554295249299603985,1,1
554925867714666342,63,6
554948931978632048,112,6
554977302624982832,26,5
555138730474594404,10,4
555498175618796278,4,2
555499546614198654,5,3
555505655072423375,3,2
555585006136894313,2,1
555585770544657544,2,1
555606683222894904,8,3
555615111155728497,5,3
555775047738613297,1,1
556212680461097416,22,5
556320871306775085,26,5
556335632656021469,83,6
556502222411880107,6,3
556523783674629716,24,5
556882718851839037,7,3
556944029304055578,15,4
556972543841200016,2,1
557080466723188633,21,4
557102834109931179,52,6
557121404234705950,3,2
557135058527963036,56,6
557137999596866348,8,3
557168814116336144,49,5
557174093821353366,11,4
557183242933940516,3,2
557184189742942651,3,2
557191369782489422,134,6
557205854619701427,1,1
557303439220462586,1,1
557641851421431980,39,5
557794793132079730,6,3
557816126281538366,2,1
557819700254865566,4,2
557849349159201582,2,1
557866060219259880,17,4
558371907022184957,22,5
558378803373193774,5,3
558380765611443929,3,2
558494142086021631,12,4
558507727217845886,2,1
558685683230624499,133,6
558693952095541782,160,6
559082481813753604,8,3
559096170245746506,11,4
559106131120351343,80,6
559175846868169985,14,4
559519769901176360,3,2
560029416883966917,46,5
560032690348910118,79,6
560130944761266217,28,5
560155137046056859,177,6
560189193779456866,1,1
560199156374214986,139,6
560201928094954249,62,6
560539682132653274,1,1
560664084598165364,6,3
560832022073788469,91,6
560879160196271907,123,6
560957931125867265,13,4
561250288318273266,30,5
561340743128338607,2,1
561349202774632535,7,3
561370231225381815,1,1
561373641236580710,2,1
561487483401664815,26,5
561549650898685940,28,5
561557626125243458,2,1
561678319084536828,1,1
561738656398992599,3,2
561964044988935385,65,6
562634871204455947,8,3
562635327571205905,15,4
562813514698411126,99,6
563422250568779259,26,5
563442436497459649,4,2
563616716083229675,159,6
563711268872913444,97,6
564047541270409786,77,6
564130177554663933,5,3
564242410804417441,6,3
564350111891380846,26,5
564479805975918232,10,4
565058276303051694,40,5
565178712403604965,11,4
565222557206586536,29,5
565407043699489433,140,6
565518298743619692,25,5
565577602022937597,26,5
565598070016640893,51,5
565754023540056796,13,4
566295765572339553,8,3
566374553778649355,12,4
566384227192629821,41,5
566395420128473980,52,6
566446700182569198,77,6
566452452621177919,8,3
566460380360089597,50,5
566501871914491147,101,6
566758394209793937,117,6
566939703692181379,3,2
567211873278312348,2,1
567257521132375069,19,4
567260839287599369,1,1
567311253783090505,9,3
567369131227215235,1,1
567379328830900502,17,4
567417805264083299,46,5
567780000496296115,11,4
567950309315277868,20,4
567959367503905161,1,1
567997793912777674,16,4
568054437146702228,69,6
568500433676080891,10,4
568579919924124114,9,3
568705553628878880,11,4
568805050405050422,12,4
568817745532848331,2,1
569391197698436740,27,5
569393671886354180,46,5
569594170637981993,10,4
569611341982520307,55,6
570099577872161154,25,5
570099817702453149,49,5
570441595642272139,9,3
570683457612438256,4,2
570726416179059395,27,5
570739976247713190,10,4
570814577933680286,58,6
570816883750420659,99,6
570871388245477243,68,6
570915439746470807,2,1
570917186536080604,3,2
570988512957405078,5,3
571011842398202465,19,4
571509052023010180,105,6
571633868033681450,4,2
571633874507571225,3,2
571643625619837945,130,6
571645741241318268,2,1
571662749604067287,3,2
571701914834922509,71,6
571710114601138313,64,6
571827970337029459,18,4
572269999503389248,5,3
572314764598440485,5,3
572367075511850173,2,1
572543810051416201,121,6
572822201208060974,22,5
572835236937113774,1,1
572867722022927413,3,2
572888331029476669,14,4
572892449945042068,4,2
572918825102935441,1,1
572937814762971616,6,3
573144318263316392,69,6
573299093206847716,18,4
573322550313092965,92,6
573720729159610866,2,1
573745088062486150,111,6
573750016455033374,3,2
573762639949695320,107,6
573783104984023283,9,3
573784571624233582,13,4
573784880276877593,16,4
573785507305500780,1,1
573787590392874512,1,1
573853153190334772,5,3
574298827720943404,9,3
574348481985061124,85,6
574427260523289610,19,4
574440175610560768,6,3
574464839501122798,6,3
574499835174375202,4,2
574507544796843397,15,4
574576267579509525,4,2
575012132558741477,2,1
575054630512445291,1,1
575097936055751891,19,4
575297857799591414,30,5
575341969219039837,26,5
575351072882703832,8,3
575688450652600842,16,4
575734658157449378,1,1
575745345154719092,14,4
575803833015646768,3,2
575925704818171032,26,5
575983895274162100,16,4
575994721030985201,7,3
576030642088651343,7,3
576133706670647991,32,5
576471868055068632,1,1
576696931346499191,2,1
576697207357524373,117,6
576744328484664049,99,6
576832466482423432,65,6
577174010806721538,10,4
577190335748756798,2,1
577202772499240781,10,4
577203697037179697,5,3
577231960851600715,88,6
577283609267741403,7,3
577466512577227156,38,5
577616531804666997,59,6
577901816740343153,119,6
578001689341820163,74,6
578006577740798455,117,6
578023592913173532,14,4
578039886566989838,11,4
578040248568759414,16,4
578221358778930702,14,4
578242904533245882,1,1
578309873600969506,4,2
578670325009196559,27,5
578727510556450990,1,1
578817173207040324,23,5
578961204095259842,178,6
578962899659745958,1,1
578976240382549231,2,1
579298184787318895,8,3
579367003958693501,12,4
579378103380609990,16,4
579416534749028107,5,3
579503919648577475,1,1
579541402975516950,124,6
579608961033786525,15,4
579615987968716810,25,5
579690146666493451,13,4
579758287332569940,1,1
579771481806571337,64,6
579888129941963656,23,5
580135242540571277,7,3
580172446295179882,40,5
580211049411123734,90,6
580364529697733358,60,6
580406201609243177,21,4
580407942506171029,42,5
580873044365497844,5,3
580887972791571933,3,2
580900311105593759,11,4
580952001905224041,5,3
581025637774204813,75,6
581050579492927302,4,2
581151494219222823,28,5
581177386806428649,21,4
581436523460023413,5,3
581567074190178218,1,1
581583214215075785,49,5
581679511171325795,22,5
581680897840575319,16,4
581684669269876827,14,4
581732641691013320,125,6
581762545571921110,72,6
581765388392023461,144,6
581766679357165773,57,6
581767534990806055,32,5
581767871242965363,110,6
581769269589950975,123,6
581773425015629352,73,6
581790089057548152,13,4
581832957682402575,1,1
581907337886327569,17,4
581913534106718791,7,3
582161477677152388,5,3
582335451684398056,206,6
582584648613904763,23,5
582625269122814655,15,4
582638025772128485,26,5
582744468782212601,1,1
582933182857109327,68,6
583010825029649115,6,3
583037435374641564,1,1
583186304330234452,4,2
583232357247029881,1,1
583315140581276782,4,2
583342584489603124,6,3
583588829437124550,34,5
583748222984906251,4,2
583784495754422965,3,2
583807518274710321,63,6
583990584038624941,2,1
584012742149150987,22,5
584186943331540327,2,1
584395658403866265,149,6
584403792586904084,35,5
584405700824435458,8,3
584418901056478168,40,5
584430639633403398,114,6
584436275525749250,70,6
584440859527914384,28,5
584473572269964613,47,5
584767424130972942,1,1
584823357272621334,1,1
585143914410837628,3,2
585160319008252119,22,5
585242694127887343,5,3
585252106034768264,1,1
585271043272079227,2,1
585373070169274261,12,4
585449807751122523,121,6
585630486785139641,59,6
585844819997253434,1,1
585849333392348706,27,5
585902861747324502,3,2
585941819624656162,1,1
585950885873515304,2,1
585953118076553891,1,1
585962512147669896,33,5
585969138309850420,82,6
586149204356453683,66,6
586180597702776106,50,5
586944353236891098,8,3
587313582192376835,111,6
587332100493530253,13,4
587428932944609416,1,1
587438553704834316,1,1
587450783122821577,119,6
587515020702104947,29,5
587515533451195090,1,1
587541350020297347,1,1
587623011708605584,1,1
587636560746588689,66,6
587673211531667645,3,2
587726762131943187,20,4
587807022760312855,53,6
587985603744496447,16,4
587985734417326532,7,3
588021265669633902,6,3
588023837611968874,1,1
588278381318723185,1,1
588327769787810128,61,6
588390164628890728,165,6
588395810657893378,14,4
588400061469684658,18,4
588401865979285890,13,4
588654455906182764,5,3
588915287610805857,2,1
588927571781459237,37,5
588978418347055977,17,4
589026628753480896,1,1
589103472193275655,3,2
589125156086007197,31,5
589480664639469338,9,3
589502018295245890,94,6
589531294912806072,2,1
589677561585111387,1,1
589682353843999277,1,1
589684248448423893,1,1
589686244449976238,1,1
589727743888155290,24,5
589828893600340845,4,2
589859458527881618,24,5
589870856499423834,4,2
590161445129808662,1,1
590282016999395397,1,1
590378585243843488,118,6
590396274634068571,3,2
590483878624439753,2,1
590511303499884065,21,4
590525770656940702,50,5
590532830460941568,12,4
590563099603372579,29,5
590596190257073652,2,1
590806992433706597,85,6
591131515011356603,63,6
591731263748969305,34,5
591896972322296381,129,6
592048696397422781,125,6
592050163364223547,54,6
592413622915139295,4,2
592550669096073350,3,2
592629977269314562,3,2
592690826482528807,9,3
592699685694326713,5,3
592719020725511277,32,5
592773328066234121,5,3
593226054233907178,31,5
593313491440563298,22,5
593324513637606754,4,2
593442412832418681,4,2
593452535027806782,25,5
593859371181515433,6,3
593981761656447599,4,2
593982523001904071,2,1
594065811495814196,21,4
594085378760761449,82,6
594129954402208490,2,1
594133631643137789,182,6
594229339221099553,2,1
594250224710684005,2,1
594519239490971775,8,3
594526855098758816,63,6
594574767890317975,1,1
594659904251641430,8,3
594701650278096808,41,5
594705165408763203,1,1
594711180465733070,4,2
594781182479495733,6,3
594950565107526663,5,3
595294214166439351,1,1
595298560946896845,13,4
595429429982509679,34,5
595472443730416885,66,6
595500307354937431,4,2
595609511343168984,34,5
595636012504808858,2,1
596082205850676375,4,2
596099654884364412,9,3
596101689994672444,1,1
596131602156087710,5,3
596143172944698244,5,3
596164825908486024,28,5
596174032385507543,5,3
596183883429035597,26,5
596283025366617783,11,4
596283950619990482,41,5
596310193602400068,24,5
596352388871518551,32,5
596750699586492654,26,5
596846691195812350,5,3
596878866526840407,6,3
596907242866643064,3,2
596950179744925457,106,6
596956812228376543,2,1
597010853534573419,5,3
597023281475774389,11,4
597033464663590354,1,1
597041156941627765,21,4
597048787140368060,4,2
597070310410890127,45,5
597084805691444390,5,3
597119441582483259,2,1
597140672521700723,31,5
597172798640646084,20,4
597211591438288158,8,3
597414229096919268,25,5
597480385633957036,3,2
597490811796664872,1,1
597518896658386821,21,4
597551895008862045,16,4
597585414883453584,2,1
597594439315837849,4,2
597624486873922552,30,5
597678180476606191,8,3
597715611669269637,5,3
597722011704759875,58,6
597724046680297277,22,5
597797064260540817,31,5
597806066473680705,4,2
597835325723964474,5,3
597941732334202924,6,3
598090665547090604,2,1
598109441532889125,9,3
598211828952461069,6,3
598229870856879980,61,6
598236144035741744,21,4
598236576924874720,80,6
598241581636999884,7,3
598284660207051604,17,4
598354383435629318,98,6
598365593009172527,8,3
598408805374332781,1,1
598417137321000503,1,1
598427045060231029,55,6
598526598130660888,1,1
598531238705589590,2,1
598548909339267218,34,5
598549128499142766,1,1
598568843874174074,5,3
598569839644170771,73,6
598590192350033539,3,2
598598947466596357,3,2
598603795541064626,20,4
598630065058214710,4,2
598888169152210025,4,2
599108523436630485,51,5
599114634262281110,4,2
599123847660321724,18,4
599237241967018276,17,4
599311453146917327,25,5
599776998921556093,13,4
600442381369426976,2,1
600448810179197228,4,2
600500168068306225,119,6
600508381342470759,4,2
600515633767374450,1,1
600589098021722922,28,5
600606089988848500,3,2
600646362323812774,13,4
601051745888399148,37,5
601084365948927620,10,4
601186751218993513,8,3
601200103766714946,27,5
601225593765506605,5,3
601253265191104800,13,4
601297627650257039,48,5
601381096981007484,31,5
601420849945630335,37,5
601462892403718677,13,4
601889328131512815,113,6
601910896248289492,6,3
602002306601930543,38,5
602075565921475062,14,4
602115674091056598,21,4
602185353996877637,44,5
602228795696619550,7,3
602496655918428452,21,4
602577747503042441,23,5
602667788153484422,12,4
602668186202384357,2,1
602674886377524072,10,4
602704811373270289,10,4
602878571372058720,15,4
603462180905872136,47,5
603995591352518196,1,1
604042289427120505,4,2
604105069704903057,2,1
604260437952159771,41,5
604421540334433722,23,5
604776831767403719,15,4
604777779963945377,3,2
604810788845344810,72,6
604862462963126793,113,6
604886246598161064,122,6
605045128071786327,2,1
605096214356441404,111,6
605400119107678078,23,5
605435133943301637,1,1
605465146211217315,35,5
605468761218037410,26,5
605594493903729888,7,3
605741590199968477,2,1
605748058330996606,5,3
605819623090960581,7,3
605920157755515588,37,5
606187665410741686,31,5
606194395116918224,31,5
606216317087606051,2,1
606245404073739425,42,5
606265936525254458,104,6
606267017199394696,108,6
606340355451585065,24,5
606393778711609895,20,4
606430518927213098,39,5
606523860008969301,139,6
606604590448228837,16,4
606733248241666770,7,3
606733525559245656,23,5
607069272851808679,100,6
607089680300678349,93,6
607124212944360504,2,1
607126558292755944,150,6
607159103394013668,68,6
607257370504290899,42,5
607599524671236595,23,5
607602856406390264,23,5
607660892945113926,5,3
607736535153658335,45,5
607738754435817990,66,6
607823869190427185,60,6
607905159484524053,12,4
608021927532688960,2,1
608414974979795807,78,6
608418060723728673,14,4
608420705731601750,92,6
608423745441529878,58,6
608427691087002672,85,6
608533290397732017,43,5
608579674990246244,8,3
608586623689182243,1,1
608594522867655037,1,1
608601291501319346,2,1
608662396385565024,1,1
608712731578518349,5,3
608803227374797861,4,2
609180846472243307,6,3
609215171085910897,29,5
609351926255951382,15,4
609356304850889133,18,4
609375692727069503,61,6
609789146559283582,42,5
610112411826426888,3,2
610130901060676730,34,5
610187838543280810,55,6
610692836692908402,1,1
610695620252121846,36,5
610745065174378105,40,5
611092048938186988,133,6
611262392857581607,1,1
611443409048703852,4,2
611548994047844690,6,3
611652568705594412,1,1
612123327621577885,26,5
612217460693126927,5,3
612663779054361102,20,4
612762011836218366,34,5
612765367823538733,24,5
612789908740292180,15,4
612794053737357840,7,3
613007692395642645,53,6
613143955828041317,43,5
613172058135166028,3,2
613344497831730658,133,6
613482146189955702,20,4
613482239833656976,10,4
613482710315978589,6,3
613487484984790768,25,5
613494017653786723,88,6
613500113375839519,35,5
613508500502119527,62,6
613539945116750874,3,2
613541273558575375,28,5
613563176204031574,11,4
613581557795330934,2,1
613652767296145568,39,5
613667768714677202,14,4
613769959739541645,13,4
613805531183392151,104,6
613864146428396862,103,6
613897447446456422,97,6
613922660680077961,74,6
614080664163845197,43,5
614129186651157308,3,2
614179036219506589,3,2
614662982759720932,17,4
614838173740194035,2,1
614871673549364147,97,6
614881014730759339,12,4
614996414466431730,83,6
615026742607631698,187,6
615117449046503890,29,5
615171856210534963,42,5
615552174327328214,69,6
615594797168891352,20,4
615594836847964087,97,6
615603530031317680,45,5
615609003851518731,5,3
615623040874089189,9,3
615631608231611334,3,2
615860933764305004,6,3
615862808361454856,2,1
616111855451210998,15,4
616177948078839660,7,3
616373060226052277,100,6
616394027712699880,11,4
616419009972864138,1,1
616435309695602128,91,6
616445540215495135,146,6
616450650411530062,127,6
616489886113723098,4,2
616657616357651392,99,6
616747116240923945,5,3
617090905369886390,28,5
617166101439142701,96,6
617168330898705303,1,1
617226851356597963,6,3
617238318747626200,19,4
617245366902973652,5,3
617325108049468234,9,3
617332753570252586,32,5
617346091713597839,2,1
617364394549821912,3,2
617374573472203424,63,6
617400229947148866,52,6
617400266859199067,100,6
617786397689505479,50,5
617797464283597867,14,4
617815871179559211,33,5
618122590973064659,29,5
618504798608109263,14,4
618579212118160147,2,1
618670073625539977,1,1
618702788388542582,13,4
618803422297747880,32,5
618804000765396740,8,3
618816657012180690,11,4
618839841826540233,78,6
618931730822121638,45,5
619140870722471985,91,6
619179196810551566,4,2
619255649099088315,42,5
619303764124232918,3,2
619309509489976661,2,1
619325281427949767,3,2
619380170418485754,73,6
619454016495603090,2,1
619555171972411328,62,6
619559670676209519,9,3
619586532247873914,6,3
619650522194374824,49,5
619917595218108910,8,3
619950122160206673,30,5
619973641264457290,27,5
620011751890019689,3,2
620033108024352871,6,3
620043647312397403,1,1
620081207934557864,78,6
620157413713347141,22,5
620242981634531231,6,3
620249150635755148,13,4
620257132944541014,2,1
620297825038348888,76,6
620316645067412979,22,5
620351292203861433,19,4
620726857082978306,9,3
620744833177005214,58,6
620793567989008825,4,2
620836545541215315,44,5
620847373530032153,2,1
620871290379433768,31,5
620873466248394811,8,3
620969229857861317,23,5
621033209963571048,50,5
621121593287162193,33,5
621126352861028157,4,2
621469233108111715,41,5
621531653232919006,7,3
621657107393067084,38,5
621829737591628394,7,3
621857957548106288,82,6
622166922982754706,80,6
622208095336266142,4,2
622208103392746895,4,2
622341383874886413,11,4
622383937572283008,2,1
622455729277065921,13,4
622519709154915304,4,2
622825772527832548,2,1
622848521964971152,11,4
622880972549008857,14,4
622895996593162826,11,4
622910782809261025,2,1
623073047093017072,3,2
623219278564797938,132,6
623247924309174172,27,5
623488252607589975,7,3
623509947693626675,1,1
623590505199815951,1,1
623666084551316897,22,5
623684862853732798,1,1
623843780347532537,2,1
623900367264128888,29,5
623901518270674850,20,4
624248045339226418,90,6
624311739421453595,35,5
624504698832918033,28,5
624575391004980934,114,6
624845769027999722,23,5
624978612637385495,40,5
625021554688671416,11,4
625031962610095766,2,1
625062831993580675,7,3
625194235914872890,133,6
625347222733563281,53,6
625348740071234667,13,4
625353042672126047,73,6
625393029328670022,126,6
625860409233392299,37,5
625890325124647144,11,4
625909261780756894,8,3
625962679966310011,8,3
626031943801388203,1,1
626133872680927684,46,5
626405271428988671,1,1
626544744815344784,119,6
626799899818628622,12,4
627267045816228733,1,1
627320272997793527,7,3
627353784274984643,1,1
627426626537491539,39,5
627514963303509772,99,6
627873446173126648,43,5
627894895592117527,59,6
627970597347447943,1,1
628092829203710492,7,3
628233544304667186,14,4
628251463708390724,94,6
628273169113266405,98,6
628305331827012865,7,3
628624915881916458,21,4
628742796116026788,1,1
628743357518450393,3,2
628749784535778762,3,2
628752518863720350,9,3
628753724611024822,14,4
628762388091238078,54,6
628881432845159815,12,4
628903352655472070,8,3
628950753046523527,96,6
629514674661970422,10,4
629514717725385596,7,3
629537526628639096,5,3
629550904802832896,34,5
629602915084606856,48,5
629608663996682837,45,5
629675857206253305,2,1
629687869570976667,182,6
629713428278158893,1,1
630052474658170855,25,5
630162605725833854,98,6
630215704038082258,42,5
630288107513673713,2,1
630298226243402004,11,4
630336242092230339,22,5
630352558459644581,3,2
630440441786315239,3,2
630494291254268562,44,5
630508842794349118,40,5
630851578596654718,2,1
630912104573270199,26,5
630971694002913596,137,6
631045191812881554,1,1
631085536138926317,83,6
631145313362939983,3,2
631575602792093969,5,3
631576504335262440,179,6
631730865603627651,19,4
631731147386531648,9,3
632382831318358867,7,3
632482757012476721,1,1
632490086275009130,52,6
632536306276345003,16,4
632556716959556038,20,4
632618363569588976,92,6
632879980339831427,21,4
633152358439494043,4,2
633248599039752121,2,1
633421018878216826,26,5
633471086847161792,3,2
633717663236505669,46,5
633735866478289960,17,4
633736737150561110,1,1
633738964477770055,3,2
633743741959763497,3,2
633840901838123382,19,4
633951770957492962,95,6
634044782009969782,10,4
634068510280516892,15,4
634086466170273774,10,4
634117226729010798,1,1
634467448374672795,49,5
634470833944388075,69,6
634471551458408414,9,3
634541621888096091,6,3
634621014615594058,5,3
634745833753091598,28,5
634801938175585629,89,6
635109882169862615,46,5
635159475547910499,1,1
635187779502004987,1,1
635196397000548859,8,3
635200110423656975,3,2
635313263668044266,6,3
635334564811469236,11,4
635441337646653948,11,4
635503510207222823,29,5
635538481328632656,1,1
635546263113586069,1,1
635605841962029446,169,6
635812724946243844,2,1
635860201419275112,8,3
635878889632651977,64,6
635965279098265538,3,2
635996184184808298,22,5
636013638077628039,12,4
636062372600537390,42,5
636094887995621009,1,1
636163785467667444,12,4
636646657572637013,4,2
636680384716477689,4,2
636791260303856915,3,2
636803833487914606,59,6
636984576237795084,1,1
637399593308273563,26,5
637571985078275672,3,2
637581623330033214,17,4
637649370548657342,1,1
637686355081607857,24,5
637733688653389225,15,4
638005240046607963,96,6
638037533965634704,11,4
638139914837796089,1,1
638215785498902670,4,2
638240265971536407,10,4
638247318814620983,11,4
638249620805198465,9,3
638321918131542995,1,1
638436582701828225,8,3
638805135917360997,9,3
638864552852904191,1,1
638945051023594385,5,3
639054716680451117,4,2
639151658539476687,28,5
639171660483847232,8,3
639679419161336190,4,2
639762744537757339,22,5
639777198225804803,86,6
639822300020223468,30,5
639843059757838634,2,1
639850059354627437,43,5
639857684668572858,51,5
640237311776092511,47,5
640249699462514003,2,1
640260322215328469,18,4
640269102224398039,93,6
640341759956080164,88,6
640362129949414433,11,4
640372470443105238,30,5
640571561626028976,5,3
640625041368556464,6,3
641049857603781089,41,5
641081685340852201,11,4
641139227136115185,7,3
641234050539347021,5,3
641276846768989232,3,2
641490783385271363,1,1
641714176123012233,16,4
641836414442077316,4,2
642038514484175348,1,1
642254343794353702,1,1
642423046873844405,23,5
642478841032002707,6,3
642541364533457476,66,6
642554485670739954,2,1
642611200355280563,7,3
642624581040871182,9,3
642663751943457350,2,1
642680580145316526,29,5
642773422211220270,1,1
642823335817453591,2,1
643105677189057247,10,4
643190893192172713,20,4
643290576806136723,9,3
643325581923076102,18,4
643328586463591875,26,5
643342267635359684,2,1
643373025719881998,14,4
643377253088606081,8,3
643377315637670702,6,3
643425011416830231,49,5
643500914919270843,1,1
643570301256624712,58,6
643920279033258306,1,1
643944192601658343,21,4
643949912246592407,99,6
643977018724225986,14,4
643986994677601282,24,5
644022928493398155,3,2
644027461201508009,26,5
644169431946835918,1,1
644183458445149580,8,3
644197045508259640,8,3
644558251553988914,31,5
644589998101425555,2,1
644680829553617570,29,5
644700207975217131,21,4
644701037005340693,2,1
644724583429940774,17,4
644739346500709109,13,4
644790991303333569,3,2
644811275503741817,2,1
644862703254460573,2,1
644878440074079628,1,1
644931162292213460,33,5
645269934684420568,48,5
645286292502682193,5,3
645308383751540650,5,3
645334602874935940,4,2
645447840581423744,16,4
645499581540186337,1,1
645528943018950298,17,4
645613308788450224,1,1
646118497948733757,5,3
646218892474399801,17,4
646238298493907692,7,3
646256721289342160,1,1
646350061211064683,60,6
646361108997842906,51,5
646404144133687702,4,2
646419877548390207,64,6
646467658135861700,72,6
646518633069618001,72,6
646859381663760487,35,5
647015570127307410,46,5
647080952548322936,20,4
647311305887055382,54,6
647481911570889986,8,3
647532432042959254,62,6
647629189603928997,33,5
647632733903685178,57,6
647674747314227395,3,2
647709481270611494,4,2
647721282118994007,1,1
647790414190784574,23,5
647859929904268819,43,5
647918556515606018,48,5
648203538824828093,86,6
648204168859539163,48,5
648204798699274411,134,6
648205508375237249,39,5
648247800920824450,24,5
648364029474200786,108,6
648407812438144646,19,4
648411803541346705,69,6
648456417704267855,1,1
648544031267988745,23,5
648619861488644295,93,6
649062115484201490,28,5
649071376676481776,10,4
649075286588855278,1,1
649088525364593412,35,5
649192090167210277,3,2
649255730072120850,56,6
649273968587091911,1,1
649300018923991256,7,3
649608153985468453,13,4
649791387659888428,41,5
649832759894648982,11,4
649840371379679847,1,1
649848486041255940,11,4
650014863928538227,64,6
650034872542979042,16,4
650335537058007559,7,3
650363961353978884,20,4
650401555581375505,9,3
650417088263813115,18,4
650485317950338749,83,6
650490720088739079,44,5
650495228586163291,1,1
650556906399935827,4,2
650562532620942295,8,3
650598724138291599,1,1
650699147821019860,78,6
650847568874242467,2,1
650858132559238889,5,3
651162605739365570,57,6
651541609003664924,7,3
651789615311555508,22,5
651887634182837618,66,6
652138404328355855,1,1
652191670813571896,13,4
652215552964404965,25,5
652509538184774427,9,3
652635990022621207,1,1
652674316083476494,34,5
652679770085389043,1,1
652683571863304784,2,1
652728352237566158,2,1
652737296430381131,3,2
652760994905637357,1,1
652794112413781356,29,5
652796271983337412,2,1
652802701940766642,38,5
652806219220969514,54,6
652862397564388654,6,3
652896691809127532,5,3
652897131717206675,124,6
652946645487083004,3,2
653255044423405891,1,1
653352413017676050,106,6
653403268332919071,2,1
653512334727243367,88,6
653568891747936835,19,4
653599154299887199,3,2
653600312932011112,65,6
653619841192835404,23,5
653626427672613844,30,5
654050222098154705,12,4
654062015984111734,61,6
654112446205296212,1,1
654123766253001538,12,4
654135332773920792,93,6
654308737356618249,5,3
654314087672949104,1,1
654317298814228275,6,3
654444489695225624,43,5
654742458316296400,16,4
654745890601552488,43,5
654747698125398536,35,5
654792433226064763,1,1
654811203904664887,17,4
654819592013948659,1,1
654822245795204664,4,2
654823985942100665,3,2
654845776955005991,10,4
654875330281644766,1,1
654891174491019863,101,6
654994668665267022,1,1
655056907775131665,48,5
655084382853841138,68,6
655213569900392230,16,4
655699071818060100,12,4
655751219226663124,4,2
656182382536527869,38,5
656194796001531255,5,3
656205191860904812,5,3
656239732128213284,19,4
656261034943347338,9,3
656270710555121041,35,5
656297333582299630,33,5
656308588027037765,18,4
656319410125806727,77,6
656327859396740834,1,1
656527207127752869,2,1
656549587323520205,1,1
656582396948621284,79,6
656927287488702147,110,6
656934402636798291,110,6
656964880056490693,3,2
657027213880369158,7,3
657048798078817456,42,5
657150168703940151,2,1
657235769627251020,15,4
657496534554758787,48,5
657517303881816797,65,6
657705915319296521,22,5
657797081512526957,26,5
658006982734350541,4,2
658010466871957603,2,1
658014305280944225,1,1
658040139199229031,3,2
658267053090074715,22,5
658430050741496019,193,6
658458671104156750,35,5
658491772521670770,63,6
658499187491898127,12,4
658546394781354595,6,3
658549604488175776,23,5
658559918847111673,1,1
658584826397901485,65,6
658669481964667088,40,5
658675132380111509,32,5
658683119493056984,125,6
658694395634670130,37,5
658704731849875008,34,5
658706328955081683,59,6
658714457009745567,2,1
658754916126343328,15,4
658905436762494887,4,2
659055205653823132,30,5
659066467818393404,21,4
659124315205231057,55,6
659188497768431778,5,3
659214567932461924,3,2
659215027305965782,4,2
659226223929040597,129,6
659231595574097184,77,6
659234385926440884,59,6
659240832543629823,131,6
659242750434228667,15,4
659248951483667636,97,6
659363165114624009,2,1
659434445611128300,39,5
659473439281375487,1,1
659757345531643900,4,2
659766958237226263,12,4
659769658828928069,23,5
659803659500447551,58,6
659842760065883287,4,2
659878199869080163,45,5
659940473142585133,3,2
659940538199765306,11,4
659944363344543903,93,6
660001613984628073,47,5
660018269198860725,6,3
660035296837748130,25,5
660113304447784067,7,3
660164874910042730,22,5
660259716976646965,103,6
660512281348298868,5,3
660592747660375759,46,5
660660504151993500,12,4
660666437601658601,54,6
660784876768703089,17,4
660800273522716522,30,5
660810257637263452,21,4
660841849049222164,43,5
660844884231307900,4,2
660847519594191073,59,6
660850921705568690,14,4
660927811256484799,2,1
660954088179504099,10,4
660978942091543807,1,1
661129363899471590,2,1
661130951010779126,4,2
661152342398588422,23,5
661153535782451783,47,5
661257862041105674,22,5
661359525475197087,75,6
661469737500977483,10,4
661501072579704188,24,5
661547844878671944,4,2
661561003105558088,2,1
661568310806814869,21,4
661910098883752102,4,2
662051680788551514,6,3
662069147779424488,1,1
662123974853171241,1,1
662188390486484055,3,2
662205801822166851,1,1
662213696959753323,8,3
662240811981102076,82,6
662324386675194359,92,6
662331098057687157,3,2
662342537299780185,2,1
662378166475431865,1,1
662412971688361413,1,1
662425937968864689,5,3
662629397064639555,6,3
662799307431739872,145,6
662800636530907739,1,1
662832183964060890,16,4
662846952084753505,10,4
662847320728263269,8,3
662866162387155679,2,1
662898576251575085,34,5
662964286930117631,2,1
662991589100902870,22,5
663044657759864451,54,6
663058594081224178,45,5
663063195001807726,81,6
663085453821978633,2,1
663100452186608874,1,1
663159913227750911,12,4
663164919946856232,3,2
663421396934573420,19,4
663431718521465613,2,1
663436542838776071,11,4
663436957656300081,1,1
663444349658637584,26,5
663466745827064710,2,1
663486133146086208,4,2
663489736019439368,16,4
663491933603982495,2,1
663492051046414346,9,3
663496648841182254,1,1
663516541709988599,8,3
663547031563131797,5,3
663558090608186125,4,2
663572935891444902,8,3
663619609518430438,43,5
663663518445544388,7,3
663691449988537110,58,6
663740359184081808,1,1
663740839889379877,12,4
664074668862322104,2,1
664143473454775940,3,2
664158380071133820,18,4
664164144901229249,37,5
664169402591444395,13,4
664171165880337987,67,6
664178065280234392,54,6
664192613516148636,124,6
664200200763766111,74,6
664208742434173030,25,5
664212217389085321,18,4
664293499032793756,5,3
664380674490266190,12,4
664443105255747915,46,5
664552070215359648,70,6
664564861265230950,65,6
664794272895857111,45,5
664880959321335232,7,3
664899245718051743,21,4
664909270640387005,13,4
665035235164024722,104,6
665119975616985002,2,1
665229747047413416,67,6
665237571655687424,31,5
665556723861247055,62,6
665572193103128900,6,3
665589388267617342,2,1
665630310191624750,2,1
665640107171404250,198,6
665655471376002044,120,6
665719717586330994,1,1
665803160385734751,11,4
665814995379884814,22,5
665842447001987109,30,5
665898235438663266,11,4
665918606869674308,29,5
666031029335454279,48,5
666037584290139907,116,6
666335224812309411,6,3
666454329237222209,2,1
666522625656037737,3,2
666525213063530646,23,5
666592401626354088,58,6
666685406915017670,1,1
666695591032063407,85,6
666714381442025684,6,3
666738284762591915,11,4
666967081136387396,2,1
667080967098568991,4,2
667085615950065656,4,2
667135373139022981,40,5
667153442354220279,54,6
667163391627541992,132,6
667180385949712608,1,1
667229603993292019,2,1
667243781241552124,10,4
667392544011348024,43,5
667470439110680789,2,1
667616275770815664,2,1
667789353978690418,14,4
667860674395932702,4,2
667868504362913428,1,1
667920274129840965,2,1
667924050359879345,18,4
667928788212894884,20,4
667929537878402462,24,5
667937196052793553,32,5
667942446470609366,26,5
668005997287738199,54,6
668041478639464873,20,4
668091451183672412,136,6
668199836103600030,8,3
668495597189518383,3,2
668518194032994025,66,6
668547351574180845,61,6
668567603553432983,71,6
668577752415869715,58,6
668592583224314277,108,6
668610926472175077,88,6
668623578028845413,2,1
668630718881224509,83,6
668654101671154511,74,6
668667664004669672,76,6
668689293257798314,62,6
668742061533063398,1,1
668744652930547092,12,4
668805253412079610,2,1
668909980312916488,14,4
669006167811931701,19,4
669297178278757809,43,5
669327679241937751,31,5
669468570491722692,90,6
669509992328444863,1,1
669541508832416467,1,1
669670575875243243,14,4
669896072186072626,21,4
669962884893216830,10,4
670149989362787088,56,6
670182140520917217,66,6
670184055626307986,15,4
670234297000789814,7,3
670239944781829865,57,6
670271069321683232,136,6
670292457993427084,85,6
670357677212819015,100,6
670393838258990456,182,6
670548525502918406,1,1
670548597451222526,2,1
670559249981140192,2,1
670648159289394615,98,6
670871297515503307,7,3
670881940030779986,1,1
670923739963178356,3,2
670931713111663162,23,5
670970813827339873,1,1
670999045703060354,8,3
671019357625185772,2,1
671038331165974710,8,3
671363479603700633,19,4
671396433168699048,5,3
671402284911429288,1,1
671495949353485672,12,4
671529052892363821,5,3
671534575495039011,1,1
671576790987445218,38,5
671651140569954278,8,3
671658632659942037,9,3
671712925102955148,5,3
671749849439872417,23,5
672011319218527285,2,1
672160188712705872,5,3
672163982247135743,1,1
672213974029927165,2,1
672219953585322009,52,6
672260857774628153,1,1
672347269009503722,17,4
672428148403572952,219,6
672431405899238114,33,5
672437730374737230,1,1
672439435454008554,1,1
672484283783434260,6,3
672776867952797333,34,5
672918629165770652,11,4
672938360802037658,1,1
673014244188545402,8,3
673193982277770053,6,3
673215755449344237,2,1
673233929530595166,113,6
673540094174516378,84,6
673584424153290805,23,5
673591757159515088,3,2
673621701639297116,68,6
673630381733130605,9,3
673641534666285546,8,3
673673885972082250,62,6
673682853569195155,11,4
673813783755212625,2,1
673838033442289731,3,2
674269952746039274,33,5
674283740996612315,4,2
674301027392402093,3,2
674319954854539792,16,4
674329799743088632,21,4
674374528728324312,24,5
674409281145516741,3,2
674422455349887957,4,2
674481329770526344,10,4
674514541126654400,8,3
675049602706330702,40,5
675117340823551873,47,5
675122928963736908,38,5
675227993309362996,3,2
675285686536679720,52,6
675298092485040797,51,5
675341709764114297,58,6
675341992911076551,42,5
675533517278950326,10,4
675810518959887546,5,3
675848122869719426,5,3
675919196010312467,2,1
675928905755647849,36,5
676001459036569445,98,6
676047303402154431,136,6
676127340870307668,2,1
676321652470965473,6,3
676594786699290261,2,1
676600947658752245,6,3
676706961473553778,94,6
676726717219017663,39,5
676746803862815716,133,6
676810882121626520,3,2
676822503636674580,1,1
676893247394842131,2,1
676933635550939187,32,5
677202089185080988,1,1
677247427262343175,1,1
677278771846264754,60,6
677342124045043251,15,4
677351491722924592,3,2
677351598798898612,9,3
677382925928083946,23,5
677412019744323411,4,2
677440382137977209,89,6
677514450497469926,10,4
677583409709446829,43,5
677924071974127196,7,3
677938657354008016,39,5
677977058963221017,2,1
677985431124915658,11,4
678003591585367754,6,3
678020849616766171,107,6
678050678691022302,2,1
678077527920978346,4,2
678093911119653719,120,6
678115137268546069,8,3
678135337747214383,27,5
678189249405013108,7,3
678221012415774821,6,3
678618964161843892,4,2
678768177957412401,24,5
678777274037126707,26,5
678787623308182841,1,1
678843328402990272,13,4
678997135152822767,18,4
679065477098899949,125,6
679129228442248999,15,4
679156957660527734,1,1
679379997379687532,54,6
679387853785291306,1,1
679429613524986629,16,4
679473601504601686,41,5
679530592149875576,29,5
679713881522342016,7,3
679721923808556676,20,4
679724257114879978,5,3
679737464536581715,35,5
679758775841762302,6,3
679769043622169052,74,6
680138288006788692,188,6
680161305673070870,1,1
680406991930223746,2,1
680409728381149013,59,6
680479960924980591,143,6
680758315428390991,8,3
680793045970413082,47,5
680805659420125505,84,6
680854404191378095,2,1
680866893654560461,24,5
680890983020293717,11,4
680895615610980288,50,5
680942695711278233,32,5
681095199184311737,1,1
681099976307559134,7,3
681131595948786724,33,5
681179008566276978,10,4
681531751820928928,1,1
681535766494870468,10,4
681569222399270154,2,1
681618116259929645,41,5
681720831911648813,11,4
681727652985603293,189,6
681741194431091140,2,1
681759843446540277,78,6
681801671483667642,14,4
681835887457893849,1,1
681856621259094608,12,4
682299583862132668,1,1
682328417136282607,1,1
682378134426212072,17,4
682464334146520974,1,1
682530144907076259,3,2
682761689350289174,1,1
682945080033797245,188,6
682993057510934859,18,4
683029154265604041,172,6
683078436918249426,190,6
683079556831098014,13,4
683123843253552999,6,3
683186742371203878,13,4
683326432556705678,199,6
683328449041980030,7,3
683404045007191417,21,4
683789105868599979,30,5
683812036847578017,1,1
683815967667086264,4,2
683895593926076748,19,4
683971964805051613,48,5
683994615067312335,20,4
684056988545909079,3,2
684113667069582674,16,4
684140478465382015,56,6
684430807522956293,48,5
684473311807923195,1,1
684479223754080166,2,1
684499554807986640,30,5
684654739860408682,6,3
684744680515837274,21,4
684815399914403253,15,4
685087261185764153,6,3
685097996792990243,6,3
685136880506043775,5,3
685145873778796167,9,3
685231649089182873,23,5
685242894117210444,86,6
685286773444109982,34,5
685394940282496123,25,5
685430110778522116,213,6
685556917033318511,67,6
685564534058483649,49,5
685761948850107403,46,5
685891484269644692,4,2
685947862985548905,75,6
685999633955343231,24,5
686014460406395536,7,3
686033330073381247,2,1
686069003335787013,19,4
686146460025905682,78,6
686188878742889888,4,2
686250337059409193,10,4
686591387255244527,128,6
686601386656516350,5,3
686622313616571723,4,2
686624965528625263,20,4
686660640912464902,2,1
686669542087371980,15,4
686676047149534446,13,4
686683125873398411,1,1
686685578166150991,5,3
686698237692598722,57,6
686838732883350242,1,1
686840340495526524,63,6
686874991396812108,25,5
687283662462656056,33,5
687405945098077556,2,1
687445983502230518,43,5
687449842567909634,5,3
687492387943874053,2,1
687496771462467615,4,2
687500577348349850,62,6
687631662038412069,3,2
687716334956254814,8,3
687718409689819910,8,3
688013358973866751,41,5
688042729518225367,9,3
688116996260609336,2,1
688122364748558062,43,5
688132085620533593,6,3
688132356434177703,54,6
688143641884887314,5,3
688144161559523014,1,1
688200634496432067,93,6
688200654979931691,63,6
688294994931878710,21,4
688320409867615453,34,5
688337246359523092,10,4
688366213170857628,6,3
688471446378563342,15,4
688734661040691248,17,4
688752971277470419,4,2
688755389698323541,2,1
688794294471171685,2,1
688800704676306597,11,4
688839842613335092,7,3
688878732082416501,5,3
688906340947027291,8,3
688943513150779026,7,3
688974802855750409,3,2
689016119577492210,1,1
689043905335651838,4,2
689044585193746518,170,6
689115233399254766,1,1
689153943120786882,1,1
689689165168625114,5,3
689742084770450280,9,3
689755886379999359,18,4
689785484642512338,24,5
689794637975945203,58,6
689794760656844511,9,3
689829717499898941,5,3
689909388000237798,29,5
690245457577633606,21,4
690272400052625549,95,6
690323007065821923,11,4
690430179174920308,4,2
690432162342909316,80,6
690448860600630451,1,1
690450304867413374,4,2
690454691110508376,26,5
690471514649086485,60,6
690475949970871473,22,5
690538015702368014,1,1
690568295118496166,9,3
690581027317862610,53,6
690584533001661286,8,3
690615550558835996,2,1
690825737343229959,2,1
690923004086076404,36,5
691000739554200632,24,5
691006378124564373,46,5
691058931586123517,62,6
691118851815498526,3,2
691132647723016282,21,4
691189528236864536,10,4
691238352097285198,103,6
691473124576253157,6,3
691758885579291939,8,3
691795721521914908,5,3
692055005737679497,23,5
692402507747861549,10,4
692563088323824914,24,5
692640101863808093,5,3
692799376938937329,19,4
692980999090361439,4,2
693142626981519820,8,3
693175095655236712,3,2
693221189720486681,21,4
693255159574484076,152,6
693288148411099896,92,6
693320230304766071,13,4
693354925111504689,1,1
693419328213543240,20,4
693424622128609255,134,6
693445652508090576,2,1
693476682609201179,2,1
693548669496054143,1,1
693830605582425142,3,2
693852072596645739,160,6
693878861690963105,33,5
693975453418442286,2,1
693999540352492911,1,1
694027806203306095,49,5
694029228439496556,109,6
694094521113407330,77,6
694151357418479905,73,6
694229052933284211,1,1
694837245895626347,2,1
694967136381641352,16,4
695003297043743287,2,1
695349712648439177,44,5
695366152238310945,4,2
695402281379902611,5,3
695466770589551124,11,4
695471782268723894,16,4
695481982667798458,4,2
695514165939879231,10,4
695553372827795677,41,5
696049830676816191,5,3
696187477460571458,7,3
696259466457343719,25,5
696335968663464290,19,4
696692543356729890,2,1
696713191235261621,6,3
696778913277667211,143,6
696787618051826415,2,1
696808011044912548,146,6
696808632883267532,92,6
696847646063036263,9,3
696871261016282577,1,1
696871337180031283,6,3
696912073250054413,66,6
696958739221901132,31,5
696982504013093970,12,4
697228380404139556,11,4
697459755264347555,41,5
697501604696205281,53,6
697508489786482217,2,1
697538862515513754,27,5
697607498751725492,3,2
697608791040451148,33,5
697620463385501513,165,6
697675358864624887,118,6
697683972372084814,4,2
697684820259416431,2,1
697716697698717980,25,5
697764546816409241,95,6
697801855173936843,63,6
697821258441592153,2,1
697826549384997745,74,6
697963689308444573,4,2
697983254797890821,8,3
698148321661950752,1,1
698149533910428761,2,1
698219350272003932,43,5
698409212432165540,1,1
698426643719720816,29,5
698426692001386461,62,6
698457352632254894,1,1
698661162362935771,72,6
698928071206766276,7,3
698960533703150644,20,4
699073305910882638,2,1
699107374368728290,93,6
699112118206072491,1,1
699129250455280053,138,6
699165503891790982,46,5
699166791301443968,71,6
699646058446254581,1,1
699729968303949839,39,5
699849093251271601,2,1
700060415418131987,1,1
700424003314765962,21,4
700548316995084441,5,3
700574366315865601,7,3
700632162088281307,2,1
701079223240906304,26,5
701094886553198910,55,6
701198035678144593,26,5
701253264306671795,1,1
701255322711038011,27,5
701278493664534903,4,2
701367037669809031,16,4
701400867606917317,14,4
701408909477928422,78,6
701443973712613134,40,5
701463565134232923,1,1
701574129297492581,26,5
701869822905459123,52,6
701942288808186057,3,2
701973871926318521,62,6
702036750395773437,12,4
702050807219226853,23,5
702144235349788439,38,5
702294264033225973,37,5
702311671942775909,44,5
702546678277107167,1,1
702555743612134066,16,4
702576824915256040,97,6
702626510955250820,80,6
702629169704361098,54,6
702631443605178134,18,4
702641101751232852,5,3
702681935193757579,38,5
702684618287794817,11,4
702741495120410112,37,5
702911671675628758,50,5
702930619762715864,52,6
703260867144242424,22,5
703349751985761868,4,2
703367917856148965,9,3
703516389889787291,60,6
703520412704555744,3,2
703556078312384986,10,4
703572141808142660,7,3
703609430058534250,44,5
703705046589772586,22,5
703979194685971827,36,5
704010902432323304,69,6
704032501328541123,5,3
704054396324472513,26,5
704115661975431070,6,3
704150030933498219,147,6
704153657910009115,32,5
704161959128367496,13,4
704242435529933382,1,1
704827508418670454,1,1
704859318672619196,7,3
705002048675563596,1,1
705014067960534907,1,1
705091094272387795,2,1
705420617622118399,1,1
705504011218829560,49,5
705510866370335274,19,4
705605552960651281,10,4
705622915874805390,6,3
705682342200996304,102,6
705771475435645523,71,6
705798422163277021,43,5
705850382361042473,62,6
706095603628943885,2,1
706333290387911864,59,6
706424776859374919,1,1
706430568814811192,2,1
706457072772271378,3,2
706469542210486714,2,1
706524437688743050,12,4
706535695788813318,24,5
706706979975054950,10,4
706825576275128387,5,3
706934734381017115,73,6
706944290650878748,6,3
707031042663699674,83,6
707052800793766614,31,5
707076063276031025,3,2
707091896992597670,12,4
707586631373343028,54,6
707654179880425317,9,3
707677170819838151,53,6
707788457437399394,23,5
707883464658153487,7,3
707994434799731897,36,5
708342061204342472,122,6
708440145146664877,4,2
708470809070291199,64,6
708483444949171167,80,6
708517735733781881,104,6
708538303270202534,49,5
708621635518177938,10,4
708633191718937600,3,2
708644653805363704,1,1
708664027128621609,19,4
708738415998513983,52,6
708802429767531884,1,1
708850442515763164,3,2
708851138365531741,60,6
709041084561929842,35,5
709059884428440921,2,1
709091697424933430,4,2
709144316120274545,36,5
709153980024381797,1,1
709193396499538285,4,2
709392554189616471,46,5
709412856816207568,22,5
709414750202588096,31,5
709450888465744817,1,1
709898212853259261,63,6
709924328719399157,25,5
709963119241584599,13,4
709981667496175862,3,2
710010353979034981,2,1
710078418867496021,2,1
710135540290295733,3,2
710216077362897409,159,6
710544418246783161,47,5
710561946014019429,9,3
710619651204433669,1,1
710707638254843383,94,6
710718266383946202,5,3
710869559046737377,1,1
711236244618337213,2,1
711266977246586376,14,4
711318082223107843,4,2
711354851725387296,60,6
711437455663277483,100,6
711527442752326761,17,4
711537945488067256,4,2
711540422175304128,36,5
711552757727096556,6,3
711610645427249295,52,6
711618220531041845,131,6
711634901502196799,40,5
711719702102637331,17,4
711990420378874892,4,2
712014007846492045,20,4
712033491546313611,1,1
712056592103175877,6,3
712188942414311592,34,5
712191930040482015,3,2
712221154282455080,23,5
712235047510349908,1,1
712263735034450936,5,3
712274753052341302,4,2
712334961626997886,53,6
712807743210396170,10,4
712858155899224477,3,2
712969059251540829,20,4
713099635002335650,13,4
713397736119262041,27,5
713455434391007346,32,5
713479079649865873,90,6
713496596186168784,6,3
713501696386254839,2,1
713526757239518466,3,2
713723398946777695,28,5
713823102431593672,1,1
713844846285988657,60,6
714200518445991665,7,3
714208311949697558,42,5
714237841499450213,4,2
714256663899931954,16,4
714364999458642718,1,1
714395548129467119,12,4
714425086342696835,3,2
714438659645965451,5,3
714468431515307423,2,1
714526282002909945,5,3
714580901727443312,2,1
714719250740554372,11,4
714779824556211809,65,6
714800234507921269,64,6
714848378693595794,5,3
714984725490619787,15,4
714997333188865599,40,5
715000495957848740,21,4
715000535478616630,13,4
715063404637840981,15,4
715130797794668236,64,6
715135019097743739,4,2
715167455000690880,8,3
715183560509091288,3,2
715231293322683145,39,5
715266664255855945,18,4
715584407212086124,25,5
715680882921842175,17,4
715726941799643964,24,5
715746803500671949,15,4
715796831662512838,2,1
715810642164929425,45,5
715835531125129343,4,2
715923188408464795,1,1
715948003276412382,98,6
715950872433809582,82,6
715953340147925100,109,6
715955680074157493,94,6
715955723587595852,97,6
715964474873052331,91,6
715967755862713267,97,6
715969038680630231,116,6
716316706245512343,6,3
716367602910706188,5,3
716400863639799023,19,4
716402033622001210,1,1
716415882993390005,14,4
716510713156026462,13,4
716581217986950662,26,5
716588810904643528,21,4
716613853914125753,73,6
716618704871320398,23,5
716666593920648203,32,5
716716074350620558,65,6
717060134641086751,40,5
717076239054174225,70,6
717195935604903101,1,1
717203373781706118,6,3
717320325467589058,13,4
717337415715296818,16,4
717934127969369482,15,4
717959330441863421,8,3
717973459132425826,4,2
718057401779022822,29,5
718208709865949085,7,3
718794938535744732,1,1
718811530414655636,1,1
718813546174310174,117,6
718835799205619182,80,6
719259481323491385,34,5
719298901829641691,37,5
719354000579815019,1,1
719366944006745664,6,3
719368396946337439,11,4
719379943538658595,1,1
719490931816097629,56,6
719512699413973248,1,1
719521829607146125,37,5
719658012878336315,1,1
719965044137598523,61,6
719973470231299285,3,2
719974395001470883,47,5
719982080067604453,19,4
720015623172467364,57,6
720019362217867312,14,4
720035117322227258,13,4
720055981353841473,35,5
720201145047139024,1,1
720212416094138166,14,4
720266249474287042,4,2
720271469118404469,62,6
720282040630230098,1,1
720291396771037477,52,6
720360545228408366,4,2
720410773309976176,79,6
720661839673660019,19,4
720675584442399416,3,2
720675858035328760,4,2
720698337513546744,17,4
720737717599005453,15,4
720770727027161761,3,2
720811418703577693,26,5
720867916237978201,120,6
720884148261774805,6,3
720946837875262979,24,5
720956626458841429,5,3
720965766429321045,62,6
720992063696865440,4,2
721045639453147443,7,3
721349442999608533,4,2
721359374408416326,47,5
721492263169245889,71,6
721496029494854339,140,6
721535016558973793,4,2
721612009360977849,81,6
721679330094419961,11,4
721682702144724609,11,4
722244077654342212,31,5
722290764733052328,6,3
722320735356389414,21,4
722353370098175467,1,1
722444484202983282,2,1
722867908626661573,12,4
722885744507534979,1,1
722926128805704444,2,1
722986611758383320,40,5
723004704199828198,25,5
723014246681948878,7,3
723034458099140405,1,1
723084729610438621,44,5
723087946233026945,39,5
723090210005530352,44,5
723091570692055575,99,6
723094210802997101,31,5
723098050397869897,32,5
723105536367187882,23,5
723112238670413511,10,4
723127176490242448,1,1
723169778737488443,16,4
723206330673215674,18,4
723243947178200763,1,1
723347726857979697,88,6
723702754835485950,7,3
723712753416628276,1,1
723817894992285437,2,1
723833112526719691,11,4
723850154639063868,1,1
724008326764913006,19,4
724293484150870136,117,6
724334680068575075,134,6
724461929119124405,21,4
724543469346221289,2,1
724556743268020723,5,3
724578519100310202,6,3
724647833953793548,10,4
724682297690116012,34,5
725011851618987092,1,1
725085842060782690,18,4
725091217506711068,2,1
725133913283512073,96,6
725148862844789089,18,4
725295954594270885,11,4
725326772560846880,179,6
725360692982809750,45,5
725406180361367580,2,1
725740132804474976,16,4
725747027149476783,1,1
725848841297604599,6,3
725905020572773915,11,4
725931197481589861,7,3
725937703069213198,57,6
726058217685145576,51,5
726091936652120666,20,4
726121208496853389,2,1
726150167604473454,107,6
726511494760651454,4,2
726519415298682509,15,4
726538797213381043,77,6
726567171402626965,14,4
726678441737395981,7,3
726689215366477258,38,5
726713830489282719,25,5
726714151012906348,21,4
726714780600320518,52,6
726751070494465190,52,6
726854148956034383,24,5
726919950903313359,37,5
727120936583624742,23,5
727177270593745043,66,6
727222035249766315,15,4
727294178516051582,99,6
727437302278996586,1,1
727464037036964397,8,3
727469915029970424,1,1
727863146818206921,24,5
727919392354784044,3,2
728103274356781444,84,6
728111708518697489,2,1
728114010219265141,36,5
728638486065276902,37,5
728819913873980940,2,1
728824202443427378,1,1
728869743525170741,2,1
728872763428233660,22,5
729287029796325887,19,4
729356089092406658,2,1
729378027184126733,2,1
729381555753327705,1,1
729387093352348331,2,1
729401802365537498,1,1
729425317433035300,10,4
729440736470568163,17,4
729445301805494363,6,3
729448307619614150,4,2
729452293607665421,14,4
729460601007219520,3,2
729464277338034343,8,3
729469762556671321,24,5
729471474885151256,1,1
729567881466976888,4,2
729576816046533160,57,6
729579472010700730,23,5
729643771554978367,113,6
729644833137278086,1,1
729651125669485108,130,6
729663460855156845,20,4
729724527676400123,1,1
729753369143863712,52,6
730151166251957099,1,1
730246380323616131,8,3
730263439674134914,8,3
730303595845664027,29,5
730306782226305555,3,2
730308922196500652,4,2
730344642758059827,121,6
730364125031597491,3,2
730365486339742668,2,1
730384050995432802,21,4
730387189594532969,1,1
730428092645910337,1,1
730430164910375874,25,5
730774837026545215,2,1
731077592319324883,15,4
731112871066054041,11,4
731159496266420915,1,1
731168028873058142,74,6
731174315269013922,7,3
731176436994037485,21,4
731220966608823941,10,4
731235850367220031,10,4
731253956612015385,7,3
731451339324566816,2,1
731502401995935122,1,1
731575875089672305,51,5
731599779510466798,7,3
731603105303756865,6,3
731617147320095333,5,3
731623146108160668,3,2
731623211811308718,1,1
731624452625434429,54,6
731635362942700523,9,3
731636471923526419,53,6
731645615256501408,5,3
731708679345397225,52,6
731758433189915880,80,6
731784972226442467,155,6
731845603407103294,1,1
731865303605506414,69,6
731872584750900314,53,6
731948865598236332,1,1
732210368498254099,3,2
732233183327271226,2,1
732256162325730961,12,4
732313157981630875,1,1
732414868666048167,41,5
732441390804517156,189,6
732447527764081585,1,1
732480734365900790,3,2
732560332795956206,47,5
732583222281613381,1,1
732720635319455527,47,5
732950845197760746,66,6
733034233826228241,7,3
733159075246548058,1,1
733320644856528390,4,2
733361398293897874,98,6
733422504107341021,1,1
733744967505550272,1,1
733746156249086845,86,6
733804228491746958,1,1
733822197844942667,3,2
733974113272340126,14,4
734060953662454688,2,1
734063632712232255,44,5
734069761479760915,7,3
734467043940247190,9,3
734485727892634145,131,6
734531549232666042,19,4
734588092866349399,4,2
734588342436112689,2,1
734635579082822683,55,6
734639971063043928,42,5
734683078297595004,36,5
734813882852178643,4,2
734896489759449973,125,6
735104760374783789,1,1
735178265344000865,61,6
735197949508938279,4,2
735218774776185594,25,5
735343444962975543,1,1
735434696339096938,3,2
735444182939522712,1,1
735444571000239423,5,3
735459171639012725,46,5
735464926001078214,60,6
735482597171590698,2,1
735502406465193054,13,4
735622750459741140,1,1
735918634585668444,93,6
735942067480875367,9,3
735948514887433201,1,1
735963402118553453,1,1
735979986289778431,2,1
735993300614388009,5,3
736005681533186016,21,4
736022687155039156,50,5
736024609242510032,1,1
736093001492445986,4,2
736154327157083536,2,1
736166949073321969,1,1
736186027647567459,4,2
736187478355055649,6,3
736188730220346237,8,3
736202790791156948,18,4
736253829734071323,1,1
736326211374719354,10,4
736704599850746942,8,3
736706445567468831,1,1
736713832896701889,1,1
736759596552277519,32,5
736839705665584939,31,5
736840176908825766,1,1
736880666670205138,5,3
736900840800772589,1,1
736955194424668867,98,6
737389901867912703,7,3
737414502719680524,2,1
737562676520037397,1,1
737754881966479895,28,5
738112655793768442,1,1
738170374797582018,3,2
738188939828318331,1,1
738193746239998129,7,3
738219918657568097,39,5
738237033290901850,68,6
738299287627001903,1,1
738746549026900477,1,1
738901697193685062,9,3
738901905089433015,2,1
739106009205216336,89,6
739296616662171710,78,6
739532212124619766,2,1
739533306258873701,1,1
739619452252146986,3,2
739640217014753090,1,1
739681271305503647,6,3
739758344012004511,15,4
739835899556175423,1,1
739947713086728759,13,4
739955881715192041,33,5
740208871365961553,1,1
740210328978958125,1,1
740256751963248161,12,4
740268994084767081,15,4
740332801313182302,43,5
740391402209507611,2,1
740430133388952761,3,2
740480327974685518,21,4
740495104986210418,1,1
740524241515508943,13,4
740544753537835353,6,3
740553828104683034,2,1
740642717489847870,1,1
740785587432016308,5,3
741012703130088567,8,3
741047808214787566,33,5
741065695758958014,9,3
741083793132544425,5,3
741098103510357671,5,3
741269239955533881,59,6
741323070870740959,9,3
741371359433456136,38,5
741396798621156247,90,6
741406411930307266,1,1
741412432665652642,6,3
741416189805691784,1,1
741422133523462685,3,2
741463542774259347,1,1
741812976721018230,15,4
741827561340132372,1,1
741830045511115215,2,1
741874276843894999,47,5
741959577831568775,18,4
742009664339277197,25,5
742049390277018448,3,2
742145540616744793,1,1
742148226829620302,64,6
742405191257686929,75,6
742413886241231466,16,4
742421298449262573,4,2
742436390986332511,8,3
742488815885625897,72,6
742498353608298801,1,1
742512969686481260,12,4
742567704308823887,1,1
742581142023575837,8,3
742616604660666548,2,1
742617299366546250,60,6
742670599936316820,1,1
742676629783436119,74,6
742791165061571605,2,1
742836187198607852,15,4
743067910594638275,2,1
743111506019389858,11,4
743128454696444174,100,6
743251281075523022,1,1
743305886583267229,78,6
743314311716103926,16,4
743346619950283466,2,1
743363924409743818,20,4
743376309112601114,26,5
743520486454160375,39,5
743570218391800742,1,1
743716748272694260,3,2
743870160342805031,6,3
743899267438647186,1,1
743922084869703146,2,1
743981179140613255,24,5
743999034944887170,3,2
744077811043702172,16,4
744095458850267291,30,5
744098588400561620,3,2
744102397105221950,11,4
744117986775481941,2,1
744129028016301141,11,4
744149295178730150,12,4
744162814901419599,16,4
744212765449193159,32,5
744241048903000039,104,6
744250951455842889,44,5
744273940662337369,1,1
744325984817814878,6,3
744540213271598134,76,6
744592988335688005,3,2
744593300993686835,8,3
744627407704550626,92,6
744631247032327995,3,2
744635162448993974,1,1
744637262560479133,1,1
744682448778703685,1,1
744771666152140365,1,1
744819154125329995,13,4
744880603154769282,2,1
744893866059883515,29,5
744982263612143710,2,1
745313769842573874,12,4
745399049432900039,9,3
745407633633610034,3,2
745421236786286561,2,1
745435801823742946,7,3
745474972967154593,34,5
745488092894355759,1,1
745532716324347212,15,4
746106841738900129,5,3
746110146789477898,3,2
746139435155456112,10,4
746143878012427462,2,1
746200099346199065,12,4
746231382893125418,48,5
746266493517680627,2,1
746356810404011768,15,4
746396822949348018,1,1
746398193695976715,1,1
746407632437409020,1,1
746428138912447799,205,6
746481053639541573,28,5
746512862121216537,2,1
746762063989985187,58,6
746787603153291749,1,1
746831343991674474,50,5
746857407816702589,2,1
746882013400531942,2,1
746893833392675319,8,3
747023838931173077,16,4
747053835694718357,23,5
747058260152798167,19,4
747067613598962791,34,5
747164788765597586,39,5
747218746661917740,31,5
747269924329016272,1,1
747470704164953424,8,3
747496084933757162,25,5
747497568112792669,77,6
747502272038171707,17,4
747548459174583733,45,5
747550299132120574,59,6
747552839702032217,2,1
747590534932708793,19,4
747596324972843491,18,4
747636377076262748,20,4
747656036209342588,1,1
747679715689817850,3,2
747680492305546632,31,5
747688246019387300,4,2
747753682907835509,4,2
747859097982955919,48,5
748035145095873906,3,2
748198961640568149,68,6
748218372711168717,2,1
748316541643181485,6,3
748324323817054562,21,4
748348686968763675,1,1
748350182819005946,1,1
748353292237264035,4,2
748409129672237585,5,3
748547142637282479,59,6
748563477410031924,83,6
748592710936738493,1,1
748647276610837020,17,4
748664643222618415,128,6
748887025179454504,66,6
748899843958636063,56,6
748997145464639318,70,6
749038051540616299,1,1
749063495698741070,4,2
749090859706152070,9,3
749100236142665413,1,1
749121698563358535,5,3
749135217059606197,1,1
749151599749625965,2,1
749162795050742155,1,1
749164648531612775,12,4
749292756648399571,22,5
749303923969244779,12,4
749319908467024536,95,6
749624921381485293,9,3
749635382554241693,2,1
749647739725696219,3,2
749683111968521871,33,5
749688208958412155,13,4
749695619870714655,7,3
749710713129287728,69,6
749716459755701722,61,6
749735445453143216,83,6
749744859665469294,8,3
749762931883191339,6,3
749775376389574516,61,6
749780123236676153,6,3
749782972818311656,90,6
749790899641356127,4,2
749850652480994643,4,2
749864073166217728,1,1
749939850823839850,85,6
749978519785175921,48,5
749983620501570033,100,6
749993907101749015,27,5
750002368668589538,1,1
750076789749903625,1,1
750378033131141901,3,2
750445601410404129,11,4
750450462220764726,14,4
750472196465100026,1,1
750514003794331866,7,3
750532694164892203,14,4
750542066922932307,1,1
750578372165832631,11,4
750583800428760726,110,6
750622015817088250,254,6
750686192233291335,4,2
750767133507211250,5,3
751064556252754471,30,5
751141513536093213,60,6
751148612546191395,16,4
751190794549149145,14,4
751208609069592980,16,4
751222590207091449,3,2
751227821345189767,1,1
751253307213906093,7,3
751262992812006938,12,4
751291080226450054,2,1
751292075815496863,1,1
751323834399161027,34,5
751335268833028743,2,1
751438466784554576,140,6
751457951140300879,1,1
751496376678618607,1,1
751516121858104975,2,1
751607207862896028,1,1
751816940642822593,1,1
751842052760832694,19,4
751862218354781811,16,4
751868457338787806,1,1
751946896471898170,243,6
751952939503352857,28,5
751987414581424426,12,4
751995522180696218,231,6
752022303638307757,28,5
752024536815801080,1,1
752038819278909666,236,6
752064900651659697,15,4
752083563210474713,92,6
752104458289061901,18,4
752116405841456083,7,3
752142206201570919,6,3
752163198797182515,22,5
752181378065615026,4,2
752188886587177915,71,6
752217556135373238,127,6
752259061050425076,3,2
752583970833580991,155,6
752678990231857294,28,5
752731917934048920,7,3
752845753545900464,15,4
752847050916596336,1,1
752888508487266409,3,2
753187588580603814,2,1
753222332907053216,140,6
753432788240543013,2,1
753468722068718060,17,4
753482820646117604,8,3
753506009579900939,6,3
753513406970292502,153,6
753515621427946412,264,6
753549074238315272,59,6
753560696977964601,235,6
753562225721171681,245,6
753573615620628452,65,6
753597500157116367,58,6
753690304800141219,4,2
753694717212021498,6,3
753699154885212997,2,1
753701633949896130,4,2
753711902152468618,1,1
753755465312353283,33,5
753793047573759186,13,4
753909531505871540,116,6
753981213412181822,2,1
754074855258171847,4,2
754104381231696324,13,4
754319886848759567,37,5
754329212775199931,122,6
754333728032079318,72,6
754375353688178547,16,4
754463185489258789,1,1
754685092988631939,2,1
754709549877434568,97,6
754741391309275896,48,5
754759511626663286,3,2
754764921407783561,2,1
754770349759668845,1,1
754788233434296014,2,1
754791349439563871,8,3
754851100278707630,5,3
754874717691177663,1,1
754890531534512329,7,3
754894280862516482,5,3
754930718180597858,31,5
754942296293490682,107,6
754942372336222203,63,6
755024841184283125,1,1
755031490926824659,2,1
755037860367561451,1,1
755048872481922475,2,1
755055248554333111,1,1
755084301124904697,2,1
755165553383381198,11,4
755180298884772434,3,2
755500036114576734,14,4
755505785346375374,48,5
755682121457369800,118,6
755791005054829463,3,2
755809589965507415,24,5
755897132305306268,11,4
756233669586349526,2,1
756269736975476891,14,4
756316961084210011,42,5
756403203493318033,1,1
756418056459250952,12,4
756422698969883896,49,5
756874677929411723,15,4
756896810598338320,100,6
756944468388353079,2,1
756945043148011739,2,1
757054431215631826,18,4
757136005341931986,1,1
757229705532006970,35,5
757242394624155991,1,1
757658451328380017,8,3
757748775578463173,84,6
757748805097695733,48,5
757753626476710135,4,2
757772488165800410,128,6
757804291852948620,13,4
757833787457576446,1,1
757834312649042363,1,1
757871290401142522,5,3
757908074071829026,4,2
757924803511958637,1,1
757954479280415687,4,2
757994225775068934,25,5
758001970851157226,6,3
758021828649837004,9,3
758165450984526051,3,2
758448862370148005,43,5
758544938426411343,1,1
758555415589713020,7,3
758789759501379776,26,5
758800700666600488,121,6
758835692079202462,30,5
758870838321108282,1,1
759218363171746238,5,3
759291504130651842,1,1
759345308398875562,2,1
759357063331780433,5,3
759376576906531852,5,3
759382090287202259,26,5
759388715023969140,12,4
759420647640083540,12,4
759445165630406350,4,2
759476175451285669,14,4
759831774730988894,6,3
759901288737130425,1,1
759905824830028703,76,6
759924347555753743,4,2
759967456886058751,81,6
760049161703142612,7,3
760050605014384731,105,6
760154708318746482,7,3
760211937478460229,2,1
760236014547833544,16,4
760255404540112120,2,1
760569935592788978,2,1
760578686746425036,4,2
760589025879794626,10,4
760589176920225910,2,1
760609432435826641,28,5
760642132133621241,2,1
760649330985421381,22,5
760921004825886981,42,5
760936445574441034,4,2
761199934080336393,1,1
761342748357419495,20,4
761382874541513654,69,6
761405560733614682,21,4
761408644618669603,69,6
761421648542617219,50,5
761442766763992315,1,1
761462079801020005,7,3
761465363920395359,25,5
761482948147504955,69,6
761498428092182411,5,3
761508229717627703,10,4
761542944246042100,8,3
762089118755466774,42,5
762120633254250993,20,4
762134999252629497,50,5
762151742105838278,11,4
762220826200075519,17,4
762346165913275658,1,1
762346290432085333,1,1
762372739753613905,73,6
762379366878984596,2,1
762385899997069516,18,4
762430295811946390,3,2
762453140248617705,4,2
762799859816977052,10,4
763059244727097267,78,6
763118936653441602,2,1
763432557263945972,2,1
763495574778655367,24,5
763518487038099491,1,1
763602138424456646,18,4
763655827043478934,24,5
763770625521487067,18,4
763793591100888358,2,1
763834327755403204,65,6
763862059805156013,1,1
764125803810622962,11,4
764275689435411288,39,5
764302280773193301,20,4
764307070557824832,2,1
764352000067322232,12,4
764418031917459687,15,4
764469843346122080,111,6
764491132328667029,2,1
764561965249426028,2,1
764635588378125214,6,3
764885130274108025,1,1
764907199302111164,72,6
765063412395469283,1,1
765090352307613261,20,4
765100929896835952,13,4
765172316318345150,15,4
765183723794048520,2,1
765207433640689651,14,4
765237783159976213,28,5
765253181816197177,12,4
765304892628364048,138,6
765322703457794044,3,2
765402373003461368,67,6
765535412041265152,3,2
765756810814582109,106,6
765848205410019462,2,1
765887667090609986,101,6
765915112468363896,77,6
766000452895352576,20,4
766008492559542965,10,4
766033533156299894,29,5
766047428382664424,2,1
766089641096303962,6,3
766380087550331571,18,4
766406613939692987,1,1
766484303969324952,3,2
766488799337558821,18,4
766687107849732308,5,3
766754004254726207,62,6
766784053469061016,1,1
767015306410501724,1,1
767060462899135332,13,4
767072095417293385,12,4
767088982078662812,14,4
767099983364975557,1,1
767140551234872892,25,5
767140562247957601,23,5
767146061025891486,1,1
767159289610649205,1,1
767220174003357001,3,2
767220487547821731,1,1
767239773949833941,2,1
767280356640187342,2,1
767387609031709957,7,3
767401587417400146,1,1
767409510560535726,14,4
767410221109793818,41,5
767413601375695481,1,1
767413608910141877,4,2
767428588005910145,3,2
767443714189478877,4,2
767464652687729171,29,5
767788623861791118,21,4
767839059308294323,59,6
767854996519512961,17,4
767868504942252056,12,4
767869119621014520,76,6
767869203949183743,35,5
767905575784345628,6,3
767908407746429146,1,1
767918554792795938,2,1
767945576253543533,28,5
768052032046482929,15,4
768108004214565035,32,5
768459317347562998,9,3
768461575519672282,1,1
768605758428354315,148,6
768605765960406021,143,6
768639382718297760,2,1
768642331843014693,8,3
768695257205703713,9,3
768822413273379920,25,5
768822764628238436,217,6
768872630612606344,4,2
768873830082883049,30,5
768978894312146920,2,1
769219454554667762,14,4
769284897864953257,92,6
769368002293701541,30,5
769391235033012998,1,1
769477285195223491,87,6
769480620683489970,55,6
769483688473860893,8,3
769841913548874795,4,2
769975939598758905,1,1
770015151205384705,23,5
770054289450029776,6,3
770107559515005587,1,1
770163634498887381,3,2
770163639662307025,46,5
770163643746075218,13,4
770163647643171448,17,4
770236564276329282,10,4
770674884824280357,18,4
770682249896084172,2,1
770684436730896170,162,6
770695382304745637,16,4
770698772478804822,15,4
770703540453280621,13,4
770722232816915763,19,4
770735182240699705,30,5
770790473736739523,13,4
770794672227273780,50,5
770822593653351920,1,1
770845376645320833,12,4
770911958848515451,36,5
771009462349098817,7,3
771014103128795394,35,5
771036536857757339,17,4
771053745924214829,4,2
771245053488164639,15,4
771379988865433144,34,5
771389599686878678,29,5
771390570824656114,50,5
771532814735409120,22,5
771542281353922523,37,5
771547480399996188,5,3
771599774232444864,8,3
771665107388371993,9,3
771693450352448664,85,6
771724148373898205,3,2
771724206311321215,1,1
771781079563789882,22,5
772117111531971543,9,3
772117169919307768,31,5
772128555550382101,67,6
772137488933768773,4,2
772144255125610423,5,3
772228548752710937,19,4
772239162809488449,1,1
772241341699632051,16,4
772414633336256628,13,4
772434939580311526,10,4
772466175647619743,10,4
772811936342971675,1,1
772892850154870420,30,5
772947879745260365,1,1
772949642949682611,2,1
772982636520028540,58,6
772985715240472514,71,6
772988239762680743,1,1
773019899828865904,5,3
773035394229000264,53,6
773108480567484776,25,5
773172664479080228,5,3
773211042049258919,17,4
773221113730572337,4,2
773257428274373991,4,2
773284876613093777,1,1
773551172313285378,1,1
773656542184642568,12,4
773666432941816892,181,6
773785658806693529,44,5
773842329635297379,45,5
773990540980623389,1,1
774408207128383682,1,1
774439338942135556,36,5
774506659030311059,6,3
774596978402736320,1,1
774608864896082298,3,2
774645786057556260,1,1
774669972421966472,114,6
774925900357280470,15,4
775091741763574302,24,5
775095020165785268,2,1
775142866620514237,1,1
775176968309206033,60,6
775351399909067372,3,2
775375414128463711,1,1
775718212939196125,247,6
775768892480325642,1,1
775847810599419446,6,3
775851727673667774,19,4
775881955249645278,1,1
775882010437259779,32,5
775992711213990887,1,1
776001911571091740,1,1
776065441033020706,2,1
776079927231098728,6,3
776090196298439173,2,1
776100973956235463,2,1
776136751827833381,45,5
776141784857950634,29,5
776464443607430182,74,6
776596707632397996,10,4
776613094783043300,2,1
776671139652350854,184,6
776802183439044655,7,3
776824400443734988,5,3
776864091917735903,18,4
777165584983375935,2,1
777219549740574418,19,4
777325478870492799,18,4
777336215062232341,13,4
777365159794929919,78,6
777384253337387381,100,6
777402340012143129,2,1
777414977533052758,14,4
777420627300448403,13,4
777455406300775671,1,1
777533654371503437,29,5
777541915465062330,4,2
777829473909764325,21,4
777905433630719709,10,4
777919578877112699,3,2
777975611661034808,3,2
777987911987471600,3,2
778025067925503726,5,3
778026198578290150,3,2
778030600170214657,16,4
778075302484453643,60,6
778077522754721196,61,6
778112969568232974,114,6
778155552787500716,16,4
778685114845308056,20,4
778698629393006424,1,1
778763355386591635,10,4
778781454908786209,2,1
778831854798362169,26,5
778931688192582568,1,1
779100465552173159,1,1
779398844837772779,19,4
779424151454529169,37,5
779442815570321762,16,4
779446791047377218,24,5
779447063592442517,22,5
779449030135325927,17,4
779469403668805782,2,1
779472830143754955,105,6
779508813021528284,2,1
779543426851083086,8,3
779586975016160377,1,1
779602892645854408,1,1
779693054428763070,33,5
779693071638787014,1,1
779745263851094257,3,2
779757039979297909,48,5
779775060097186253,1,1
780062025107130287,6,3
780082577299365602,15,4
780122889981644214,1,1
780129140116268412,8,3
780133325267457492,25,5
780139822348063220,21,4
780142818116271741,16,4
780145022248663787,13,4
780146982843251147,13,4
780149213363847717,36,5
780151037970312081,32,5
780152615646466765,9,3
780155751604865754,26,5
780159743353229864,11,4
780161927544367976,13,4
780169952363874750,13,4
780170032459134810,14,4
780170221062006277,34,5
780174252547194137,26,5
780203390027098024,1,1
780278924680444598,16,4
780309461892066468,4,2
780317942774133704,2,1
780335079385703890,9,3
780401258158860226,43,5
780462992213842900,13,4
780512120605286016,21,4
780578410263997383,10,4
780606926268335512,1,1
780692937767826521,36,5
780753284191712755,18,4
780775873888476280,3,2
780849090180553872,188,6
780855496937865078,12,4
780908573016426202,208,6
780927419425266807,2,1
780955309334485415,1,1
780958683266240689,5,3
780975592431086250,12,4
781055318993946237,12,4
781107436677463650,1,1
781121355256955100,1,1
781583589557690792,30,5
781639992298094288,55,6
781703524615699239,37,5
781748221622723094,6,3
781763429114393554,38,5
781853102974731846,2,1
781953198575263223,1,1
782334295177363109,13,4
782368055662777288,1,1
782443693095879472,4,2
782546655409923496,2,1
782635148159751010,195,6
782637390956033232,40,5
782681430168896819,21,4
782696210327546100,8,3
782988723718395586,1,1
782997270959590039,1,1
783003627754068019,1,1
783046079121942185,13,4
783148005467147466,90,6
783176914925220539,101,6
783183950966259676,1,1
783299131794859264,4,2
783300190013460938,14,4
783351254541243243,3,2
783433619201099776,5,3
783746269939568265,3,2
783808510875173852,6,3
783910506881125433,47,5
783949614295168879,3,2
783966600547333771,3,2
783997844135496850,42,5
784010466322717831,81,6
784025932332793014,12,4
784059051760621925,75,6
784062424705139693,1,1
784213238881044646,3,2
784511771803076993,6,3
784563641583929094,23,5
784620875211930359,18,4
784649571966171830,1,1
784656939518729930,1,1
784676021129005995,4,2
784676062241390596,16,4
784763814910354069,7,3
784950324898096523,46,5
785284408162100345,21,4
785290319488997238,3,2
785358112927015530,2,1
785373003698514577,17,4
785387984995324515,9,3
785391364502569408,7,3
785438277629800310,97,6
785468880657098460,26,5
785480264717435924,3,2
785513239613071708,9,3
785525692849310550,63,6
785529688419129920,6,3
785818102519879759,2,1
785844183550454338,3,2
785910443748173619,40,5
785962892310856244,20,4
785986734066873058,25,5
785988375965393354,21,4
785991898948540438,70,6
785998616445261604,32,5
785998624825462497,26,5
785998629149489946,56,6
786012331105385450,27,5
786014601075642768,2,1
786062824263587556,40,5
786080155672744424,60,6
786141974178122919,28,5
786241409809272594,43,5
786247380661064118,15,4
786298333685485872,10,4
786347507738532021,1,1
786666606728944923,1,1
786709692899511191,81,6
786745027673834688,6,3
786778568540732140,90,6
786784852179382303,5,3
786802224841068160,13,4
786822237579693071,1,1
786859052502129654,162,6
786923351657868683,1,1
786933020160544084,2,1
786953310025162575,1,1
787133352284589654,6,3
787303231466683797,7,3
787347829567827334,10,4
787384260626733384,49,5
787408394882347309,97,6
787435337306487531,24,5
787474117878901975,8,3
787489770257179812,2,1
787517477103046377,67,6
787560778354992640,19,4
787576769741385348,6,3
787614113216117257,43,5
787676267916006563,126,6
787680719993115147,79,6
788043260676313307,3,2
788074620241634052,2,1
788076139344382143,12,4
788146196562942514,29,5
788149371806339782,62,6
788155267116395798,28,5
788155540601793815,51,5
788160143939063211,26,5
788163178431353132,92,6
788172532592766041,65,6
788173727346846639,35,5
788174960279473362,22,5
788175276800702780,54,6
788175982534168880,47,5
788236867930136082,9,3
788237928545025825,4,2
788335646599733783,8,3
788343789730453976,9,3
788346795525393877,8,3
788418554391851979,1,1
788425751123553651,1,1
788465554547233257,1,1
788477889533923819,1,1
788876783667846521,15,4
788940144541400423,1,1
788950571001631600,1,1
788969649258137000,1,1
789021890657269094,32,5
789023455735432620,14,4
789038437302761156,11,4
789041464256826764,1,1
789062370940368138,2,1
789173492063125395,1,1
789541641573499536,122,6
789562270793498891,1,1
789568202636332492,45,5
789657530763539334,54,6
789685544725346819,4,2
789771381876313287,4,2
789779650148326804,4,2
789792159867223272,1,1
789903887401028836,4,2
789912368549489767,1,1
789912454656902888,8,3
789915314274649833,12,4
790165080334271626,3,2
790252844262831498,93,6
790270793961598218,1,1
790354742438137527,59,6
790381829553641983,48,5
790382408119453491,5,3
790433849803359128,8,3
790466516524043318,52,6
790533244522518736,4,2
790536754574401871,26,5
790556284774673049,14,4
790556426061841959,13,4
790581198179262799,5,3
790662129690031561,30,5
790665950522944948,2,1
790674714318226536,1,1
790772239157035012,84,6
790850765879274710,2,1
790898885655993318,34,5
790898898212388791,15,4
791046253503322107,1,1
791054602221888163,7,3
791077838067392226,8,3
791099167826197155,2,1
791106210561104468,105,6
791107801064227838,1,1
791153540616403881,3,2
791207967162127317,13,4
791223180484408611,157,6
791225627453640885,1,1
791239772706328737,26,5
791297412162181502,45,5
791398973175551069,2,1
791398985717277005,6,3
791727230147877541,1,1
791733038118052710,33,5
791758190859764785,33,5
791765262766614033,41,5
791794233494062118,7,3
791888841930507562,6,3
791918894700246617,15,4
791925742182557755,10,4
791990730670683749,20,4
792031252624561148,14,4
792092912923992825,4,2
792101263076331759,3,2
792218576455208044,4,2
792349824518691700,35,5
792431254851178826,3,2
792505226001124761,17,4
792554610516051325,63,6
792578209209820058,130,6
792603328663034524,89,6
792667802536806280,4,2
792667808935343913,1,1
792667821209098526,14,4
792673781438971717,23,5
792765713300973892,1,1
792788954678754729,1,1
792825920591069753,1,1
792853477260496245,56,6
793156212224707878,3,2
793197553793809558,6,3
793227560998353467,33,5
793282908658203675,21,4
793427285422451385,1,1
793434101108308543,4,2
793507682452171838,3,2
793958470428859385,31,5
793997699358337271,3,2
794010492269998030,1,1
794010956261023815,1,1
794015559649987738,5,3
794090006423924024,69,6
794138052060227104,1,1
794561817115749606,1,1
794684414621131333,11,4
794721633904697757,2,1
794752187724469602,53,6
794843787804915285,4,2
794877569392032495,16,4
795334457016470781,6,3
795350294256355996,24,5
795386502302868320,4,2
795401935224083621,107,6
795445404317289561,2,1
795560118291457182,1,1
795597494022593620,133,6
795628940165410554,24,5
795643550085669895,184,6
795668565999111926,8,3
795670363069299178,3,2
796012919622630520,20,4
796068952269126556,27,5
796085787956091075,11,4
796098893291674282,17,4
796107313323743322,1,1
796116158177453083,25,5
796169463077403527,15,4
796408644596638415,7,3
796482476179807254,53,6
796755345712316716,80,6
796771142402348345,1,1
796917911064957585,1,1
796966841393342900,41,5
797126684444817398,110,6
797140835129107512,3,2
797518206449745436,19,4
797528416593914780,35,5
797536356821447143,2,1
797550364595764395,6,3
797582974043961385,72,6
797616124715736300,1,1
797631378828655695,34,5
797641716378061033,1,1
797655841330562865,4,2
797814689363305029,2,1
797902566047262605,15,4
798157167206714630,3,2
798223578890008506,1,1
798278222054537926,1,1
798327763614957499,1,1
798341444482534238,208,6
798346557411749582,60,6
798378823975170532,69,6
798381604716953180,3,2
798396495336652392,25,5
798398689047076020,38,5
798402762626298710,7,3
798525861610215902,27,5
798529755493902673,30,5
798598298788111818,2,1
798667277601150959,14,4
798672632149817749,20,4
798683049111247507,38,5
798926220704426401,6,3
798927995221096457,14,4
798936776168644337,35,5
798938584328901019,18,4
798943427697493095,2,1
798951031558726385,33,5
798961271596574414,48,5
799079479867030874,1,1
799276541638878802,4,2
799279828436148612,6,3
799280164359820304,41,5
799305002674990090,17,4
799312479048110901,10,4
799381418077893347,1,1
799751957185442822,1,1
799816298766451928,6,3
799816677409203214,2,1
799816684845018676,2,1
799822819561724132,1,1
799842105441095419,33,5
799925380067271751,19,4
799944950072162933,9,3
799960248547082733,9,3
800013988283070587,4,2
800023840735288354,39,5
800033512431049315,13,4
800046631270050806,9,3
800048298995435165,2,1
800053313572100760,2,1
800056107234699712,5,3
800059214824013134,2,1
800062653691669635,6,3
800350709177291354,2,1
800431474495473417,24,5
800563280885613817,60,6
800612904763751120,68,6
800613415076568116,85,6
800621321778292820,15,4
800674633021020555,4,2
800677224773199350,3,2
800688361104624068,1,1
800688618517303139,4,2
800713886245971995,1,1
801016336369921010,84,6
801146353796825402,110,6
801170387303949323,105,6
801198126990176356,47,5
801297519439971807,26,5
801329429034842575,49,5
801392322232569015,50,5
801398370771366562,121,6
801405099612531450,31,5
801423747177208599,1,1
801455669562914644,1,1
801468588304815518,43,5
801482439863804459,98,6
801482449057918565,61,6
801504964955266278,5,3
801508138396091655,2,1
801818349756160500,7,3
801865624072680060,1,1
801865669402518062,14,4
801892896012053466,20,4
801966274471825094,8,3
801981616999753423,2,1
801984891674386462,2,1
801989110610615826,6,3
802020885511308391,1,1
802084757324970172,44,5
802102867243504048,16,4
802130061504882326,1,1
802194085065471460,33,5
802200034238567130,71,6
802294099745328219,75,6
802554223921278302,59,6
802798783339923149,92,6
802841762382519819,61,6
802853121130722936,107,6
803237663375187355,18,4
803256254059785649,25,5
803270192599639649,10,4
803278325297021404,7,3
803301918400295759,4,2
803328018449663047,20,4
803365637457770984,4,2
803458206409251741,1,1
803466177187539597,98,6
803490955336384728,66,6
803530671115847859,93,6
803541667359991736,116,6
803549837003150258,101,6
803552694695810298,78,6
803557058165458518,104,6
803650705636113474,56,6
803662468757174890,35,5
803664628026529385,6,3
804076921075669239,16,4
804113931197614174,71,6
804115011413974128,58,6
804172045422811815,14,4
804256505581221166,64,6
804294024298504368,6,3
804319913354599180,2,1
804374270621814479,1,1
804381616780195218,7,3
804846624421027106,1,1
804896220066554100,1,1
804980903338362215,3,2
805039813613409156,39,5
805165689318145183,10,4
805190195227808474,12,4
805455515326119009,15,4
805495341500816343,5,3
805496398820283510,25,5
805528934420000478,9,3
805569201135142101,1,1
805748532536206350,1,1
805769793654483813,25,5
805861748688608486,2,1
806210677482239239,10,4
806220943075547620,17,4
806275337748239072,53,6
806276640946953771,109,6
806277168695517607,86,6
806279673732125519,29,5
806280532717944590,107,6
806313445807298654,75,6
806347210238416969,89,6
806370191656387616,5,3
806376956509940972,25,5
806540000439718260,74,6
806541721927979901,83,6
806564807487264249,3,2
806588761793419721,48,5
806632796799673608,1,1
806710399394812069,13,4
806935314213798578,49,5
806997845664234281,1,1
807220232963921230,8,3
807792071738542792,62,6
807792967612178583,5,3
807816727429125296,2,1
807842518582375612,1,1
807949386813599918,181,6
807998009766169890,79,6
808048753277772467,24,5
808131156908627901,3,2
808364483964771923,1,1
808396156454297838,55,6
808397429467883177,22,5
808719170231390373,31,5
809091492961464793,5,3
809108029733747518,2,1
809133564405082532,11,4
809217918026626161,19,4
809224042641698706,10,4
809286812457419390,90,6
809305636246961058,4,2
809407264877987222,1,1
809444227109910078,1,1
809456429606486469,3,2
809462475543390010,2,1
809472332420597892,11,4
809476076671064326,9,3
809490926072395990,46,5
809491052452392126,16,4
809492626719642460,75,6
809494095375437469,20,4
809988226910628391,2,1
810040081731087319,4,2
810159428621587785,2,1
810178224585772975,91,6
810190367541381343,27,5
810192752555670320,123,6
810198466477257643,15,4
810216817433386340,39,5
810511807501624261,23,5
810542570416263790,18,4
810557476260591409,2,1
810626111577432751,4,2
810637732029695059,21,4
810686436291195041,10,4
810690505472464272,34,5
810731788228648560,94,6
810732441988634563,119,6
810849156750505739,129,6
810913599428063588,114,6
810972220710786568,98,6
811008703926050719,6,3
811385781828506156,3,2
811440140238085833,14,4
811561545052052410,2,1
811565126986874028,17,4
811578139337584668,10,4
811584194883542961,92,6
811707584325003347,42,5
811711497751216702,1,1
812153627888080580,1,1
812170553087894111,1,1
812196467231416756,3,2
812197045615844085,29,5
812241839809719671,8,3
812275561988066064,2,1
812284005732114643,13,4
812359438704885162,15,4
812695056354901845,9,3
812739824175121997,31,5
812815733775949643,8,3
812920497954179661,70,6
812945520256651744,31,5
813110746721600557,98,6
813117267246699426,17,4
813150263667286100,10,4
813223861796978475,16,4
813477669521094597,7,3
813485748833655046,1,1
813571096851118977,2,1
813612534313748894,2,1
813644449087655434,1,1
813650567018904401,30,5
813761640545398065,1,1
813790432410924517,3,2
813828651544469859,8,3
814191504091188862,4,2
814236919529401069,8,3
814334433736798075,24,5
814421850964058230,41,5
814475038273718669,86,6
814479304731457133,46,5
814483196346430958,37,5
814485725805630682,23,5
814493373509696156,25,5
814495657112987310,36,5
814499510637171187,9,3
814503459326638778,8,3
814509817672587538,18,4
814999297856096973,15,4
815063007139168113,3,2
815082975919090376,1,1
815142493040532096,14,4
815226830117588137,7,3
815300157145063144,68,6
815430979297198595,1,1
815641125154662263,2,1
815719856413763850,34,5
815762504250245001,23,5
815976452463817965,1,1
816000089131759317,6,3
816110067204276043,77,6
816383772871037723,18,4
816387092699866878,12,4
816435877073204228,4,2
816448391408532548,25,5
816491912839429628,3,2
816522197153189382,4,2
816533425323597626,2,1
816707117334748149,72,6
817049249046130506,22,5
817093355954398367,1,1
817165540743736754,2,1
817267496542610958,12,4
817289684698441209,1,1
817294856293780956,78,6
817331090607784969,91,6
817429747450149580,204,6
817472608684900183,1,1
817475760040259829,4,2
817548584573433827,1,1
817723227661852411,48,5
817725962681526248,23,5
817728588453610559,34,5
817793625972325079,12,4
817864997475565171,1,1
817931461978087139,9,3
817995460145059264,9,3
817999247786849184,2,1
817999367404677141,1,1
818013500864286362,13,4
818015774613459486,10,4
818022534525004085,19,4
818022618565243462,12,4
818102300369029209,1,1
818146856718010392,60,6
818164572616298420,25,5
818210684401980036,22,5
818219400292195690,21,4
818220843782365303,14,4
818579073427850409,11,4
818643690476457556,96,6
818646784992952290,125,6
818654745124406522,620,6
818727964221970765,33,5
818859168993639631,59,6
818861452583702269,78,6
819193045917400661,4,2
819264088086353875,3,2
819435475315492162,8,3
819453754665883806,90,6
819457030736512849,1,1
819506455248558759,1,1
819969757285074188,3,2
820006812492831678,17,4
820015193224418307,23,5
820139971160536341,1,1
820164979421074369,3,2
820185731942178848,5,3
820292375647179289,12,4
820303523401820853,21,4
820378018411545913,4,2
820419454257432431,23,5
820795636913810613,19,4
820816330386755820,12,4
820821278440671690,8,3
820879528372500020,18,4
820928905335582748,5,3
821002321780661084,30,5
821012508358511841,3,2
821025393365209144,15,4
821587272400561847,4,2
821600266932511915,40,5
821613090169138889,3,2
821629367704598678,214,6
821641943234104596,1,1
821654864029960157,37,5
821766837209979502,36,5
822201378684961243,171,6
822216619165463706,32,5
822227613798207978,16,4
822350295758886139,1,1
822358641808727457,8,3
822368221888276660,14,4
822442770047631756,3,2
822462319194259449,100,6
822464535232149580,8,3
822502836527499261,33,5
822533310165576630,87,6
822711937342261664,69,6
822876618542077019,6,3
822956575173003723,49,5
823035872427736035,1,1
823098960059391074,11,4
823163212003202239,15,4
823188082909738580,8,3
823196303584802192,24,5
823234847162470266,1,1
823697820087672656,10,4
823714819825502527,2,1
823816301556465531,67,6
823817245250499894,3,2
823871058193149480,2,1
823928680786211447,50,5
824334208654601244,17,4
824357344425893739,6,3
824415026451763676,22,5
824417271954173784,25,5
824433137195574239,2,1
824459505043209015,39,5
824508534492718503,21,4
824536208092696108,17,4
824579373466184417,7,3
824626262013177504,82,6
824654656833321468,27,5
824716339846789027,2,1
825039021680579620,2,1
825061305765246025,3,2
825078419234679740,42,5
825105751473979479,13,4
825118043766769279,63,6
825145855744318081,57,6
825159180201072083,49,5
825175227629061006,75,6
825184539246169188,51,5
825197020952433211,1,1
825315542331121385,38,5
825331873701744149,45,5
825355190450210364,62,6
825398926708273742,4,2
825440220878031046,8,3
825859695232531793,20,4
825940508810123812,23,5
825969808240808099,5,3
825996313189917954,9,3
826066834020932095,12,4
826097208809534094,74,6
826104016573327390,5,3
826105227520043292,8,3
826708939105857942,17,4
826764886295706367,25,5
826800556985464274,4,2
826872959606841791,14,4
826890462900801252,1,1
827231120443194096,27,5
827468086480660818,39,5
827544387019876992,38,5
827553378876497245,11,4
827584912268237594,1,1
827739855812286235,21,4
827758815145242142,2,1
827760406464108316,3,2
828019862340728867,21,4
828126124966650380,30,5
828169763795416394,7,3
828235130484808376,27,5
828252346720409381,3,2
828309566968209952,5,3
828309745645506958,94,6
828675345825807366,14,4
828755148408831928,129,6
828780089330081561,3,2
828785649279249716,17,4
828809646082402783,16,4
828822294974802989,37,5
828830569073834477,23,5
828834389092231858,57,6
828839953872170894,57,6
828922433149934206,162,6
828948346719380794,2,1
828986823737509851,5,3
828998345624973838,115,6
829045728371772696,72,6
829059872242080708,6,3
829466682049245503,90,6
829529123935734243,91,6
829536824078513111,7,3
829537826303211778,80,6
829549468551347335,72,6
829597885269555165,60,6
829661488531514641,1,1
829687309158269628,3,2
829711712578599902,165,6
829718539780448594,3,2
829721201994058051,2,1
829748319813131015,121,6
829789528495469665,1,1
829802276833735152,5,3
829867616935160441,3,2
830180654368089868,8,3
830245054009106075,2,1
830345242117587291,5,3
830439566567769781,9,3
830449410985940556,21,4
830608389755529865,3,2
830684302577130634,17,4
830684313251512710,2,1
830822263667353559,68,6
830941337643662275,1,1
830963863303783703,2,1
830990388333927536,17,4
830992627944149127,25,5
831032413341032679,10,4
831043237109656634,3,2
831106199171022335,72,6
831164388741104449,30,5
831209049796273335,4,2
831216601990997016,48,5
831567959063489867,75,6
831616873685598823,3,2
831666304145991024,8,3
831689651435543637,41,5
831786076750802375,12,4
831806699392202513,11,4
831809557820974733,12,4
831814556953778577,3,2
831815799455935550,56,6
831817704388797280,1,1
831827108245267299,16,4
831912986097838316,22,5
831934667188878911,1,1
831934831326285847,2,1
831935051583258314,1,1
831955980183473604,2,1
831972338376434823,1,1
831973829896974894,48,5
831982061312338985,32,5
832015492286147408,3,2
832139891179124009,11,4
832206517245302379,13,4
832254040155390564,18,4
832254044600841707,14,4
832254049527022588,57,6
832305154026648391,5,3
832307805784645362,1,1
832310005400820946,2,1
832337810045108843,2,1
832341853473065574,3,2
832346343508629589,1,1
832349152389505340,3,2
832351814172997253,1,1
832359026644051322,59,6
832366187961274437,1,1
832371228288575778,25,5
832396286727081287,140,6
832424963409153672,4,2
832439297893925532,16,4
832498630154519603,84,6
832608480515221321,7,3
832639213060302855,2,1
832950321763168867,47,5
832971573813965790,6,3
833000662965375329,21,4
833080446983274905,2,1
833121139704625361,93,6
833123004134655953,44,5
833149873868831878,67,6
833179703675572344,5,3
833201516899736939,23,5
833221926884611589,8,3
833271173253077508,37,5
833290862863838328,37,5
833296026906833884,30,5
833326357558725922,15,4
833532443566362860,26,5
833756163251984446,2,1
833773094134068629,119,6
833984518046918913,2,1
834025556391731436,24,5
834116728128470191,3,2
834238353503136968,22,5
834561348797108401,27,5
834605719005429913,22,5
834611502525628789,5,3
834635332687747989,13,4
834826560260208515,5,3
834831150485195106,54,6
834832654304201155,14,4
835275085514791921,88,6
835277886115303594,2,1
835316545526562455,12,4
835366982523904397,5,3
835375127828912096,2,1
835386028771888381,42,5
835397700930523316,38,5
835514393854858819,1,1
835514609676516766,5,3
835527151104998590,4,2
835649285842494176,58,6
835911171206323212,69,6
835938521527354935,12,4
836030646532487826,20,4
836063054397462242,9,3
836095813032307032,3,2
836250297253847103,28,5
836262770059344223,117,6
836319739950179862,98,6
836319746602871126,29,5
836731536122689468,1,1
836757814463723546,7,3
836766498461105013,4,2
836776712708137782,1,1
836792398929174373,65,6
836819988906774399,56,6
836832236928824226,118,6
836861288702211212,42,5
836925833791173132,9,3
836942205875176017,46,5
837065073621025289,82,6
837330742199850488,1,1
837336086696675733,5,3
837380377048768874,4,2
837400569314483428,26,5
837401736646347476,5,3
837410787988353006,68,6
837426710168226459,6,3
837573775836767546,23,5
837578896059368999,124,6
837580425429745672,1,1
837595946651715115,2,1
837641250627897865,4,2
837641444791652352,18,4
837642173336612372,6,3
837649007557612715,1,1
837681890666950566,4,2
837727418700652216,34,5
837736212025079499,1,1
837740335642662862,6,3
837770736735195800,111,6
837791553233813681,3,2
838122563875103748,10,4
838181627968506192,32,5
838247125946197018,2,1
838294879994617706,3,2
838387268606299909,31,5
838387276067870877,39,5
838428473763691925,19,4
838522635662455023,71,6
838568834623922772,4,2
838596857998381310,15,4
838814915253120004,2,1
838928621030621452,34,5
839011272809877741,36,5
839104810718473613,42,5
839491001208026711,37,5
839649603976952392,34,5
839659970149655832,4,2
839690307835348074,8,3
839706027255479347,2,1
839711091404931542,11,4
839747678580556369,45,5
839769918039463674,1,1
839771317264435916,2,1
839825492114050749,1,1
839982034569416226,3,2
840262613885048902,55,6
840322941839363436,29,5
840367121204978651,39,5
840393840077574982,1,1
840478674789243131,9,3
840626495876068238,54,6
841088869927713297,1,1
841100997011697331,75,6
841124345623488574,1,1
841179432331257329,2,1
841186510610971897,1,1
841191160919517673,28,5
841373279504899287,25,5
841672439394282219,1,1
841783941881563129,23,5
841796027323413612,3,2
841808822391193349,14,4
841822172712607084,2,1
841853621247073153,54,6
841854308393067308,1,1
841906801073516381,9,3
841935257567246840,16,4
841951164840505953,8,3
841974894864966638,11,4
841988194798221249,196,6
842426594581175852,70,6
842482217287899673,3,2
842516425453739491,195,6
842522849058257916,12,4
842646460098736333,1,1
842657943044060599,10,4
842666266521947749,19,4
842667209623205133,22,5
843114530113742326,14,4
843134894861358544,44,5
843144610799322317,5,3
843186878717696172,1,1
843279953841814114,78,6
843455245108745297,179,6
843461837071962797,172,6
843464182632497788,140,6
843466164970820693,196,6
843525519901522630,44,5
843834959001776216,13,4
843840183562215849,65,6
843888853066828921,19,4
843926214243767987,65,6
843948652748070803,86,6
843982383903847729,3,2
844045197154360573,93,6
844064895776334429,9,3
844074274501758527,1,1
844103828189111617,22,5
844119458142623142,28,5
844132787537090096,15,4
844586707005454242,18,4
844647563823104084,3,2
844687371381346180,33,5
844797093330911893,64,6
845022764751254242,17,4
845042621332302742,22,5
845362518669642118,8,3
845400302293808793,3,2
845548464704093188,1,1
845632567005156716,25,5
845638481221658666,16,4
845680469667232115,198,6
845711545198242256,126,6
845715432232294978,13,4
845810516210420395,45,5
845892859537488793,114,6
846021170148847815,3,2
846115327962017482,41,5
846122524752211416,4,2
846126159461878707,9,3
846126796285668988,8,3
846127576929362935,40,5
846154059670692618,16,4
846221488584832523,7,3
846248781713854195,1,1
846266802719815640,226,6
846273010593954903,8,3
846328971741107454,48,5
846334715826599479,3,2
846380126181570532,15,4
846388522113360252,8,3
846446489696082815,21,4
846460869301004891,18,4
846485108890113766,4,2
846716267392226653,5,3
846770348014440742,1,1
846828268488310806,28,5
846923359131400007,193,6
846928741908970292,7,3
846967766892427452,3,2
847066365744215031,27,5
847168225720619429,51,5
847501502517439521,2,1
847557575032331135,2,1
847566053354115491,2,1
847585786781568316,1,1
847627777785051719,4,2
847686942045138931,36,5
847730110670447923,61,6
847739487734524263,10,4
847796651120120352,2,1
847816649099248231,7,3
847821397559070564,150,6
847897181173573757,1,1
847901364156896203,3,2
847917206989464597,41,5
847927630063527647,34,5
848189305266036682,4,2
848257069961981119,17,4
848366405705626330,1,1
848464073564151544,8,3
848482826425348904,105,6
848499861351205134,88,6
848511734867278865,84,6
848609084223424807,21,4
848615142269521673,113,6
848806241192282988,2,1
848954382150798871,98,6
849010271041536158,10,4
849031511226147561,22,5
849043080054173764,187,6
849047045153036872,30,5
849121003579634544,22,5
849121320656609841,26,5
849131229777165978,49,5
849149090677753128,21,4
849159124857088787,1,1
849161483355938317,79,6
849166280889057344,1,1
849176172695914856,4,2
849176176514806977,69,6
849176179360860503,12,4
849246682705355256,61,6
849267938170492600,2,1
849282257454846974,78,6
849496087971914602,6,3
849673094121345326,1,1
849816420068208050,15,4
849924986673344233,3,2
849930966730243791,10,4
849933496651554962,83,6
850081763924789680,1,1
851169892178575193,79,6
851214482595642159,3,2
851239157227622074,29,5
851328814728956685,61,6
851426632511794934,13,4
851459302455170857,3,2
851475126574193033,180,6
851521840779914299,2,1
851587323401678031,31,5
851794067589010112,21,4
851842498264340732,16,4
851848709980917534,1,1
851930264204182432,1,1
852017647729988279,43,5
852053840622025127,41,5
852215016066008153,11,4
852333157604224445,21,4
852538766620994401,147,6
852649164908132995,92,6
852661155488856258,1,1
852685291822743570,79,6
852730221137882700,25,5
852798494976682173,75,6
852812442065632190,11,4
852968917318298329,46,5
853098951387458824,55,6
853350575905411964,69,6
853370599473480529,35,5
853444251635867960,2,1
853613230880009851,21,4
854046331091644253,2,1
854114005270314316,130,6
854149935656265499,4,2
854159978346565486,33,5
854198008061441828,29,5
854242912933488332,5,3
854318885698969006,17,4
854394470796066375,11,4
854414673417115571,57,6
854439463618009898,57,6
854819305408150172,15,4
854828198063989360,57,6
854850548195131277,61,6
854913662578395193,12,4
854943363195044080,7,3
854967719875184433,24,5
855115245754136937,43,5
855547942758406176,1,1
855576309906246048,1,1
855666388865114601,1,1
855696204634981964,2,1
855726258783116577,6,3
855799209247661477,27,5
855949483722327460,80,6
855950226406852695,27,5
855999117326566304,1,1
856187309358609876,13,4
856234630774910585,5,3
856252359330216740,5,3
856283171249112541,16,4
856286133704889910,1,1
856332489948448934,108,6
856347989670270763,59,6
856424417906451307,33,5
856604391572721175,28,5
856609658948784202,190,6
856611689448131293,72,6
856613506636307316,122,6
856614940758185286,13,4
856936115507328611,24,5
856938961826170360,1,1
857055714324103130,11,4
857082200765189091,50,5
857116769028715401,1,1
857301620880022191,48,5
857322579910135271,49,5
857390541472353520,2,1
857394484637064983,1,1
857404411814257203,3,2
857649125045613733,25,5
857658859227398591,6,3
857685852011104506,8,3
857782630397625719,2,1
857841082972163075,25,5
857844950718860060,22,5
857854097050396497,5,3
857904011608175020,4,2
857959024401955786,79,6
857968968090862707,1,1
857990906178800732,1,1
858009360725810564,98,6
858018043734817803,15,4
858018056468023801,30,5
858029066947478649,13,4
858032139394170043,32,5
858044067472051707,12,4
858052505929543428,24,5
858053319912789958,8,3
858059763814449664,12,4
858063222635810152,6,3
858093513016189327,62,6
858308503072833469,5,3
858319073503965285,1,1
858380560988049205,4,2
858453269673259424,12,4
858483661297187900,1,1
858559170738164157,22,5
858581342659886484,1,1
858631362687040899,31,5
858662999706306769,32,5
858752335804604713,24,5
858814848395778232,24,5
858814960795261068,22,5
858854363268549812,1,1
859040081448644658,3,2
859080585383017619,6,3
859103306063766638,20,4
859105579357264449,10,4
859106954366039570,13,4
859109366983819857,6,3
859163248876238564,14,4
859179720463009201,2,1
859186227305142968,43,5
859196313778054401,29,5
859221494956320494,13,4
859254155440609629,24,5
859377616588772527,31,5
859379624813540540,29,5
859409868776222300,1,1
859491814074746817,54,6
859543334123414450,17,4
859773274313059335,10,4
859779936840109836,8,3
859868525351000403,84,6
859879310777224591,2,1
859940479526168180,1,1
859951204215049026,18,4
859991837012447017,2,1
860076958203256224,9,3
860122434667994046,2,1
860131090766390082,43,5
860168690112777558,1,1
860267990725012340,92,6
860312514074178091,21,4
860329377948536585,31,5
860345000929534755,5,3
860634799355769242,45,5
860667512282002218,1,1
860677307282458649,2,1
860677403747685205,2,1
860679781442829836,1,1
860685168350269439,1,1
860806978769024691,57,6
860814999135374073,1,1
860822617806770513,3,2
860873222162931291,28,5
860891858860264624,5,3
860923329266087160,1,1
860959068566644232,9,3
860967295911588590,59,6
861247518469907825,1,1
861293401800299244,1,1
861360550200303748,58,6
861366120243356036,27,5
861375841393885217,1,1
861407371417235001,19,4
861461761100820380,20,4
861481146864741672,26,5
861511090327597213,12,4
861615331230764642,7,3
861674111316093384,3,2
861678703164049413,47,5
861712605858540635,10,4
861735201370139589,2,1
862003864527059204,29,5
862057372768251252,4,2
862075826474426768,63,6
862079957758910138,50,5
862087947626016436,65,6
862089356058680286,47,5
862104494118940307,1,1
862137559011357025,1,1
862164748859455131,62,6
862220583823652063,17,4
862278227304005165,1,1
862305686865549717,3,2
862311187740596812,1,1
862318814562322366,6,3
862388795332860516,1,1
862391169024884779,100,6
862405509027456300,43,5
862586000189395431,1,1
862658402866521572,2,1
862658418332958804,10,4
862701791955632665,3,2
862707468933568778,5,3
862739353576028556,23,5
862843037778960642,3,2
862872928002021675,5,3
862928710624463001,3,2
862931972234997579,4,2
862944057066688646,6,3
862993336277758981,56,6
862994148416381287,1,1
862994158247932208,31,5
863003004721101487,6,3
863062767246083343,7,3
863065331906962181,24,5
863084126442964603,5,3
863149751687674373,44,5
863256447738100445,2,1
863315454505336962,50,5
863354473424817355,13,4
863409420023872113,8,3
863450381206210909,6,3
863454317448549364,42,5
863492456931436783,12,4
863498687870750871,58,6
863504918438465558,5,3
863512678309000310,98,6
863538290703492710,3,2
863543861702102924,10,4
863560247749233672,7,3
863603460779610617,13,4
863634349578152442,5,3
863662634301556120,57,6
863791584978559884,1,1
864161277924602550,2,1
864240766020295411,23,5
864290308494985408,19,4
864300548543761892,1,1
864307505410774445,4,2
864313897744859459,6,3
864324419350790811,3,2
864333056388722155,12,4
864357003133746055,67,6
864408184237695377,2,1
864412421988358927,1,1
864472580721916830,71,6
864502265009339804,2,1
864519902273006270,4,2
864556826342202049,120,6
864560577640826786,89,6
864565836045411964,40,5
864643485431173926,74,6
864915951083877186,20,4
865014442799438608,1,1
865020662091767257,3,2
865063244392870922,7,3
865066007151112634,3,2
865079265316717666,15,4
865101348005508213,9,3
865122470940092527,28,5
865244500096732773,3,2
865477400235367084,6,3
865514594411680787,31,5
865617351611060711,1,1
865624534419564436,2,1
865632189567956528,13,4
865734234916525878,6,3
865737740362606064,1,1
865752327376967244,2,1
865780005058049818,1,1
865796334687563846,3,2
865816413324301000,1,1
865862769960536624,1,1
866008645013509419,13,4
866009599376336654,4,2
866375648745357493,33,5
866384203924539975,22,5
866428167717925899,25,5
866435181093263945,18,4
866500913582843604,5,3
866503613077820361,16,4
866503720117479126,1,1
866565087477538211,43,5
866590330846359135,43,5
866683134251519594,11,4
866704854833490127,7,3
866708037915025089,22,5
866753996944769562,5,3
866852851206861055,25,5
867290996902269033,1,1
867320820323916185,73,6
867334502731781769,1,1
867339604021735652,6,3
867396608115348574,69,6
867408474678515539,58,6
867412487214996719,56,6
867414198008406226,23,5
867415442718272478,113,6
867417964838317720,63,6
867425413535775289,76,6
867478338186931107,1,1
867548831604236287,48,5
867867477211019402,57,6
867876971262401574,2,1
867941382212532272,38,5
867981550548769916,2,1
868062452604186352,2,1
868129323561344194,2,1
868167769239986945,14,4
868264576330936401,21,4
868504015021942211,13,4
868510314358173893,2,1
868511960353360324,38,5
868607920884064118,49,5
868634309813027093,1,1
868644304949281989,79,6
868655819267445002,42,5
868655987082801528,42,5
868722507803330613,75,6
868737501032696950,1,1
868759071414976030,6,3
868860939432131553,8,3
868873937479725978,71,6
868890589404182588,4,2
868994009690979629,5,3
869029497400425973,1,1
869138433536166686,8,3
869205214142666655,91,6
869239432223890726,60,6
869276655189085567,81,6
869290214648118958,26,5
869427957438239549,60,6
869575809421163548,45,5
869584325568559370,17,4
869639510172703326,3,2
869654185645444604,62,6
869659549237012154,12,4
869742024072282719,4,2
869765986842518674,42,5
870072530285044944,106,6
870209245784396326,62,6
870297452080085856,68,6
870363049775718784,70,6
870393184743589920,31,5
870414187545050072,11,4
870622710787017840,3,2
870715396711752720,15,4
870715691745083329,37,5
870719051230009891,7,3
870720495624271412,17,4
870736354788784439,12,4
870742665850738640,10,4
870751698199258607,23,5
870800772632947678,1,1
870815512484451355,40,5
870817610288010384,9,3
870866388076426624,20,4
870939230834988203,1,1
870941449725334889,2,1
871063803232722496,15,4
871067258341780259,9,3
871067977307101154,76,6
871071224912730341,9,3
871370720422714475,2,1
871426075550749761,3,2
871478631175416341,7,3
871499016098539643,8,3
871527793206722092,12,4
871528341705175864,6,3
871540041647330633,6,3
871578012152213813,21,4
871606070768327739,38,5
871737473598810812,1,1
871780890278172679,11,4
871796466201135055,3,2
871843021827021928,128,6
871955555242559752,5,3
872203802244537695,6,3
872210076885563364,8,3
872213448756239282,4,2
872275649818802890,6,3
872299322960665827,5,3
872322903444196263,53,6
872343128806208302,1,1
872374267594647408,53,6
872420137890038019,85,6
872466856680550115,3,2
872481570046210995,3,2
872486676378366088,94,6
872486832209904521,1,1
872949709498940264,2,1
872955155825485244,1,1
872960701009750186,163,6
873005376361982138,18,4
873173369975593311,42,5
873184686300627745,25,5
873191893697692388,7,3
873212142318912105,1,1
873232871446955385,1,1
873487178677700451,8,3
873654234781310407,30,5
873709917203120584,29,5
873762754791194201,94,6
873792594508431943,3,2
873836097351630156,17,4
873874688325390451,16,4
873885336062740401,38,5
873928306004816442,16,4
873967651105372407,100,6
873991014587741584,41,5
874004222161502728,3,2
874016999707463467,4,2
874027539249882345,16,4
874316546800272939,3,2
874412670103943745,2,1
874488787202768835,60,6
874492344867906906,11,4
874507851111908666,8,3
874523776348741964,28,5
874627122429456319,75,6
874647217918641180,33,5
874673848124847978,2,1
874728710163227008,2,1
875067817353752249,1,1
875071729025576827,76,6
875118765440937793,33,5
875173457993662733,1,1
875233371356840853,56,6
875236666647449011,1,1
875292897145927643,47,5
875414736271271930,27,5
875455096496277792,1,1
875896999732414224,23,5
876031154783050452,19,4
876031577677058771,35,5
876086696069597512,32,5
876119755582658017,23,5
876130841144154864,11,4
876150387008393986,1,1
876392566268809577,27,5
876479786159751215,1,1
876573046674992675,9,3
876579603209741081,102,6
876585504819327513,58,6
876588992580104512,69,6
876898415950828104,68,6
876899032471573067,3,2
876901725263527223,16,4
877221800573236522,48,5
877230068650022257,50,5
877234615135114969,35,5
877247046261434636,7,3
877369202990298696,164,6
877373588615782340,135,6
877376849007298047,199,6
877452738623693979,2,1
877633753628324759,27,5
878045224597507100,1,1
878098151169918202,127,6
878100282613687592,152,6
878102543062463841,151,6
878158482508118593,1,1
878161531286278081,1,1
878162616583721224,33,5
878178502674554407,1,1
878186287785885654,2,1
878210320126292170,3,2
878252100714930022,1,1
878270017485366886,3,2
878304531822497554,7,3
878700533268146322,105,6
878726233465213870,19,4
878793825744888122,1,1
878809861028925566,1,1
878811829979030280,2,1
878914320821881643,2,1
878938759819803413,3,2
879277567278760955,146,6
879399753556496870,3,2
879517342790301899,9,3
879523940474281677,83,6
879608075129597804,4,2
879608808543464795,32,5
879633651544122542,5,3
879661327136033738,87,6
879694337296816910,93,6
879739325628150319,135,6
879905876880527294,81,6
880135840544305521,3,2
880177674520091500,1,1
880244932486720223,60,6
880266557131142012,15,4
880300812448118468,25,5
880308070579011439,6,3
880314727200002735,10,4
880368178682855957,19,4
880438635984591534,2,1
880576684186975994,7,3
880795235635397027,21,4
880875458695411646,1,1
880931042367413338,2,1
880958014305133154,47,5
881036726699358192,1,1
881124324145236127,6,3
881142694574586007,4,2
881146458742660874,1,1
881155884439857908,48,5
881159114848349401,1,1
881167321160565749,2,1
881172991377371759,12,4
881205058327400519,23,5
881478696612160415,2,1
881529442502125023,98,6
881556184630370298,7,3
881641789703263725,159,6
881656703031251389,1,1
881662279190014080,171,6
881665730775366986,158,6
881667892937471119,8,3
881670252778755294,139,6
881677823292516778,130,6
881695005370955138,139,6
881713934143675818,1,1
881765606845584954,21,4
881769966448210040,3,2
881771837640353923,35,5
881786725620612218,6,3
881832504011172560,26,5
881868212537874937,10,4
881913644780136924,5,3
881972480436817643,6,3
882258391946878129,1,1
882283620406623756,1,1
882352012092103883,29,5
882474874052414424,41,5
882527486389654409,20,4
882533573604923924,89,6
882571143792665393,28,5
882681069976610756,3,2
882781623496736229,14,4
882837255203998363,1,1
883032470858888950,22,5
883065906834139678,16,4
883072302559905435,8,3
883088114320279339,3,2
883118446095329834,4,2
883127588961000925,31,5
883137251853074733,1,1
883173516689209643,2,1
883184513666307355,1,1
883243261853921757,1,1
883253240296173156,93,6
883314398200446372,19,4
883353681824551411,5,3
883460454778461370,32,5
883467355856867837,37,5
883674631498542270,2,1
883678537781890744,3,2
883686648362702310,1,1
883714050887745475,1,1
883720591018994110,1,1
883729047343142151,24,5
883747243548595925,1,1
883749369368297405,1,1
883759006444493354,21,4
883762189644508060,56,6
883775244281572777,13,4
883804544576538079,7,3
883816312900439763,8,3
883823347412278033,1,1
883840480805113852,35,5
883851233789899987,5,3
883861100862967077,11,4
883878566811967513,3,2
883879233968990178,18,4
883897481669247734,27,5
883924527600789652,3,2
883931249909088583,4,2
883933183273848761,9,3
883936079321248474,3,2
883944556510065418,4,2
883988264431981899,2,1
884043531959624142,8,3
884055874720026692,30,5
884122206454992987,1,1
884450805704739355,31,5
884522615487676834,1,1
884569604031424338,3,2
884586444633440530,30,5
884593381055295189,11,4
884605612769886751,19,4
884627841890172598,9,3
884641277551371963,11,4
884661606697521817,9,3
884674012269167067,2,1
884739715103681755,1,1
884861276882321741,18,4
884902122306722567,41,5
885349586183531289,55,6
885350133241495107,10,4
885403815118041247,1,1
885449325990943314,1,1
885496682326953455,5,3
886026530981477889,19,4
886043754599362454,6,3
886048725241396116,4,2
886052227843874450,3,2
886087229862402189,22,5
886166225916130367,1,1
886185522505721907,13,4
886264146429066725,14,4
886270477833016312,83,6
886599395332140035,5,3
886667996754538122,22,5
886668010934920551,8,3
886670814241972744,3,2
886797910320863434,1,1
886803942692281945,12,4
886811682784082537,1,1
886834608073378142,2,1
886848831632857415,2,1
886946854914396432,1,1
886980333169043804,92,6
887010175045879735,1,1
887019519882075213,59,6
887287744096534462,12,4
887350838224289885,4,2
887372778497403683,9,3
887374851196564020,1,1
887384543661820555,4,2
887459805923132973,23,5
887470300869481658,48,5
887481639866672207,8,3
887483568273672532,18,4
887486711957758802,38,5
887488707260627690,16,4
887490643622165688,24,5
887492319622656562,61,6
887550640509438741,1,1
887598069571024963,3,2
887602644199014954,2,1
887616632729697495,50,5
887632778882245489,52,6
887638785796809247,21,4
887638956602489555,35,5
887646421550871148,51,5
887652217633459661,44,5
887668540367827114,5,3
887705723692456894,14,4
887706687805505973,6,3
887746946490723632,2,1
887770355340599480,35,5
887786972966197718,44,5
887802979892089205,49,5
888049578259140423,1,1
888051615776349432,1,1
888054720976973616,1,1
888055632264380323,55,6
888149297118494049,31,5
888176426855059296,1,1
888176842005263279,1,1
888188635102718125,1,1
888282545354791951,9,3
888308305480217735,1,1
888352702611392903,1,1
888354358652605975,13,4
888367565754766701,1,1
888410153570603829,1,1
888435306112763420,4,2
888466341331863827,9,3
888508665008320985,3,2
888547428636497001,2,1
888809120431176995,11,4
888840692424314709,12,4
888844301219740316,1,1
888856127201323594,4,2
888857380015845074,8,3
888889296890173446,2,1
888899022421404982,24,5
888909257243359523,18,4
888943155555096860,25,5
888955691908743073,1,1
888974268453487666,5,3
888984712320101084,2,1
889005432279508287,1,1
889019180232917128,85,6
889025677630758301,128,6
889159064158853387,28,5
889163628569364001,8,3
889185999549128843,5,3
889239536842766669,35,5
889542871660653364,5,3
889583888431469114,6,3
889613983929859425,4,2
889646766258771003,1,1
889675471152164526,4,2
889837787780359796,2,1
889878937952445641,22,5
889905713822258503,39,5
889910148187329939,7,3
889939859938436858,4,2
889943799868585577,4,2
890242307801239463,95,6
890247026071123466,21,4
890259567904921787,54,6
890282780660480742,37,5
890299586654847487,5,3
890317157893092457,50,5
890349952690531731,34,5
890426166811705917,3,2
890466444086794384,46,5
890535814647821564,38,5
890536426343438888,3,2
890629074271310781,20,4
890646868580254923,98,6
891038362314172935,5,3
891188584790907523,302,6
891324667363121358,48,5
891687056956749778,9,3
891711615878311385,23,5
891722675622451238,1,1
891726452633663170,25,5
891814090597240889,48,5
891944708135167520,20,4
891957745544411389,1,1
891960611235760627,3,2
891961640615980837,3,2
892011079472123274,28,5
892109305902665115,11,4
892118920281516896,1,1
892140004282915608,1,1
892146747562592618,1,1
892148718452700780,2,1
892222982601663041,40,5
892235446436571942,11,4
892414098840352005,30,5
892442155876293404,58,6
892494090259858605,6,3
892529021385271354,29,5
892721041131223657,1,1
892746099155364153,2,1
892778622522473764,12,4
892811960234422814,7,3
892812793550170977,17,4
893092605796541795,7,3
893259868049712410,1,1
893290246798237121,44,5
893314903430751897,12,4
893323504496164645,5,3
893328553835826494,7,3
893356832938980557,61,6
893360195965277532,139,6
893401589883908037,40,5
893437172885364486,3,2
893464807447732039,1,1
893499570242864609,41,5
893501699764441569,1,1
893531736821673794,12,4
893904873886821395,34,5
893936081948116877,31,5
894053124912802684,3,2
894061666825212298,88,6
894111993971522125,1,1
894305225610913206,2,1
894311947373843514,8,3
894355240643651817,7,3
894593744883569494,73,6
894713571518067496,4,2
894740569309685929,2,1
894887090407420086,1,1
894898066789760104,10,4
894903346394741246,35,5
894925151702045774,10,4
894926848086498474,14,4
894960346220464073,6,3
895019638458970894,48,5
895334083491956546,24,5
895342692423780625,78,6
895360306838416766,10,4
895383967509244027,20,4
895410831344229614,51,5
895446221804633438,36,5
895492057575745159,18,4
895543092635852266,1,1
895589544189037142,1,1
895678844148102392,4,2
895679576454837557,8,3
895698495277971568,5,3
895767759461264639,1,1
895794742801494929,4,2
896124810064184439,5,3
896206176134494398,17,4
896225146967640396,1,1
896231538827749602,2,1
896239743471442694,24,5
896271947185279556,16,4
896271972332874629,5,3
896305910098909731,2,1
896317520400284344,1,1
896332428954235998,8,3
896345286861518544,23,5
896393536889369024,29,5
896511677961659497,7,3
896879184134736508,10,4
896894867251119939,51,5
896957582340928311,46,5
896960047580394041,5,3
896964473716492195,24,5
896966060275213222,8,3
896972380495239187,2,1
896974726621023103,14,4
896999792589024253,4,2
897037316546795255,28,5
897045792612179043,5,3
897158382569063989,131,6
897302314003139294,1,1
897552938106741307,18,4
897568187396249057,7,3
897593128026774562,10,4
897700260428855444,31,5
897738609989215284,5,3
897740155518637989,7,3
897751312626826466,24,5
897751438734624611,43,5
897758360232040255,8,3
897786686121520392,10,4
897808733360514817,4,2
897811188652963742,3,2
897815921866856705,2,1
897817779739556671,111,6
897820782557171634,5,3
897826621249781916,3,2
897827643179268855,19,4
897827955685358304,30,5
897828329493015604,33,5
897832218608285443,30,5
897834066773104826,5,3
897912051285829714,2,1
897973684766525682,43,5
898108896092363494,41,5
898239454712140137,5,3
898253307871936625,70,6
898325200904391982,1,1
898332722909541010,1,1
898351944683817700,2,1
898354994731354853,13,4
898357282469689591,100,6
898358224446277657,1,1
898405571977226425,1,1
898524905260325774,54,6
898569072290973141,47,5
898627217795204202,71,6
898635447146997027,136,6
898943386623339769,2,1
899000549702023494,1,1
899003312266180861,4,2
899011951378522800,4,2
899028100246905869,14,4
899033112586918034,14,4
899065921343670184,5,3
899075241923099638,3,2
899085326835192379,2,1
899130317614985097,1,1
899141040306523484,80,6
899176224454173867,44,5
899193745670781256,32,5
899194834275610638,3,2
899267964002497040,10,4
899292399258948612,73,6
899346873238315006,4,2
899352622159712941,7,3
899413356693616396,14,4
899659065008886603,45,5
899660900708822740,8,3
899661248751454989,5,3
899794026622192918,34,5
899862006559341090,132,6
899954039416528059,7,3
899983864113704009,16,4
900084248716303713,1,1
900105220371962403,24,5
900439585089473063,33,5
900451726039525791,1,1
900496960499871395,1,1
900511127734371619,3,2
900570707022727377,4,2
900596906631414185,1,1
900627995389907044,1,1
900645274775515932,1,1
900655857330827520,36,5
900693526401390882,2,1
900705024183045745,45,5
900708450923424817,1,1
900717956929074544,16,4
900738565504847779,7,3
900774523803369173,11,4
901113475553928037,10,4
901147452943968792,8,3
901243444022524031,74,6
901449864051934892,3,2
901466815692024929,8,3
901498270868170197,6,3
901500777877864947,5,3
901509965867801132,53,6
901876285284938640,37,5
901943676045628885,5,3
901949962282422825,1,1
901968685377380482,3,2
901970548273596863,1,1
902013785067428910,1,1
902153532762110491,1,1
902169065184357634,18,4
902197349101402671,2,1
902220904180630903,8,3
902663077849572612,54,6
902668428943237604,1,1
902674384488714487,6,3
902741530721372043,36,5
902763848390538880,9,3
902802096803748307,1,1
902833963510788643,1,1
902835696420485124,1,1
902872780766849022,1,1
902916548960140767,2,1
903020153982971328,16,4
903054063444653843,3,2
903225265891466955,18,4
903346854336766179,9,3
903370795995230354,14,4
903407427028076544,2,1
903425699490450163,45,5
903427202387937729,3,2
903440989665714148,3,2
903446707375165919,6,3
903540443683515538,7,3
903600768773902747,25,5
903602696519338469,65,6
903625400797057676,20,4
903636179156585293,25,5
903643182348137759,25,5
903653114591402324,4,2
903679622317700970,7,3
903740933075929324,1,1
904027801040029419,16,4
904049843623695890,1,1
904053174849471097,1,1
904061407540600425,20,4
904118077589881362,8,3
904139113143162871,36,5
904142873027891278,113,6
904146057564990804,5,3
904273188154500079,5,3
904273364910809087,53,6
904273885492682013,26,5
904276233095705178,14,4
904328767265440756,18,4
904406725806325539,28,5
904418189403691534,2,1
904483765995366342,1,1
904728987936713332,1,1
904731994592920017,2,1
904838348479440315,24,5
904846232001044145,9,3
904924362913741887,1,1
904927042081113785,1,1
905116368503769307,37,5
905550474059914960,41,5
905551720679169948,30,5
905552265191517705,15,4
905558203187698807,1,1
905566262146016968,12,4
905572418806707592,12,4
905594967306677919,6,3
905644234516061542,25,5
905649350149255134,1,1
905674786601681075,31,5
905762701550325802,2,1
906192420453517841,2,1
906261333847453402,6,3
906265903808491469,3,2
906285673240858541,2,1
906382189214299239,9,3
906447443481764475,55,6
906478943246053914,54,6
906489261045311570,49,5
906489324963616436,32,5
906517975466816180,65,6
906518375834459083,53,6
906527905127037278,3,2
906532243043398981,2,1
907047217549081262,1,1
907055672427084464,8,3
907076669851246561,3,2
907078988285810871,1,1
907108631763184990,67,6
907125992998797022,2,1
907145899746368900,4,2
907158783443967171,12,4
907177018633905257,3,2
907189366659949082,16,4
907268530529627765,35,5
907323917527969716,7,3
907326610347124149,81,6
907636973240576786,1,1
907740026155863016,145,6
907801144582471524,11,4
907815878145700218,6,3
907818615402816736,115,6
907818812869949323,3,2
907859116646672150,1,1
907908806263517456,1,1
907941584838866830,54,6
907972040752852661,17,4
908015059811904480,2,1
908401858322040709,26,5
908426248351878547,25,5
908429692911808716,19,4
908431975930529445,2,1
908454083146267071,1,1
908458533850406342,34,5
908475060927579372,2,1
908504904686237849,9,3
908597478211457527,34,5
908633467963758026,3,2
908666345878000759,1,1
908702442333171163,13,4
908725747832834071,41,5
908790119970893798,1,1
908828129253187745,4,2
909000752938712013,1,1
909083572617351232,54,6
909097307434852962,42,5
909112136948967729,76,6
909181258645360782,31,5
909230526138401614,1,1
909237030988606249,57,6
909247971766884803,39,5
909283101271808848,18,4
909307442185263959,38,5
909318834636266855,2,1
909325787126489070,1,1
909346124088290174,107,6
909350739732229658,6,3
909369959351746537,21,4
909388743582141905,3,2
909445608934725772,22,5
909472849443596921,143,6
909500273755986997,1,1
909951188568422494,18,4
909972898323848944,70,6
909998909081986258,49,5
910079853314704109,55,6
910087105836031985,1,1
910125639206782300,1,1
910126061346805599,1,1
910139951587159954,10,4
910159691486341957,108,6
910214242091759664,1,1
910224130370738316,5,3
910325623374193068,1,1
910343198871566924,5,3
910624118986563699,19,4
910636819342061251,16,4
910641019407979456,40,5
910643808239004600,12,4
910651133246843775,1,1
910655111979752940,23,5
910674456601170458,61,6
910678830884935705,16,4
910680819716845008,1,1
910709849985476491,7,3
910717623228382631,27,5
910751464490593463,30,5
910766465758934859,3,2
910769591283027917,31,5
910789328826710675,1,1
910846596163873603,8,3
910859521060876164,5,3
911291456177924071,1,1
911436786762597198,1,1
911446319343424856,3,2
911472549682217385,4,2
911476132009708796,9,3
911478143081587339,2,1
911484009842384801,7,3
911493627335151751,13,4
911503349603551493,6,3
911508351477038882,2,1
911511215545201703,8,3
911514744137912754,13,4
911518964834769278,1,1
911520998480043512,47,5
911523330106018366,3,2
911541050615848198,5,3
912039208505319158,13,4
912063917162223439,42,5
912065166124264181,1,1
912071927299879947,1,1
912075040072394942,30,5
912077779814066935,2,1
912078588249087549,2,1
912081231121457090,35,5
912110194281909615,1,1
912118087085904419,41,5
912125435785375438,33,5
912130296196273604,65,6
912139765925456073,16,4
912145905866875412,115,6
912199609695993410,4,2
912201643613351312,1,1
912203063736821680,7,3
912223924427169379,6,3
912229105225454061,2,1
912234147360252015,3,2
912237218465181888,4,2
912250238432687007,15,4
912255997898827724,1,1
912261241386274198,1,1
912279558360274049,64,6
912282582473391401,55,6
912284677223337632,63,6
912297373370366190,45,5
912330298500271491,42,5
912355203361150119,7,3
912407757804793447,4,2
912518007788997154,40,5
912711083032871227,24,5
912771434532205202,4,2
912813068996046540,8,3
912836336277476382,3,2
912842973952073626,69,6
912861863834895402,23,5
912863390594487757,4,2
912867162998645910,8,3
912902514932460296,2,1
912903358300021074,4,2
912922151996707518,2,1
912928435641220349,3,2
912932082078696118,47,5
912941861499375517,27,5
912949276659422150,34,5
912970440849025799,54,6
913087002151765997,9,3
913087573891552359,2,1
913090910950215215,62,6
913104499468667917,5,3
913217719387290113,3,2
913236192256835568,5,3
913247365140099403,5,3
913300645472442700,1,1
913565022639693720,3,2
913577341670919270,38,5
913693571728661367,79,6
913750780583611874,4,2
913832009272175934,23,5
914032401077817349,34,5
914308023123121215,3,2
914315987175103732,1,1
914331973350652555,112,6
914339419271306096,93,6
914340055516593498,2,1
914345301155389584,21,4
914345468734606737,2,1
914387814143937695,1,1
914409538463870111,10,4
914412549729536051,1,1
914425703579567652,14,4
914446741294897939,11,4
914454366778452563,16,4
914461711874720410,27,5
914494761256088755,1,1
914499710060546738,22,5
914510952005964799,1,1
914528184930297571,3,2
914528690357815602,5,3
914553907471497046,4,2
914579356824070766,1,1
914633868163103298,2,1
914872797386939942,30,5
914931398398852697,43,5
914954384133611172,6,3
914987137872397212,34,5
915024914554203470,48,5
915084133013550302,16,4
915225094914719379,137,6
915229496860228170,1,1
915324023976758615,58,6
915517888349939915,14,4
915621744371186117,28,5
915622622453634047,5,3
915706981315041715,32,5
915743106176629151,5,3
915744377270613017,7,3
915800180332085448,4,2
915802642208049063,8,3
915817982162271014,7,3
915851567642617502,7,3
915856810034193056,43,5
915936926570680819,7,3
915940253330290683,17,4
915999858671362503,11,4
916389313879069066,7,3
916489354503866823,71,6
916604344370858395,33,5
916615863162752769,35,5
916650564565192528,2,1
916767414938976777,3,2
917049598346674145,5,3
917078312130623845,1,1
917103986969581261,46,5
917139217768798696,5,3
917148878058456754,1,1
917174649150753715,117,6
917180486201121400,9,3
917191492846162514,11,4
917213809444055379,6,3
917233397927405856,3,2
917238674845140429,3,2
917239824052975122,54,6
917264661124480425,2,1
917271630279151474,31,5
917312282808439596,30,5
917329813813736444,13,4
917345873385713927,2,1
917352456414974525,2,1
917376620951240479,6,3
917382092560351999,59,6
917382666473844563,39,5
917396897004531821,4,2
917399510331472223,1,1
917408437029164464,11,4
917413663112665846,1,1
917417880723810518,14,4
917524148820234958,53,6
917529811227148506,83,6
917780397062882233,12,4
917868940219446579,4,2
917912477632196938,7,3
917936463951811234,1,1
917981480807441163,2,1
918033147846736401,2,1
918058050412010011,11,4
918060058323225422,56,6
918110680956948482,3,2
918117657212394250,1,1
918126580155610832,48,5
918130846825342289,1,1
918130942027554509,1,1
918167275220538165,5,3
918200271381594900,22,5
918575316937211108,5,3
918593798285183295,14,4
918606943402451107,10,4
918609761371354533,1,1
918611582327686260,3,2
918628795935166996,2,1
918632782214177664,5,3
918638060128848283,26,5
918647843312535512,24,5
918648649770398175,52,6
918650548963738757,34,5
918672120851608079,4,2
918681120535049502,5,3
918716311764586179,1,1
918734232081368217,4,2
918735953664257584,1,1
918743043207601387,11,4
918748797562421708,2,1
918794989159733713,36,5
918799325199021040,43,5
918802194999349433,43,5
918802619487885951,58,6
918803096952186718,2,1
918803850423717972,2,1
918805786720088257,9,3
918835868076394228,13,4
918855821544026780,3,2
918902436288877052,17,4
918905147683602137,1,1
918907587978788045,7,3
918917026936941657,6,3
918928294650546368,2,1
918928663798373828,66,6
918928845121917290,1,1
918944898756049010,1,1
918945281115215043,13,4
919011514432295538,52,6
919210323650850388,6,3
919263749343026021,6,3
919318656270610916,6,3
919375404681453355,3,2
919412093423272698,2,1
919540966722960708,11,4
919612687911899578,3,2
919642171432714152,3,2
919654493723757324,47,5
919684446526659929,10,4
919687592111292314,5,3
919778798441333828,9,3
920002465335599550,45,5
920017892415816601,90,6
920026717189348692,1,1
920031198266868415,17,4
920035201036403453,35,5
920040891586199793,2,1
920042642464850162,156,6
920044192933899781,51,5
920047859603684344,1,1
920101781470080788,57,6
920129474539828664,1,1
920142371119471313,44,5
920163506138098328,24,5
920264631025719245,51,5
920371860425710643,2,1
920408175102385734,19,4
920568015280195931,1,1
920739012596186536,1,1
920744367214469196,7,3
920779401012963128,1,1
920808587991249060,11,4
920825452897141162,1,1
920849415554293363,4,2
920866529397082259,16,4
920887754171112944,25,5
920940352049484679,3,2
921011184340296111,2,1
921039415286611195,8,3
921052610526904465,6,3
921093084285807256,169,6
921095917942218218,47,5
921117099936979692,49,5
921361880186247944,1,1
921407618007387933,1,1
921422775878910809,1,1
921595266830941763,10,4
921598921603520772,13,4
921616712618371643,2,1
921620237468758992,13,4
921631409006560214,22,5
921646655357567825,4,2
921654821119083312,51,5
921727727257673942,14,4
921837621405360624,27,5
921855572510974061,1,1
921907313456774545,3,2
921917953891810052,104,6
922170255010988684,24,5
922170462190938012,17,4
922170468650902198,20,4
922170476843191539,1,1
922202443363783044,35,5
922242951448418403,1,1
922254272009547648,5,3
922260012710967026,1,1
922311226371548188,3,2
922334934373332317,1,1
922337661429673621,15,4
922417775375866199,16,4
922445319494721695,23,5
922487525610336333,2,1
922563688209125033,1,1
922565523126216310,10,4
922568189665380602,8,3
922639276999102253,6,3
922671927920373534,1,1
922684043757276719,36,5
922684051299606089,13,4
922803060040722950,1,1
922961970944260351,8,3
922995238232108254,2,1
923017087570447362,1,1
923119137822343684,2,1
923170972427162183,45,5
923192040257599137,21,4
923236744461316811,38,5
923262167204653466,60,6
923274527748101982,74,6
923313436342214739,32,5
923474398852709898,1,1
923742021638838076,2,1
923747911450550248,13,4
923756302554641428,5,3
923764476489634121,2,1
923804418014189512,58,6
923818493231869512,2,1
923844969059601582,17,4
923882021965531311,3,2
923901504181494824,22,5
923995425945431638,3,2
924046756681256656,1,1
924075894882984700,10,4
924232365240939181,13,4
924262234078527293,3,2
924375273596681743,39,5
924394433524710086,47,5
924494744055194575,26,5
924525518359426847,1,1
924556988989342621,12,4
924626954882347878,26,5
924631541228085121,1,1
924632797873928952,11,4
924645102796766743,1,1
924656139636572333,4,2
924663069557387489,7,3
924666426880721600,3,2
924682213067474698,22,5
925024129016326212,2,1
925148514905533278,3,2
925165560545034699,2,1
925166759477178331,1,1
925211444068947788,3,2
925255757494071391,4,2
925317277525852198,2,1
925339403018484590,8,3
925454165276032921,14,4
925857555091672335,6,3
925958526367381887,1,1
926070491533635617,4,2
926073982577279647,14,4
926208277397386710,10,4
926252366844398132,1,1
926698818384598506,1,1
926726957315823086,8,3
926753378089622534,1,1
926821588577745596,1,1
927247907647248187,43,5
927266044672672429,15,4
927273315685227073,3,2
927314754542639409,2,1
927360819219411136,1,1
927387546993250065,5,3
927467906728385573,78,6
927482449968882305,86,6
927491654423953216,15,4
927516262318341941,1,1
927524450824219245,10,4
927551305522469499,2,1
927562478442661668,11,4
927988609712598225,4,2
928014662913727938,3,2
928026500860016553,14,4
928068878541566650,10,4
928076769770472140,1,1
928081399190845012,17,4
928085774814614139,2,1
928092072705014883,1,1
928159006362095954,2,1
928171611960665139,11,4
928178296069429887,11,4
928211567606018775,27,5
928259417415832799,1,1
928293343645369617,4,2
928344224632084349,5,3
928600975481765907,7,3
928604760433935387,3,2
928643123633407894,1,1
928784107439550539,39,5
928809191336839387,1,1
928873345226932462,2,1
928924094118512655,2,1
928954055445323364,13,4
929072777917223483,3,2
929484826022972882,2,1
929505582169985963,16,4
929506838050560569,36,5
929634811752262822,4,2
929635155652768947,1,1
929737883131490044,54,6
929795450594575402,42,5
929810119831755416,28,5
929810130500150282,7,3
930147009950987926,8,3
930202323062909439,19,4
930212353151470618,15,4
930231344300583017,40,5
930239311328172888,49,5
930260174234932169,26,5
930264756952009034,3,2
930349566627708209,1,1
930393882015626887,2,1
930401037448876918,4,2
930438206307001355,3,2
930530885153303421,58,6
930907607040224311,9,3
930983830467580306,1,1
930989453100787854,8,3
930992847828094794,45,5
931001271819063942,51,5
931039098055201430,2,1
931047369833716130,43,5
931047758007586914,56,6
931096151331685031,5,3
931184498226451874,43,5
931206222479266407,7,3
931264337246138297,55,6
931675282029033405,4,2
931686703459336192,1,1
931709200751582091,1,1
931771705218949702,83,6
931886577992764343,20,4
931917385586294403,1,1
932045261097464417,1,1
932295911652405769,1,1
932361378507510939,13,4
932425425670240670,3,2
932612596147451710,7,3
932619390238154389,24,5
932650606280095838,2,1
932716337198250111,1,1
932726896756798087,1,1
932976665374228540,16,4
933071291517820327,6,3
933098082800516181,3,2
933107247141096161,2,1
933136916112570650,54,6
933182924025909636,104,6
933184023922226561,62,6
933197338946522729,25,5
933197617307022830,8,3
933233438965470682,3,2
933353878423234743,4,2
933367904102855862,1,1
933378049669605161,10,4
933424195864717061,6,3
933455106342454425,7,3
933506655581508211,1,1
933726082620939094,24,5
933795567306276006,4,2
933821903651906564,6,3
933831217998087461,1,1
933845221644684089,1,1
933864922155937192,1,1
933954108307462856,1,1
933965938613991896,1,1
933984174537949311,62,6
934024545375333517,52,6
934040814921770961,78,6
934042168769734138,60,6
934048644511338873,97,6
934051517768625956,96,6
934191096412180989,11,4
934442899808077196,1,1
934466723979353621,5,3
934491988031705942,13,4
934531698988455586,3,2
934581130806448418,118,6
934599505653475365,5,3
934619146573617946,9,3
934629509972557004,11,4
934701429286459224,3,2
934733807102270000,2,1
934735768998575326,2,1
934744475793190120,1,1
934928199484538510,32,5
934999446315720301,7,3
935249575919651131,1,1
935302952495802510,1,1
935312584596348692,3,2
935321907763308738,5,3
935322348671266222,4,2
935343245718393100,2,1
935345665743317463,2,1
935346653968279458,2,1
935347537180757347,3,2
935350304786251171,1,1
935359966839187793,1,1
935466187461704271,2,1
935478445160332329,4,2
935547489963971219,3,2
935552773397053091,3,2
935885466942116607,3,2
935966877700656280,4,2
936052861694047506,6,3
936066487900095676,170,6
936081382846157602,4,2
936090599216816343,32,5
936094499894677473,6,3
936146344650319293,1,1
936231979649365718,8,3
936260118122762615,19,4
936276949049722617,16,4
936733416556769798,28,5
936803502226215850,2,1
936817048645501846,1,1
936864842099378613,5,3
936893678930967533,19,4
936944626370502498,5,3
936978170343610364,8,3
936981242349892330,36,5
936992574165017897,4,2
937011640722464690,52,6
937048364892423739,3,2
937070791409940566,54,6
937125194026759256,76,6
937427813782529292,2,1
937430696846580866,3,2
937431772608824404,1,1
937443393961743421,1,1
937471046392488996,7,3
937483895826878704,6,3
937492868535808756,122,6
937501778398101176,1,1
937549245578147354,2,1
937592527015900524,4,2
937650218131018339,13,4
937783955524453733,25,5
938078792924406327,17,4
938078932381053694,24,5
938090773643712746,99,6
938137625429781335,9,3
938225405309032985,1,1
938243773799555397,1,1
938254118545722731,1,1
938284608021142559,10,4
938288273647870165,149,6
938472610248415466,1,1
938508948813871000,7,3
938544364124703764,1,1
938569948955973479,3,2
938652643780349939,3,2
938847540415925883,39,5
938857223110751379,10,4
938879983358074637,4,2
939057979886990854,2,1
939070767365996429,8,3
939070905790077703,15,4
939154553694131749,12,4
939177040952553702,1,1
939190541797267328,5,3
939327356264752906,7,3
939551148984118537,20,4
939569922598589717,3,2
939608641662923228,22,5
939643575249475240,2,1
939690407678675342,3,2
939705414813427290,18,4
939784846927055048,1,1
939845994569809628,1,1
939922009699401800,3,2
939983336550480978,1,1
939992939180155305,12,4
940046421883556483,4,2
940084437930381162,1,1
940232617442448033,15,4
940295785187560201,22,5
940298755373822169,46,5
940311435557315160,6,3
940382813731661712,1,1
940439140926585137,6,3
940455651370503729,2,1
940474783891332639,1,1
940492657202001082,1,1
940493274564476433,3,2
940496550704957216,12,4
940509351499880456,2,1
940516050705749518,9,3
940543541657854917,1,1
940658033553712577,1,1
940970759355295551,27,5
941053556582718814,47,5
941055028176839472,44,5
941098746026451414,3,2
941099836958358046,5,3
941140743064557699,1,1
941201731455739757,1,1
941202352017668316,12,4
941240383577548056,34,5
941329828617607840,12,4
941376574323297979,1,1
941405274954595165,3,2
941527803045371444,2,1
941540216047604383,1,1
941630822218491234,8,3
941814655379436628,16,4
941871422947685805,1,1
941897064231347870,82,6
941952269838381291,54,6
941958562695647044,4,2
941963831440870070,100,6
941966594698024650,31,5
941968255189423819,18,4
942003216844224879,2,1
942029642714100126,21,4
942036140154970484,1,1
942037389557160613,75,6
942070432769930321,17,4
942080310172279609,1,1
942146337224628416,14,4
942169174198702346,3,2
942377553113583374,1,1
942400479830760416,48,5
942429950261121703,93,6
942446524627203054,8,3
942459247905659566,1,1
942512001123866534,4,2
942526638563158413,2,1
942552288226646666,83,6
942586548140741387,25,5
942588821316913007,37,5
942639547388937712,7,3
942646297844499066,2,1
942672932272642607,2,1
942735758302074748,15,4
942765296934861451,96,6
942822778334634794,3,2
942840712017958618,16,4
943207432704537219,80,6
943281867518130343,1,1
943290220280197387,1,1
943296626442602093,2,1
943311541933194757,8,3
943340415890145045,1,1
943382001116154431,2,1
943406459458918990,14,4
943449499303886739,3,2
943479696412921908,8,3
943493922577583943,8,3
943508856778305750,14,4
943525734614137597,20,4
943534137476301074,2,1
943555580907098015,38,5
943585897661709782,27,5
943602254717928491,2,1
943628179859659359,16,4
943785344141787326,3,2
943846642766140934,24,5
943883942668680574,14,4
943944034885722367,193,6
943968164393988163,93,6
943975335027019540,6,3
943977024746964852,57,6
943990713322797506,1,1
943999319377276482,53,6
944020069465532391,3,2
944040105503556570,2,1
944048161086713685,2,1
944088477821871373,4,2
944121158785073266,3,2
944183532792054643,1,1
944187223326550777,29,5
944240826249555328,3,2
944354094310412051,97,6
944464025003700404,38,5
944485733854629497,42,5
944632666451622300,18,4
944636644815486505,54,6
944645296726527887,50,5
944668117983406859,5,3
944668684051529826,3,2
944669519472651001,1,1
944758784394861759,8,3
944793471631457791,52,6
944794985814812175,3,2
944796375909054716,1,1
944800935184757217,41,5
944804327720456265,50,5
944808277142558451,15,4
944880520009513628,70,6
944889750507595492,25,5
944906900589738027,7,3
945003494483563698,1,1
945257465163006176,8,3
945322951083882254,187,6
945346044585901214,7,3
945390090353426329,1,1
945398611037256682,17,4
945559187711814527,8,3
945602825988180797,1,1
945610512347415502,67,6
945674596757351872,1,1
945690514979799711,2,1
945900682666561484,1,1
945911717623584019,50,5
945965487065286155,1,1
946069594803224391,2,1
946090827667911410,4,2
946131262791471313,5,3
946202787631024453,1,1
946233136723474220,3,2
946236221838885629,115,6
946243625786349405,23,5
946250513802189760,72,6
946251037630761369,13,4
946282844651413278,36,5
946299193378518959,1,1
946382845480069934,54,6
946405843706720183,54,6
946420504822982868,5,3
946433769503256847,14,4
946462368762413562,47,5
946493946759856210,1,1
946847394636110023,30,5
946853593913620724,25,5
946857310129588241,5,3
946858281351848487,20,4
946861139839596104,4,2
946862725200525890,10,4
946865722498101246,20,4
946868107779469706,41,5
946871089655869395,40,5
946878180802011031,3,2
946979799704581450,1,1
946999458314217634,1,1
947072913199423773,1,1
947468060922760338,75,6
947515692923563038,1,1
947520235007685819,75,6
947546840494468473,69,6
947796425443695554,1,1
947898603751464487,7,3
947920105325115142,1,1
948259045415731479,1,1
948331143844402204,1,1
948370682003918339,37,5
948396918035721874,1,1
948399884202109745,7,3
948408562473277442,19,4
948474140268448776,1,1
948501252615074358,1,1
948530512025697228,1,1
948534274485170504,5,3
948596063147166321,128,6
948943769901373877,1,1
948983407971941122,3,2
948986703593316995,1,1
949046340344803965,6,3
949091530108713352,7,3
949146820557852769,1,1
949159800522667818,23,5
949167198214558837,19,4
949222951451515362,5,3
949270311127789281,47,5
949289483060761060,67,6
949319906504308367,1,1
949358371062559379,34,5
949375908433077200,3,2
949405615294752505,3,2
949449212562002391,4,2
949585777435819066,17,4
949699425856469516,3,2
949719068114619583,7,3
949801850034373272,1,1
949838625416986599,42,5
949872630182041051,67,6
949875730481602437,25,5
949878341781494678,12,4
949881220250457521,52,6
949891765294671509,1,1
949904817524653012,61,6
949966828274064967,15,4
949983243687378410,109,6
949989980201838757,274,6
950060044812777457,6,3
950082043338132533,11,4
950105175395647964,5,3
950592026607822053,2,1
950605077238227142,55,6
950610180627298512,11,4
950625214315467335,6,3
950628692286584533,17,4
950628950711330686,7,3
950666896980971113,33,5
950677361866220446,14,4
950714066418719200,13,4
950800413322863922,10,4
950842423329432974,43,5
951140899105118486,4,2
951212246073867831,2,1
951243150060231161,5,3
951259911076056118,6,3
951267058488442430,10,4
951278385718747287,1,1
951288058211323911,3,2
951292970034343693,8,3
951333779582772441,7,3
951341078597021838,1,1
951392401607367874,2,1
951395864449192930,4,2
951404538922041096,133,6
951463797559775337,8,3
951480061335724623,1,1
951503829207096545,12,4
951595814095451271,51,5
951623276803985244,1,1
951902216270741794,3,2
951991430211956990,3,2
952008275383584066,15,4
952040649099832077,31,5
952044369872191354,19,4
952108695080338985,57,6
952123001128812637,4,2
952149402961437719,115,6
952290253113927338,26,5
952320173771086498,4,2
952564377129687567,1,1
952621132191238548,12,4
952629303779077684,8,3
952652788615932878,1,1
952664797771844571,3,2
952679672164542696,11,4
952714402972021007,2,1
952742059022671254,42,5
952742219356511034,35,5
952756222372219133,2,1
952758315551958836,15,4
952794095829101453,2,1
952819328548536546,2,1
952828919349774427,14,4
952839104449629805,63,6
952841166435180540,30,5
952892951581239831,1,1
952895872427806609,51,5
952916768123672143,39,5
952943690987638433,10,4
952956742238729497,25,5
952963362331892942,2,1
952963778149328597,2,1
952965757353920919,28,5
952974717029382340,1,1
952977124769142808,13,4
952993414424666219,22,5
952997107160437117,10,4
953322360603737122,1,1
953354708274687745,12,4
953397466446621904,3,2
953405501478653565,14,4
953449530250624208,3,2
953473357329928212,1,1
953545488753002421,16,4
953552535586015389,15,4
953559404701225000,3,2
953562891123332514,1,1
953641507345385507,75,6
953661846621841558,86,6
953669895637208672,65,6
953680910982737852,93,6
953689131784876224,108,6
954195748512995334,4,2
954222559138662127,80,6
954300482624735037,40,5
954390567677721371,2,1
954418005172816286,1,1
954451028308154713,1,1
954526279797622087,3,2
954736589356138005,6,3
954816524687233432,1,1
954840697447023232,7,3
954876241985640513,2,1
954879542971461852,67,6
954891443147922747,4,2
954924420408999273,2,1
954937733262523490,12,4
954940639151611531,1,1
955086844559132469,5,3
955087462022537413,38,5
955099331660863223,1,1
955109380075409734,29,5
955118292428928089,39,5
955155058618927775,49,5
955197622387006483,11,4
955224011692818146,36,5
955658527126733274,9,3
955706214459515777,3,2
955715691694006218,9,3
955751654220212866,1,1
955838320584207940,26,5
956233359674274823,4,2
956275923516074027,3,2
956278560134960051,49,5
956293219186729775,52,6
956306633299814285,23,5
956307473757467458,16,4
956315350677093566,2,1
956326962177965045,1,1
956349785858682531,13,4
956366983884423773,92,6
956373752917633777,17,4
956434605399914073,2,1
956451133239401610,25,5
956513116868937167,1,1
956533725997130607,9,3
956623059913614013,1,1
956635887605861551,16,4
956888652594650992,4,2
956996461192599863,2,1
957005245039376740,10,4
957014935508768582,1,1
957135310424207011,3,2
957265679077051297,30,5
957707758130535483,16,4
957717029777243591,14,4
957736198183232022,1,1
957737987486896524,57,6
957755003443027527,4,2
957852655673823380,2,1
957882008785714795,152,6
957957313768526433,8,3
957975955560938287,23,5
957976677377112875,4,2
957976765937723521,3,2
957985789601697119,71,6
958008462409417791,1,1
958043714949523084,10,4
958064618320390142,38,5
958193513517727406,19,4
958430687208813404,3,2
958435010250241503,1,1
958495700524811574,21,4
958501567780975690,74,6
958569217009251629,6,3
958592479920887154,31,5
958625050839828984,7,3
958639886586887763,5,3
958641464561881970,4,2
958688250344122195,1,1
958745849897877738,15,4
958800668464194240,60,6
958890314077318154,1,1
958890640010256725,2,1
959202691676348838,1,1
959230378560539778,21,4
959234258471966036,4,2
959264136590467426,3,2
959410856459059841,4,2
959451000130950066,1,1
959500574156278648,7,3
959765359427806187,7,3
959871039571718859,83,6
959879149844722848,3,2
959888402102853813,3,2
959894620620741813,15,4
959918487057950351,1,1
959956256617085731,1,1
959961496657249115,9,3
960009195850059615,22,5
960126777564313039,109,6
960158118150480306,2,1
960202751523892969,45,5
960202923272559643,16,4
960287403940024108,55,6
960287685103131395,6,3
960594456207187163,4,2
960671738598096473,99,6
960707867624496894,6,3
960753220886350654,1,1
960754402025081589,62,6
960892499944109478,5,3
960894453338986574,2,1
960941496700190520,29,5
960960803872339734,21,4
961007515650847646,11,4
961084898642036188,19,4
961212662532406766,11,4
961305692396822776,11,4
961329361988428574,11,4
961357265912018556,4,2
961384827141963649,38,5
961409741340660565,39,5
961460959205508144,8,3
961469027564951985,21,4
961537491407539600,39,5
961538914960136399,1,1
961547370982694451,1,1
961549928258344148,1,1
961550588299754371,62,6
961604625590084603,4,2
961649349312542272,4,2
961706228778005138,17,4
961939903614564160,2,1
961951879417390061,4,2
961957109563946755,20,4
962144482691911242,2,1
962177874574327035,9,3
962186975380726186,4,2
962306980659365536,40,5
962396624382585984,2,1
962699496498742151,3,2
962767263323453746,38,5
962831797822323633,58,6
962858483078251858,1,1
962862886417444879,5,3
962900637804884302,16,4
962902401377049945,1,1
962963194781619826,9,3
962967702752504051,1,1
962993630767507516,3,2
962998947494259688,14,4
963045870464122818,1,1
963122743437697680,1,1
963419801983966528,2,1
963419986654463912,2,1
963478752074524547,4,2
963500917447472285,3,2
963514569130604965,4,2
963573100864235642,22,5
963573304335880861,7,3
963604418606772808,4,2
963685737851900497,47,5
963784316079127237,17,4
964134092946570330,1,1
964138803918741899,1,1
964277006089018636,47,5
964321066576978358,6,3
964437261512005003,15,4
964458982033985361,16,4
964472002737020658,6,3
964473884851308984,63,6
964597583054722771,51,5
964667740276226736,111,6
964681659954136608,4,2
964974747068081693,4,2
964986678825852014,5,3
965000029642300714,5,3
965047846397886238,33,5
965110062318863490,15,4
965179319921995078,25,5
965180649242677432,14,4
965211839714800585,2,1
965224779656774810,44,5
965241442560796621,54,6
965254265838479783,38,5
965265415711933861,34,5
965269761551335673,10,4
965288460552497694,11,4
965424853510305758,50,5
965645948964634735,1,1
965698136051230007,2,1
965717626183535186,44,5
965739580733210068,4,2
965761213013021813,59,6
965763086508866736,30,5
965793014115769102,3,2
965927424934662345,6,3
965928936838324874,13,4
965932710807649295,4,2
965938376081711582,1,1
966005680607409091,7,3
966145131397955112,18,4
966361850607592236,1,1
966381236907539843,87,6
966509018344663814,30,5
966549453851256572,57,6
966552483532777581,2,1
966570060690632630,99,6
966632365022377062,9,3
966635761656442140,1,1
967133143676160531,20,4
967208019694756226,81,6
967293852189589880,29,5
967361772893013053,3,2
967431888008864692,10,4
967446530297681876,67,6
967470960041293200,2,1
967473418597526673,6,3
967847801421178475,21,4
967886238825741237,4,2
967894574657979934,70,6
967900969785219438,24,5
967911181217854188,4,2
967919251359608296,16,4
967928635099101505,56,6
967961050141412587,108,6
967981273510980240,37,5
968020668459989514,71,6
968032911735848671,64,6
968048311136704346,57,6
968051260822736724,19,4
968058137148489020,77,6
968149232869024882,10,4
968550272453472685,1,1
968580457925564707,2,1
968584489776270643,1,1
968634137434488992,11,4
968668664712197378,11,4
968687584683150258,9,3
968703652517987771,3,2
968714532219616708,4,2
968738703006115663,2,1
969260640798018758,1,1
969261626627159102,1,1
969348526842728545,1,1
969380504395897973,12,4
969446757682517719,1,1
969462238576176572,45,5
969488208579075934,72,6
969582475175738236,1,1
969599939998383746,56,6
969674537191599051,1,1
970066492639142502,5,3
970159655093093076,8,3
970178274859503903,39,5
970306190633636872,6,3
970313343616479739,1,1
970340110681884442,16,4
970822166782107859,8,3
970831517883697512,59,6
970862582469663193,2,1
970991781296132121,98,6
971047882484071112,68,6
971424628418915262,2,1
971429844239251996,1,1
971456501769837386,1,1
971465838362027491,1,1
971499482685695705,13,4
971557767050407731,3,2
971588044181427079,1,1
971597462453964684,23,5
971658279464120726,17,4
971717057649028875,37,5
971784045398062031,21,4
971828715427405023,16,4
971949135273265719,3,2
972143873264715016,29,5
972154594634159353,36,5
972263876844960397,1,1
972294369710486782,80,6
972296769279281327,2,1
972370754110313478,12,4
972413662308951246,1,1
972442764962258172,20,4
972584248856043679,44,5
972834771070991151,1,1
972932654898891481,4,2
972937400801798638,21,4
972939256964614315,3,2
972942351374764764,5,3
972962899980280776,2,1
972983995144102128,11,4
973008401216838537,1,1
973065254790192556,1,1
973182329205725920,1,1
973468719360119809,52,6
973654961298456072,7,3
973766688331350369,6,3
973868592323266167,2,1
973903468841449871,10,4
973967989527190831,11,4
974308835681867791,21,4
974315214099817906,32,5
974398205514978440,7,3
974474532202621078,4,2
974546371363616604,2,1
974667522330629746,2,1
974759610665572080,2,1
974770766620445330,1,1
974791688152566759,37,5
974969783990792071,50,5
975176900984656477,3,2
975182118690443870,2,1
975186650166729303,2,1
975205336210358831,11,4
975244109536001211,8,3
975300004273118880,18,4
975306316121882879,6,3
975319251432545730,2,1
975365410564490721,9,3
975377937288612548,1,1
975392100575859515,3,2
975413054051079152,53,6
975437796476930886,1,1
975876344428563166,61,6
975892881885970058,32,5
975894337731314241,4,2
975894511401342009,2,1
975898608241997060,4,2
975946351637073005,1,1
975963674919573601,28,5
976023182126414763,1,1
976029074658966935,29,5
976031162075589615,2,1
976051533257261469,28,5
976072648980563548,4,2
976087555996255708,2,1
976133361261715557,6,3
976162282731842296,5,3
976219966185246551,22,5
976553630198025353,1,1
976558531961830219,3,2
976601407841045279,34,5
976631990719682772,6,3
976633880081539653,3,2
976755421733996697,10,4
976782022922617587,1,1
976883913230264246,2,1
976887722197132156,8,3
976957976830282890,8,3
976965014632381751,10,4
977191935069697987,31,5
977260815724006789,4,2
977283589679510789,28,5
977390411443455554,12,4
977397294859624749,34,5
977421773600543297,29,5
977488511408453725,19,4
977556974073729214,38,5
977578567961276809,21,4
977928185318505772,9,3
977945204022046751,19,4
978046058994596973,13,4
978104109810137697,1,1
978129611281078487,1,1
978137979883365904,1,1
978148550945601815,34,5
978198515747383419,2,1
978238766827025412,96,6
978341670911673733,5,3
978620192812198505,1,1
978658870264803831,1,1
978696074648458244,18,4
978735916854216854,1,1
978760311891610308,1,1
978851485755965199,7,3
978892658414316017,4,2
978900928485411936,59,6
978911971806872019,16,4
978921397990858049,19,4
979054442558978832,6,3
979397326209779156,1,1
979430402013911902,1,1
979501175225617639,9,3
979551661298890602,1,1
979598602401098139,1,1
979642090979539842,2,1
979646474293838095,62,6
979651166505889468,2,1
979685895454252757,47,5
979696989452251218,2,1
979766712487204103,2,1
979863843518623919,1,1
980177006633311974,9,3
980220264212068312,29,5
980279536691009441,67,6
980352742399454905,77,6
980367032914881695,76,6
980377609367963338,71,6
980378201777787996,12,4
980384482454000120,66,6
980385584712424016,65,6
980388418136788568,71,6
980391430363736129,64,6
980566845785257240,4,2
980576635536900225,43,5
980891517669988819,11,4
980901468403231608,16,4
980980250773773718,8,3
981017691497425479,21,4
981027760709191146,4,2
981038527935254536,2,1
981095112416961059,1,1
981166455120609837,46,5
981204431873151611,3,2
981209271161866913,33,5
981297165763843693,1,1
981579072713795660,49,5
981602698714181991,42,5
981603489146519829,59,6
981760603999412489,1,1
981766457549234737,31,5
981772561224475551,1,1
981785600353273937,1,1
981858503691354132,1,1
981897456528535792,7,3
981941738339116729,4,2
982019085624082355,32,5
982383026667510334,10,4
982551883129783913,1,1
982609423154774597,72,6
982621850626570733,16,4
982631172393129414,1,1
982678725204725863,62,6
982735830869096935,43,5
983007689101347151,8,3
983069023570010321,2,1
983081079671900866,8,3
983095631000907046,6,3
983128547038006129,16,4
983152173460653145,3,2
983153788822397589,4,2
983194884497072055,21,4
983202637818068094,16,4
983238893537081398,13,4
983307549288491424,3,2
983328816833004943,94,6
983389814478194415,2,1
983404204320704350,1,1
983409595580865539,80,6
983452824955541623,2,1
983708539863575568,93,6
983770364089084953,56,6
983790152187461409,5,3
983841078324862299,61,6
983866633030441599,7,3
983871723158746819,2,1
983909036680326873,7,3
983954202439958823,16,4
984015264299595454,1,1
984094888336304686,10,4
984117814862350027,3,2
984124380054673088,3,2
984132696282969628,13,4
984423885868248222,2,1
984551728410606077,1,1
984580562762319386,30,5
984582840054097088,2,1
984625882548025746,17,4
984692069805997600,5,3
984706623784959537,2,1
984819639306528726,96,6
984823456048902562,5,3
984945471949707999,10,4
985351260768828658,12,4
985391661798523849,3,2
985423772294145096,15,4
985457381020565070,27,5
985492198503518733,2,1
985538534697550648,20,4
985546696304576073,47,5
986021770052229383,4,2
986029097908801608,6,3
986089791134957913,6,3
986101013965692908,6,3
986103456255372628,1,1
986109550335973777,1,1
986110678653322887,1,1
986168160695930519,1,1
986181766515295863,9,3
986182861996207280,11,4
986249267260724137,4,2
986322480464649223,10,4
986614687236572499,8,3
986707360560475147,4,2
986732889397760107,14,4
986762315893562433,3,2
986796471490590812,3,2
986862792152595400,70,6
986881254528149988,1,1
986906330081795871,59,6
986921025411353809,4,2
986936459592166019,2,1
986949348019598495,2,1
986963566499799062,74,6
986966381461463354,5,3
986976894847279104,1,1
987006107620772071,3,2
987011548318711527,9,3
987018029758546101,31,5
987078694486859054,3,2
987344568538229165,81,6
987429814825027434,133,6
987435259429153923,14,4
987509891566603742,2,1
987540704643980763,8,3
987553236534550247,2,1
987564780779365966,3,2
987566742015125174,99,6
987579994104643097,4,2
987607564459273736,4,2
987634957253765788,9,3
987636372394036432,5,3
987636665043066351,8,3
987691822950452559,5,3
987693569484877338,20,4
987695191419114957,3,2
987697404364248366,7,3
987701237608486839,34,5
987704709116571808,11,4
987708754332997624,26,5
987715736935547061,10,4
987718509616515439,3,2
987728942406804963,83,6
987732197362672505,25,5
987742043789580677,76,6
987785467664090332,110,6
988117363887939238,1,1
988151962064566591,18,4
988173231981779645,96,6
988176958821301823,49,5
988178752120341661,1,1
988181169654118727,90,6
988195565996802536,1,1
988220016190004931,1,1
988282578366027533,3,2
988318416871823623,2,1
988425887385285322,35,5
988456693695557687,55,6
988484803891784336,7,3
988882286373294380,3,2
988890188266052054,1,1
988904949731003074,9,3
988924399961942541,1,1
988927975709990017,1,1
988932157510655661,8,3
988953330142547002,6,3
988992961150365830,40,5
989028338546793138,33,5
989035370876021887,21,4
989038372446150342,39,5
989053277043008421,2,1
989055138295113681,3,2
989132686716720267,79,6
989146310431671002,47,5
989155918651232952,49,5
989176706112338164,28,5
989181269728238318,1,1
989186368696626901,46,5
989207746620128792,72,6
989559932983935199,61,6
989573472821006775,19,4
989582802302512735,2,1
989605280799819166,52,6
989605306612411878,3,2
989643753171688330,5,3
989647656808693948,59,6
989710666428313186,18,4
989773426319010123,22,5
989802137772879481,5,3
989810395026465333,7,3
989817239290945142,16,4
989829824909621192,34,5
989857571749192854,62,6
989857753295533242,10,4
989868389608407087,1,1
989872356882806335,71,6
990262393432091468,51,5
990301489145611993,1,1
990361264773757664,3,2
990425774901735745,3,2
990445547033232910,20,4
990504691599220470,1,1
990532438418553240,6,3
990545222244969520,2,1
990560829853261819,1,1
990596877047735000,3,2
990660937639206725,12,4
990736959386301904,21,4
990746909170573365,13,4
990759027439194340,29,5
990767041655482464,5,3
991022691791509351,25,5
991027821370530892,42,5
991039766912180169,2,1
991056462738649767,6,3
991061984844504189,4,2
991072179612484523,7,3
991072222462489153,6,3
991073555957619876,10,4
991075389139629676,9,3
991121747677250088,20,4
991143051130109247,1,1
991159544531437358,20,4
991159577840593230,21,4
991159653452253351,22,5
991187693351381009,5,3
991272484370552757,3,2
991289782655351748,4,2
991569360820089327,1,1
991764227698600388,2,1
991772378105706082,18,4
991821410720153838,2,1
991832348630091414,2,1
991837474457402838,6,3
991887341822549062,10,4
991939338758365488,54,6
992019787467272703,25,5
992023389663447180,4,2
992063181695271198,92,6
992077635718147130,14,4
992079237477835710,54,6
992353003945110849,5,3
992494388458474119,7,3
992579063114673507,14,4
992590545336483243,9,3
992593601342515948,47,5
992602599190512395,33,5
992623845639837953,2,1
992649481410926263,1,1
992855873315434009,68,6
992883435135218877,2,1
993178079230889852,88,6
993212929100656199,24,5
993215929280690043,2,1
993223974347786880,2,1
993238924760026492,55,6
993271059964174884,1,1
993301063775430376,2,1
993364971896464533,56,6
993425416966339175,55,6
993426121834722765,1,1
993517723233070128,82,6
993542235285310834,47,5
993553709301722819,22,5
993562931771895660,1,1
993782773491488320,25,5
993945884223932625,1,1
993963844682248668,1,1
994009377895176381,57,6
994068536864212674,3,2
994070442383388009,1,1
994184839151287808,17,4
994197929100305745,4,2
994198045017205491,15,4
994255831380165954,56,6
994347529397288921,22,5
994661301384187911,2,1
994673147433097824,2,1
994679616471381357,68,6
994690701541572365,11,4
994734009020347191,1,1
994760821080448102,1,1
994765969033256293,1,1
994766242517059232,1,1
994774729555029220,6,3
994841759772292913,1,1
994859349958017600,4,2
994859851026355914,28,5
994968649331829990,9,3
995005556159136464,10,4
995037879468624948,27,5
995403579551833415,1,1
995405551242410494,3,2
995413924627763371,13,4
995526641577764073,1,1
995607364976572491,3,2
995627463222488950,1,1
995637412776993526,38,5
995695320990565435,43,5
995697536640679036,70,6
995722181761466075,26,5
995746092167134300,6,3
995803924272634800,17,4
996047858597492081,7,3
996142082486126134,1,1
996156181545108032,3,2
996163801800720478,5,3
996173372336125732,2,1
996206186678115056,1,1
996216500140396307,6,3
996258897316242878,5,3
996270584360279711,5,3
996274954943748395,74,6
996307632593708231,8,3
996347068081753188,1,1
996353815778820474,34,5
996376431985642261,59,6
996389697164244780,26,5
996392580224632396,39,5
996485991213594459,24,5
996558065075706923,1,1
996618432473343418,37,5
996637605067323234,17,4
996788214007129704,8,3
996790658894107673,39,5
996817063337141532,84,6
996821540926574905,6,3
996852758255693123,43,5
996854265732056623,17,4
996889251589212425,6,3
996918329752743133,33,5
996923646053937653,4,2
996925021980998887,24,5
996946094589615435,1,1
996964754069580979,4,2
997017749799535811,1,1
997023817863019829,94,6
997036933434307803,6,3
997129517852678011,2,1
997503225758113712,3,2
997538142949218563,1,1
997663963472605996,1,1
997688647566541631,1,1
997724417951430466,11,4
997761407990275210,32,5
997818685773164666,35,5
997825818371033492,43,5
997848304565662093,27,5
997858731686809992,25,5
998269674973285710,5,3
998333925141256407,2,1
998363741222325286,75,6
998365100268092819,3,2
998407320413620176,30,5
998410485006598721,86,6
998422877952793787,2,1
998424593578826650,1,1
998432486637984869,8,3
998435049721572697,3,2
998437325465730538,1,1
998442028934963305,3,2
998446645560972139,1,1
998450723564782260,5,3
998455161367824207,1,1
998497424345154830,28,5
998521505227874352,57,6
998522719700861219,12,4
998530360407824483,28,5
998538314634842474,16,4
998562231621792753,57,6
999077624583915118,1,1
999083675728629329,61,6
999111689383532345,6,3
999122035818457103,15,4
999133569971904470,16,4
999151309074655232,1,1
999158179807313893,2,1
999159991316769904,5,3
999177271118731731,2,1
999193583214695962,1,1
999213045438962201,3,2
999235661393415829,2,1
999354661244601696,164,6
999365982731888387,36,5
999373451659640604,1,1
999717870463500472,31,5
999887722966884693,61,6
999948743613075406,1,1
1000007138517260972,2,1
1000009544745458738,12,4
1000038008554838961,68,6
1000062323577036912,1,1
1000114424628940973,5,3
1000237010994751059,9,3
1000446881850781513,12,4
1000472961804336387,47,5
1000514436739051915,75,6
1000515312687092921,2,1
1000516261603568712,2,1
1000615034094675896,29,5
1000635706797029553,47,5
1000680463162681887,1,1
1000691821558030570,6,3
1000705645460688661,9,3
1000764295155667491,83,6
1000803553347100582,3,2
1001101337145864869,36,5
1001126743005383471,94,6
1001130001745794542,102,6
1001269654687992480,4,2
1001326458232519153,7,3
1001363405879241258,66,6
1001402487116100360,8,3
1001423561765144600,6,3
1001457037647238914,17,4
1001543061913310521,3,2
1002081540178735967,28,5
1002315808675974967,6,3
1002563786771340295,11,4
1002688535737232317,46,5
1002691280704538585,63,6
1002732837520135084,2,1
1002791095999986752,33,5
1002799331960331470,57,6
1002867176918405639,1,1
1002961347407830951,1,1
1002977794067953251,9,3
1003252221271875297,59,6
1003387028869597441,1,1
1003403701702479969,2,1
1003423416736742865,44,5
1003478364364192490,20,4
1003487632102138978,7,3
1003594433135354796,15,4
1003603442530012836,16,4
1003647167013036508,2,1
1003682592667544753,55,6
1003710397978074702,1,1
1003976425027697006,33,5
1004109479293681261,28,5
1004146498742005014,19,4
1004162938738176059,32,5
1004167706975816089,33,5
1004190726476004482,36,5
1004394064739257419,17,4
1004485097417270245,29,5
1004542813196014916,3,2
1004549486132817481,6,3
1004553637424332253,4,2
1004806614715134681,1,1
1004900590706669288,1,1
1005000890855759396,3,2
1005138712453816074,74,6
1005175473797468395,153,6
1005486203066522079,4,2
1005520437207097602,7,3
1005535136204696374,9,3
1005631720568267061,26,5
1005738248932320737,5,3
1005741323447320487,1,1
1005762587003501410,1,1
1005771448740383450,61,6
1005788816982085088,12,4
1005915704400279790,9,3
1006310747240374385,1,1
1006398859431694907,13,4
1006432437757067972,1,1
1006567049896096281,7,3
1006586475227819578,11,4
1006596434234900745,11,4
1006928678572579243,2,1
1007080782803654160,27,5
1007091923513893632,6,3
1007110988829968837,66,6
1007124478175002663,30,5
1007129372582717565,1,1
1007173312842343109,39,5
1007225039677919738,1,1
1007258640111029771,3,2
1007572847058069784,2,1
1007706736493995044,35,5
1007735738314111055,20,4
1007755245011202334,2,1
1007794869959021389,7,3
1007875130334710036,69,6
1008355923180839844,48,5
1008413408351992292,12,4
1008481277797783821,46,5
1008482119409652936,52,6
1008492045036792265,2,1
1008530764159401739,2,1
1008530794641261788,43,5
1008555424710218096,15,4
1008565139798321005,48,5
1008578009038677874,2,1
1008609284881077780,1,1
1008616844663014990,33,5
1008628359288671596,17,4
1008761580875310126,1,1
1008785640351899723,9,3
1008793236045826181,2,1
1009091733023059446,3,2
1009139171791004101,3,2
1009145797244247254,1,1
1009256332266296464,20,4
1009259051440538345,16,4
1009266987843846891,59,6
1009294202083611550,1,1
1009328733662288495,32,5
1009346459399156169,1,1
1009901160353511067,22,5
1009903309073319717,1,1
1009909207488452142,1,1
1009915929804896977,2,1
1009921443758542141,5,3
1009923609058441026,7,3
1010107202733341114,14,4
1010115284442814531,19,4
1010127777974364563,20,4
1010139269445687243,9,3
1010167327305128305,4,2
1010204775179760356,5,3
1010613756263163206,6,3
1010613809709214143,1,1
1010782742966490329,9,3
1010924703560785177,3,2
1011224681947767436,6,3
1011306202234038673,42,5
1011332262328411780,48,5
1011404530848717383,6,3
1011415862245738535,1,1
1011421302652606373,6,3
1011431200677554349,13,4
1011432364263959647,2,1
1011548204607170128,4,2
1011561404596060192,9,3
1011622254355646032,8,3
1011720507508975255,17,4
1011973022405527898,2,1
1012162511454895239,4,2
1012163493515030108,8,3
1012178598066555487,3,2
1012225859803709578,28,5
1012263389283136923,16,4
1012345955559236989,23,5
1012767389025670705,13,4
1012969184626432791,3,2
1013041697235240186,35,5
1013072281829747803,28,5
1013135430968913739,55,6
1013393730930769219,2,1
1013537762978392696,5,3
1013540904571398476,53,6
1013543597046639972,11,4
1013549442069802329,4,2
1013639715542409715,34,5
1013664547001165360,2,1
1013676372516605446,17,4
1013708362656590887,1,1
1013755123006923387,36,5
1013797475257594110,61,6
1013805122647917299,18,4
1013862649443828346,33,5
1014184254970423787,4,2
1014263192572716060,5,3
1014317464305752187,49,5
1014356370720632228,6,3
1014409523006323142,44,5
1014411584212641210,74,6
1014426203286444538,34,5
1014441303208523737,14,4
1014524657581762006,2,1
1014553420645265800,2,1
1014590985459250029,58,6
1014592167974597086,17,4
1014899196757479199,5,3
1014927579124302153,22,5
1014941160633598001,8,3
1015071561584530348,4,2
1015091210622779565,11,4
1015103446982209848,49,5
1015109705065939295,5,3
1015117661084601609,8,3
1015125598742713593,1,1
1015142681855406085,3,2
1015143372168085260,3,2
1015180647936056314,3,2
1015232272346508150,9,3
1015312320422464658,17,4
1015356704221874170,1,1
1015359906002737853,2,1
1015362321411303371,1,1
1015364652696871773,2,1
1015766880610116976,56,6
1015777443813874003,63,6
1015786698848525064,49,5
1015787592049474260,24,5
1015821940890616331,21,4
1015917807925557100,18,4
1015952655868225719,1,1
1016011804668070262,19,4
1016047083743020327,2,1
1016107837861173825,45,5
1016114312780287501,3,2
1016351809115064199,41,5
1016388348232838847,3,2
1016440481230502569,1,1
1016475832273589681,31,5
1016479372722064673,22,5
1016506673879869973,2,1
1016526505958037434,1,1
1016610853753831710,2,1
1016693931288498052,11,4
1016724040692646667,8,3
1016729685354900438,9,3
1017102912953076106,48,5
1017128421717821577,44,5
1017303957829581333,1,1
1017345054040254753,89,6
1017487368226130234,32,5
1017821745844435173,11,4
1017885247250637758,1,1
1017993523944115387,45,5
1018010859622922401,6,3
1018021812032505727,1,1
1018108703863693681,4,2
1018108955519878785,3,2
1018110721893698051,31,5
1018118763801035616,18,4
1018132832961721056,15,4
1018141372828960936,6,3
1018155836746380068,12,4
1018248387796532995,10,4
1018248602879525591,9,3
1018543950565464426,2,1
1018588303914213594,1,1
1018670465317331443,1,1
1018685674125159168,4,2
1018687819377637568,3,2
1018709993373129178,5,3
1018728662541535209,56,6
1018729717248906979,1,1
1018745204721695796,53,6
1018759316024949721,16,4
1018759452266983350,1,1
1018811674262668910,28,5
1018879081333033208,2,1
1018931123052945407,15,4
1018931129359571938,94,6
1018962343295800779,6,3
1019376393707513870,1,1
1019383158362358112,2,1
1019452560430858706,1,1
1019478653251859264,1,1
1020025257226719546,3,2
1020058490170912904,1,1
1020059951643690719,50,5
1020063734519771481,2,1
1020074367955133432,1,1
1020079613391523245,5,3
1020087761289022003,1,1
1020090012637367457,18,4
1020110038170967400,7,3
1020119107653442463,1,1
1020119896278960751,4,2
1020158279235531483,34,5
1020162627537101366,3,2
1020180456440241944,4,2
1020204826351618235,31,5
1020214165748882288,71,6
1020226076186895824,46,5
1020228056407742435,68,6
1020237506419621981,90,6
1020341357480576262,5,3
1020396029444422156,14,4
1020430073610350614,19,4
1020735435842995477,4,2
1020747564919081888,15,4
1020769476199763061,4,2
1020781044113511114,1,1
1020795271251855972,21,4
1020840152335700407,2,1
1020851775169133631,3,2
1020937073587321664,4,2
1020957360872424621,3,2
1020978025892880448,17,4
1021268815062601978,3,2
1021272587819717400,1,1
1021454719648612167,1,1
1021500789444849447,18,4
1021507483326972872,11,4
1021568714168087852,18,4
1021586208464334613,2,1
1021592389362975089,7,3
1021632499803486630,3,2
1021650316595649997,1,1
1021723843394716981,38,5
1021726371167039851,20,4
1021728976852344595,41,5
1021885819040472101,14,4
1022018584202120631,3,2
1022250490466083123,5,3
1022332286206367643,7,3
1022343608283798248,59,6
1022345067753987614,1,1
1022351511285975204,5,3
1022355626988367957,1,1
1022361591898048928,2,1
1022373310455639734,11,4
1022406025158061653,53,6
1022406512844231865,31,5
1022495225526920803,66,6
1022529628629931981,6,3
1022546882816042234,5,3
1022610449407031400,53,6
1022892956929733389,2,1
1023106921065180421,26,5
1023109335579746030,40,5
1023115227741326459,57,6
1023122711683647776,79,6
1023123793516127182,50,5
1023171012873584480,10,4
1023546218895077213,1,1
1023592107239249076,42,5
1023649017754477953,72,6
1023663114382066588,24,5
1023700132383944426,49,5
1023704575343300983,3,2
1023737201670536642,2,1
1023737512614273812,26,5
1023754408892958696,1,1
1023765889198157422,43,5
1023769396965169888,9,3
1023783309669779718,11,4
1023783345195810384,3,2
1023795524472111006,36,5
1023803363054543990,62,6
1023820866254431727,29,5
1023881436967363398,1,1
1023893293447397813,1,1
1023952128806034776,107,6
1024015369745505806,3,2
1024030128897339403,10,4
1024033316910308650,2,1
1024434953423295190,1,1
1024523119853724590,2,1
1024546486362722336,27,5
1024588810301029064,3,2
1024592792581385023,11,4
1024650213098204937,29,5
1024732631258448711,1,1
1024893075977947852,4,2
1025046441038793641,32,5
1025117400830697790,31,5
1025187550099012679,8,3
1025188703992527393,2,1
1025199146801803392,30,5
1025203683706003330,24,5
1025289645951760403,24,5
1025331614136474429,115,6
1025398153912521712,8,3
1025405544519910587,1,1
1025410274432797803,5,3
1025415152060439215,3,2
1025421286856391141,4,2
1025466005737209138,4,2
1025765400407229191,22,5
1025785136786081486,3,2
1025827062428327078,53,6
1025830794563639520,21,4
1025855947725517653,42,5
1025869855439439617,7,3
1025880058899904273,44,5
1025887900304756819,40,5
1025894249118696666,45,5
1025924627186954519,75,6
1025947446677395433,46,5
1025956411873951381,9,3
1026027571123390602,1,1
1026149037569847659,25,5
1026515280517461867,4,2
1026590375184571686,2,1
1026608187352723624,30,5
1026638339651109822,1,1
1026648582402361811,3,2
1026652085093789020,10,4
1026655678852640025,1,1
1026671839382368677,2,1
1026699318534793721,5,3
1026731022497238783,1,1
1026734579421725057,1,1
1026748442763336119,23,5
1026756182742462460,1,1
1026763162450448523,16,4
1026774314758499542,1,1
1026782355529122086,6,3
1026795864276429665,11,4
1026799174324123542,16,4
1026829713114445658,7,3
1026838935710766899,8,3
1026902020712542745,70,6
1026963400804345759,3,2
1027332258934331264,1,1
1027337451704831928,33,5
1027458906781787656,3,2
1027548399890510563,3,2
1027582478613229680,15,4
1027687653563413170,88,6
1027695017447683067,21,4
1027994741832673481,10,4
1028176631163523922,3,2
1028256183823659100,6,3
1028345563840876898,6,3
1028666458815162607,4,2
1028774567774630075,2,1
1028778683528300522,89,6
1028798807708736514,133,6
1028861004672390764,2,1
1028871052414686807,3,2
1028915387873610789,52,6
1028933716804619209,35,5
1028951542625713332,55,6
1028954659444043866,33,5
1028956916523831768,3,2
1028997780532691084,35,5
1029004392159833729,47,5
1029025958047586714,2,1
1029032410020504187,45,5
1029040521119057816,30,5
1029336272978419591,3,2
1029342505171021607,4,2
1029434448450159930,8,3
1029517013874315560,30,5
1029615368574220876,4,2
1029627266045825159,88,6
1029631836253096407,90,6
1029635258803853926,64,6
1029824618489311322,10,4
1029847576586149075,1,1
1029875701308784944,1,1
1030044746772348720,4,2
1030135434485893437,1,1
1030202947991056027,10,4
1030211655338651243,1,1
1030242924502220210,6,3
1030361325034437173,1,1
1030456921393848281,1,1
1030512524195604038,42,5
1030846016438799283,3,2
1030877146407196917,88,6
1030907068060409484,13,4
1030913011753290644,28,5
1030939873906424433,15,4
1030939880823280396,36,5
1030939886300918280,11,4
1030940131434564076,21,4
1030957621405058251,11,4
1030958153445387369,45,5
1031031666941437211,3,2
1031035415868924649,1,1
1031044810318087318,1,1
1031048424529118483,1,1
1031053689926016638,2,1
1031058959389919375,11,4
1031071876221746396,1,1
1031149670702955491,32,5
1031217908348191904,14,4
1031260352578227376,6,3
1031270050029533485,12,4
1031690059970938348,50,5
1031798194198014655,4,2
1031938628724282124,1,1
1032159580054394724,27,5
1032208470627553313,5,3
1032383074482558843,33,5
1032498240568055874,33,5
1032514534953847477,19,4
1033178001409311619,2,1
1033224664259262160,2,1
1033224703256489121,25,5
1033289645050755970,10,4
1033299060850727118,6,3
1033352413606574952,72,6
1033371947911135814,36,5
1033458809287758564,22,5
1033483105236451206,44,5
1033738302882443019,13,4
1033795424238662966,1,1
1033821382291454779,3,2
1033900455372190107,7,3
1034006758954186044,20,4
1034040773293852272,5,3
1034107152653154407,2,1
1034489057302355528,36,5
1034587944318184460,53,6
1034754790687055500,4,2
1034849492092121789,66,6
1034860112009719874,27,5
1035169517337203489,1,1
1035222734048791496,14,4
1035245203815699067,12,4
1035309235352184888,1,1
1035341417466821339,8,3
1035396154820894970,31,5
1035400466169579517,21,4
1035403402915488218,39,5
1035415586255304236,7,3
1035552506440443587,57,6
1035585113235631716,2,1
1035587645655723621,3,2
1035595033697014113,3,2
1035596974938853637,4,2
1035629734060586997,3,2
1035654535366846378,9,3
1035676855488379322,1,1
1036014886283700567,1,1
1036053499050734586,1,1
1036086446685091727,4,2
1036110343408992626,5,3
1036113122313811313,1,1
1036177331405155756,12,4
1036289862311545747,1,1
1036743299120064007,2,1
1036752294572566512,9,3
1036784517502692473,45,5
1036797734232194876,11,4
1036979128532401080,16,4
1037220910333793081,10,4
1037618520390997247,6,3
1037632945992132945,64,6
1037735914232177849,1,1
1037737690563734884,17,4
1037899252618453459,25,5
1038107084261558365,75,6
1038453894056681849,10,4
1038465410541813014,20,4
1038517660302382477,35,5
1038520907988365786,42,5
1038887352609446837,77,6
1038890563067287133,3,2
1038900710278095901,2,1
1038926754391751950,6,3
1038932938754361655,4,2
1038946797992290468,18,4
1039086746538650614,4,2
1039100913154766563,35,5
1039120846859905350,5,3
1039189921366421600,14,4
1039555519181546785,82,6
1039577803490167629,43,5
1039626559234119651,1,1
1039755855813688901,10,4
1039762445276933206,4,2
1039775954519604765,26,5
1039778354354515474,4,2
1039814721231682085,15,4
1039980173024348806,12,4
1040329011009035629,14,4
1040463214413075307,30,5
1040482760279136997,4,2
1040497184619149135,61,6
1040599495688066766,5,3
1040735154372857608,1,1
1040776332758810708,4,2
1041034759503033015,4,2
1041035722307857861,37,5
1041052569596640343,4,2
1041065718699828131,23,5
1041086204027698957,53,6
1041089909404347988,5,3
1041090518033952521,63,6
1041134612692026472,4,2
1041144953174537357,72,6
1041159405444207305,7,3
1041214356592213332,1,1
1041216273993760402,51,5
1041384969179609325,47,5
1041641600282085496,55,6
1041672694574801198,81,6
1041729435660156799,34,5
1041834772897480893,17,4
1041835390616767013,4,2
1041894304364751065,23,5
1041957132263733745,15,4
1041992920647909039,1,1
1042037046402885225,12,4
1042511104289189210,6,3
1042550734426548224,18,4
1042566544046472804,3,2
1042584107296318763,22,5
1042961924299695816,7,3
1042973895796032436,4,2
1042979678333313345,2,1
1042984297855811819,4,2
1043003363152570143,3,2
1043201049524976382,2,1
1043312870052041686,3,2
1043321183654482617,4,2
1043527696246886275,31,5
1043537216062688375,1,1
1043541552438246066,2,1
1043639811859899853,9,3
1043642858505029793,32,5
1043646657555775404,11,4
1043863680383808119,15,4
1043985969137175381,66,6
1043999001638801224,7,3
1044045175256626040,15,4
1044053843882704903,5,3
1044069970253151445,1,1
1044202557937919157,75,6
1044251005901439780,1,1
1044257687314310810,2,1
1044271548045768986,1,1
1044502596133974501,84,6
1044662627096566040,1,1
1044686326631859030,48,5
1044737425419422007,6,3
1044809372651560746,6,3
1044886317568220955,11,4
1045064052278086030,1,1
1045401506676254623,40,5
1045413530542671833,64,6
1045516549203841173,40,5
1045546052962173001,59,6
1045656213635322590,16,4
1045738883631367289,1,1
1045782384354868603,2,1
1045786250989766122,2,1
1045860252460400365,1,1
1045968467562782421,43,5
1046220253650361533,21,4
1046236302488696846,4,2
1046284722676530177,2,1
1046771337132274474,3,2
1046849333453999727,1,1
1046880091285517718,47,5
1046932598199567375,9,3
1046966764698267302,1,1
1047157709129985887,10,4
1047488859411140291,1,1
1047502512051529397,1,1
1047525477433991794,1,1
1047744555856498416,2,1
1047800896415654808,1,1
1047819938971383770,56,6
1047912260699167245,1,1
1047999481340755438,2,1
1048234069434820782,7,3
1048328776309091347,24,5
1048390622148352502,1,1
1048463083694830129,10,4
1048573667093134212,52,6
1048579494571743556,2,1
1048700088453100763,132,6
1049009350174240058,8,3
1049107058647383064,4,2
1049159023540583454,13,4
1049269826680556787,2,1
1049396772448310764,2,1
1049397110360424030,65,6
1049734145340223842,19,4
1049839495923206491,53,6
1049853999992487949,1,1
1049919495887377932,1,1
1049970502139245871,7,3
1050011342739705885,1,1
1050030139940536033,21,4
1050063305549324969,1,1
1050542566865395143,2,1
1050553619517185164,13,4
1050570171940069532,11,4
1050665521903705370,55,6
1050709943121227458,1,1
1050740025111068266,12,4
1051068075063578705,2,1
1051198070101826439,1,1
1051431494876352815,1,1
1051450287155278050,1,1
1051462287314704529,84,6
1051478974094884655,1,1
1051505569279725762,4,2
1051515038131144626,75,6
1051764799082830475,2,1
1052006850787354515,93,6
1052019804782210431,47,5
1052023038060206306,1,1
1052023470820959422,19,4
1052028454978537981,1,1
1052036407483144768,2,1
1052036791825439714,4,2
1052060465384204183,4,2
1052065977921473167,1,1
1052079909473322400,7,3
1052183582505108233,4,2
1052189732228815086,10,4
1052627226542784774,32,5
1053003052105332939,7,3
1053062736352594671,97,6
1053235995382729695,3,2
1053429535081771820,1,1
1053507058743506309,22,5
1053550068625407471,4,2
1053684510048959308,16,4
1053773038594156252,8,3
1053785766995757420,52,6
1053806941403988644,5,3
1054123097793991100,20,4
1054136124667828011,1,1
1054161112136306279,53,6
1054202084620004650,1,1
1054208542182368889,1,1
1054223893888426155,2,1
1054237603285873642,4,2
1054263635605653646,27,5
1054351513973203525,3,2
1054379057151989961,2,1
1054391397451110757,19,4
1054400667767374469,21,4
1054430094500808687,37,5
1054435004933702493,28,5
1054438961090712929,11,4
1054440832577378579,17,4
1054443206690143069,54,6
1054446443353656617,32,5
1054451087204680284,79,6
1054454663405495404,12,4
1054456550139503243,34,5
1054468183447455163,76,6
1054471148306713225,86,6
1054473994985247221,27,5
1054476121747648628,9,3
1054478955186737459,67,6
1054493410295263997,10,4
1054560236372144156,2,1
1054795611573307790,23,5
1054950110917780702,37,5
1054999367296019099,37,5
1055039543048380423,1,1
1055141585989645953,7,3
1055255060123429041,1,1
1055584959635359977,2,1
1055644577596390146,3,2
1055698202411130850,24,5
1055706339724924452,10,4
1055778346946777262,9,3
1055809371865700682,20,4
1055826830047983782,25,5
1055830033398347303,8,3
1055982443883487945,3,2
1056210563438113198,6,3
1056320562545940086,3,2
1056355597870798636,3,2
1056375168908531646,57,6
1056394205565945636,3,2
1056394521169279410,40,5
1056437897507572327,1,1
1056475863476502914,5,3
1056548866907205075,3,2
1056551908278928611,54,6
1056554914569045669,20,4
1056691462573988584,19,4
1056948141917339992,3,2
1056952676977439360,44,5
1056969256453770658,8,3
1057286180396409438,1,1
1057346883595679164,30,5
1057686692482410181,19,4
1057782526711175199,4,2
1057790379424776459,49,5
1057810940472680542,4,2
1057829983577109885,1,1
1057839664933473518,32,5
1057845133057218192,29,5
1057894017586429818,24,5
1058087231593406284,164,6
1058103366352611075,73,6
1058162974711478767,1,1
1058169480192550389,1,1
1058527945597507756,2,1
1058706298044139570,5,3
1058726715642839365,4,2
1058733384178188283,6,3
1059212269875087587,2,1
1059390359477683900,1,1
1059879488495650249,3,2
1059953010467618272,80,6
1059969622291319955,21,4
1059982453558640688,30,5
1059983296105156226,3,2
1059993596577525682,2,1
1060030646790500931,3,2
1060056185165179751,5,3
1060056192552545032,4,2
1060185611655871559,57,6
1060207425160989032,1,1
1060567955515148002,10,4
1060640838918140973,3,2
1060651262051782663,2,1
1060653056221804114,13,4
1060681612881139042,17,4
1060886322958449802,1,1
1060970656809392234,3,2
1061385373766605809,14,4
1061394890889829377,5,3
1061405828338095250,1,1
1061406344441434498,3,2
1061427458608955928,3,2
1061441597159967773,11,4
1061471600057558949,78,6
1061494927837536396,121,6
1061762623563016319,24,5
1062068377387720055,73,6
1062102697986883050,8,3
1062107686537005640,18,4
1062196309047200912,4,2
1062213842010024561,2,1
1062307842773789394,3,2
1062818875155833864,10,4
1063083050818150910,4,2
1063582234228553884,66,6
1063611943146148139,20,4
1063623002991415658,11,4
1063843560922709340,29,5
1063955986382095790,27,5
1064044373248078018,3,2
1064178143115782362,2,1
1064181394690183970,48,5
1064267825153659805,1,1
1064390755820171953,1,1
1064410690535415944,1,1
1064418793251392641,47,5
1064425335892343456,1,1
1064426158688901657,64,6
1064438874100780692,19,4
1064443057766197536,18,4
1064446447153754114,58,6
1064451272969384764,61,6
1064455828676910682,59,6
1064511080190698461,22,5
1064608120423016055,7,3
1064622162079980095,17,4
1064623676008400355,13,4
1064626913106191124,6,3
1064628176381589175,8,3
1064630030928564532,6,3
1064771051433764061,16,4
1064772201153205679,6,3
1064886286026574263,5,3
1064900914958350129,60,6
1064914609233273728,43,5
1064934877071644737,67,6
1064945776565948250,54,6
1064954526473499447,2,1
1064964429454817081,55,6
1064973122538900965,69,6
1065039545384924833,14,4
1065053585247139490,2,1
1065075665289619522,1,1
1065084376601110438,2,1
1065093635250366376,2,1
1065265637018882771,4,2
1065295446507294828,1,1
1065774139118433120,2,1
1065780294052514719,13,4
1065785401595021755,3,2
1065808234417615820,1,1
1065823051266449118,8,3
1065834003694835638,1,1
1065842461388849879,3,2
1065852823826657954,32,5
1065907054319653815,1,1
1065970904234750923,71,6
1065998309735304289,69,6
1066028589448383697,73,6
1066374763848878671,97,6
1066397239068361345,3,2
1066405018148918770,1,1
1066483021091589899,1,1
1066488475130829711,1,1
1066506643252711845,1,1
1066565152875884950,1,1
1066609929633062485,1,1
1066672458802928271,61,6
1066683254807513407,51,5
1066755467596565192,15,4
1067116507207781256,8,3
1067137665836244570,1,1
1067154127198038785,1,1
1067234175669539129,16,4
1067238775006236509,2,1
1067240633711875083,3,2
1067246511377573968,2,1
1067257695390513021,1,1
1067259585340840514,19,4
1067324833987686465,3,2
1067344993887715358,1,1
1067440151146348144,34,5
1067444712953844641,49,5
1067447807231258722,47,5
1067876657167938575,6,3
1067903821523228161,3,2
1067935572856527186,3,2
1067956647454433824,9,3
1067967354459190195,4,2
1067976121299132643,18,4
1067984509985635049,3,2
1068006693157617159,5,3
1068022732257636785,98,6
1068130290696553014,3,2
1068161193952314996,12,4
1068246772137132622,1,1
1068777721316002612,1,1
1068859374791002104,3,2
1068900877476477164,6,3
1069430381670242556,2,1
1069474569624017964,3,2
1069483813427559233,17,4
1069525290962580098,9,3
1069588345297482387,23,5
1069668359144601183,35,5
1069995546223719060,5,3
1070002440034983883,1,1
1070008128075538788,2,1
1070032026914344322,6,3
1070034910394603428,3,2
1070118847427103594,10,4
1070279192057606552,1,1
1070334932719754410,7,3
1070369865553021947,4,2
1070380839510469637,1,1
1070387371923317389,8,3
1070467495138864343,83,6
1070495376956315362,92,6
1070513501236538862,91,6
1070807766662475213,1,1
1070845902201075809,11,4
1070855996885833389,5,3
1070861366540727508,1,1
1070920408072831476,6,3
1070924888176378740,1,1
1070931567261560656,22,5
1071030409652688372,2,1
1071459392779944364,1,1
1071547136774845742,41,5
1071775779852623698,33,5
1071788529545704521,27,5
1071797852066984403,25,5
1071811659097444082,25,5
1071823186476577204,14,4
1071837710712776606,24,5
1071848934778968914,10,4
1071885539752272354,32,5
1072213751573959742,42,5
1072224332101678418,48,5
1072232289576207820,23,5
1072232299908696710,34,5
1072368881675244189,29,5
1072382903374830792,1,1
1072438387727607679,14,4
1072459115145176331,2,1
1072541347814322634,57,6
1072862181696792991,1,1
1072920064541149901,1,1
1072974428793429135,13,4
1072996422772502357,6,3
1073077498918380114,20,4
1073096482945110880,4,2
1073099700173098867,2,1
1073117072034549572,11,4
1073125638511806192,1,1
1073133404491604616,2,1
1073174662826370725,9,3
1073191202905529540,1,1
1073254142091782310,46,5
1073256600394959495,4,2
1073267584062167653,6,3
1073322416933327230,2,1
1073366823876362977,19,4
1073564208601764359,2,1
1073732843432277037,1,1
1073745565474814118,23,5
1073862071394563332,3,2
1073902840786212587,84,6
1073963463861757759,1,1
1073997016543640704,17,4
1074114819475087688,18,4
1074350159010739383,9,3
1074441999671984728,3,2
1074451364055298694,2,1
1074460699382514093,2,1
1074515869916634946,1,1
1074529173386321344,1,1
1074561464138237071,1,1
1074582748617763530,1,1
1074672842642949662,21,4
1074708983844123345,1,1
1074722871357437000,4,2
1074724942739747405,8,3
1074734870366262800,1,1
1074769572930303999,73,6
1074883044437883715,1,1
1074883153026310657,1,1
1075075352957089422,46,5
1075089813979357634,44,5
1075119175706242583,3,2
1075161998248396957,14,4
1075218951950877288,4,2
1075230685559521892,4,2
1075406899058396040,3,2
1075432972988023769,8,3
1075481741735383866,3,2
1075851961558653138,24,5
1075857687105766107,49,5
1075866402622312018,62,6
1075882346514620711,1,1
1076051975392222366,23,5
1076420564716781011,61,6
1076511265149112864,19,4
1076557905658749286,4,2
1076580040063671349,1,1
1076588390065733871,8,3
1076633689111063215,24,5
1076649597506170153,6,3
1076722674977302139,1,1
1076737891359198635,2,1
1076821470542523076,8,3
1076933107147035526,3,2
1077307855766633411,1,1
1077450770527375234,41,5
1077456463180683863,8,3
1077568649964242180,41,5
1077700880219383670,26,5
1077765138080116310,1,1
1077951717477236732,2,1
1077974009755834116,7,3
1078109164519559469,15,4
1078117123670561968,4,2
1078120008209776669,1,1
1078140754911278450,1,1
1078301258816883521,1,1
1078488316293212059,61,6
1078804075539999514,58,6
1078817433928705439,2,1
1078829016376257829,25,5
1078861704002797709,43,5
1078872402341365064,42,5
1078872445023179127,44,5
1078942476343238088,29,5
1078960929891632521,1,1
1079162693880946529,1,1
1079606266423535367,39,5
1079654122795312200,3,2
1079749333071750479,4,2
1080347360143451066,1,1
1080503108712185123,18,4
1080639913417488003,4,2
1080954775629512646,3,2
1080993070945324497,1,1
1081156972443236622,36,5
1081181839414126033,84,6
1081195837375243733,84,6
1081207174971482342,76,6
1081212125988607687,82,6
1081216712693174668,69,6
1081338347746259171,3,2
1081647474411266921,26,5
1081653409672881485,2,1
1081728944834591840,48,5
1081745079834999174,58,6
1081802567073368719,5,3
1081807151614398781,8,3
1081824074495949195,23,5
1081930049676966495,21,4
1081936898051508809,1,1
1081944779385938281,1,1
1081947059789905657,2,1
1082000321595974692,5,3
1082020829340192870,1,1
1082056852851897544,22,5
1082361099329886831,30,5
1082418584907176892,55,6
1082477818511486704,4,2
1082514065152137681,32,5
1082609247067170181,20,4
1082629354401036525,58,6
1082688864397495770,9,3
1082692427112697435,7,3
1082695007072318047,8,3
1082697911001741564,14,4
1082717800531711032,1,1
1082727206407107545,11,4
1082735802098870394,14,4
1082755976526887171,2,1
1082756244944822477,16,4
1083119060456206480,35,5
1083277360147995444,59,6
1083287983727788528,25,5
1083321349709021313,25,5
1083334283484009170,28,5
1083348846407262169,35,5
1083359054160484843,17,4
1083404538016637697,5,3
1083876719685267968,1,1
1084057778184251772,12,4
1084426537854958788,18,4
1084538254962502877,7,3
1084709004489155518,2,1
1084863260570963963,1,1
1084888370429863089,2,1
1084891286657724128,2,1
1084892487581731645,1,1
1084895883829690453,2,1
1085217734323502884,1,1
1085291995310269943,3,2
1085338341410172917,8,3
1085346287689913214,13,4
1085377449783477122,4,2
1085596166677403089,72,6
1085604890662172699,2,1
1085673126827263666,2,1
1086013307580336662,11,4
1086075947375997849,5,3
1086118781737909062,45,5
1086186958495173812,1,1
1086269098649887518,49,5
1086277000789289081,27,5
1086336709957666420,5,3
1086625309549888634,1,1
1086630198090845031,1,1
1086714867694352367,18,4
1086735518365083505,11,4
1086753379368091427,14,4
1086758887002557730,5,3
1086764645957717020,8,3
1086765587880716522,62,6
1086836679155327928,5,3
1086845813723882503,1,1
1086858965213685950,4,2
1086919056378660493,31,5
1086970456725101795,1,1
1086975166286001563,1,1
1087011430242878789,5,3
1087072486919628267,1,1
1087359162047108910,35,5
1087497111131723444,53,6
1087499177606218137,3,2
1087499327875173693,14,4
1087572009142215327,7,3
1087579418744854311,3,2
1087594381834921422,4,2
1087714432153663846,1,1
1087714436238915943,2,1
1088128084614342102,18,4
1088150697859155602,18,4
1088152404429165859,24,5
1088156813827437348,33,5
1088167575307262716,34,5
1088169385475296987,42,5
1088172867175890368,83,6
1088176558510816942,5,3
1088188740781753168,5,3
1088367970472150054,1,1
1088374108210613166,36,5
1088430391448326920,48,5
1088463429757145807,51,5
1088560233248846418,25,5
1088675617936576068,4,2
1088823592810152049,1,1
1089104878839052285,1,1
1089216404565355043,92,6
1089580533632573730,1,1
1089582525917083283,19,4
1089596694949842583,10,4
1089604831363726539,17,4
1089625064162299751,2,1
1089625768222995520,8,3
1089652274328371179,8,3
1089663332295347930,3,2
1089685787131929310,3,2
1089694522782311627,9,3
1089731822812016358,7,3
1089731953847745858,2,1
1089743491922396116,23,5
1089762795198381042,1,1
1089829428588399935,1,1
1089849459153040424,1,1
1089862760626901323,57,6
1089881107912574467,92,6
1089928286710590892,34,5
1089957160348859729,1,1
1089983394978829723,11,4
1090033355061404091,4,2
1090262258505537755,1,1
1090278766072770486,37,5
1090447022187484741,1,1
1090451921051296234,1,1
1090528627226468330,4,2
1090540239355284143,19,4
1090596806915106449,1,1
1090693239530730367,3,2
1090758996634707938,6,3
1090963791154078462,53,6
1091023806793116816,1,1
1091078623542477290,35,5
1091131314480299948,11,4
1091140803764709930,1,1
1091230512962883780,38,5
1091234469399345274,7,3
1091237660840399974,8,3
1091239181909682964,18,4
1091264248705018570,85,6
1091328680546490814,70,6
1091567766041297620,2,1
1091762955905670344,32,5
1091827992330930653,22,5
1091839049607162525,1,1
1091851994140529940,20,4
1091858489209911514,8,3
1091862847409259794,30,5
1091866956441773298,1,1
1092004769809798810,5,3
1092052720843960213,1,1
1092156790263863596,76,6
1092173472182579699,48,5
1092225219771638942,5,3
1092610492706671953,1,1
1092635387420827642,10,4
1092780224028547906,17,4
1092828497842136169,68,6
1093252884357623785,1,1
1093352601508313271,2,1
1093380492318138245,18,4
1093408170924169551,4,2
1093429165550630410,64,6
1094039747768376520,1,1
1094143677358552248,5,3
1094303241429950128,1,1
1094742390175774667,7,3
1094808239997331477,4,2
1094933891423386786,4,2
1094983389801667579,4,2
1095024780623231491,9,3
1095025702771146275,77,6
1095035218749305738,1,1
1095089264385691863,8,3
1095119771567792154,2,1
1095305634324094673,8,3
1095326898724477240,4,2
1095487484473942433,6,3
1095574620264582183,23,5
1095723988355210780,58,6
1095777783967604973,11,4
1095786032200298143,27,5
1096466506446819691,1,1
1096519480410843817,9,3
1097006904853278009,30,5
1097039591963427604,2,1
1097057612318110765,1,1
1097061044993283747,36,5
1097179082168403601,1,1
1097191340768852363,72,6
1097557617877382001,10,4
1097651336729269768,2,1
1097770640577813770,22,5
1097912864142961391,2,1
1097929012782791465,46,5
1098319776835571745,2,1
1098351394027473566,50,5
1098555979652770807,4,2
1098677850834804280,49,5
1098971851140151516,2,1
1099022051739100947,3,2
1099147459330376540,1,1
1099232310533033056,47,5
1099239877832424651,1,1
1099335161674089958,5,3
1099368613534226648,71,6
1099418553712674023,18,4
1099749324558301999,1,1
1099757529336381115,30,5
1099819169647318495,69,6
1099830499287921469,20,4
1100000972293512433,14,4
1100112422445710232,1,1
1100413599644601393,26,5
1100485194759172971,19,4
1100519815798629835,6,3
1100571815007858290,10,4
1100651961582177448,1,1
1100688447093607285,5,3
1100778765878951636,35,5
1100779109073343554,27,5
1100824107784740064,23,5
1101163263231395583,13,4
1101192206092592440,7,3
1101198920364060946,10,4
1101205824745566847,12,4
1101258421621548949,1,1
1101261209753364182,3,2
1101412893280772038,7,3
1101415107615745045,8,3
1101422040217429190,9,3
1101522705769110178,1,1
1101624588437877739,8,3
1101971918844469106,79,6
1102594307474464956,1,1
1102678751375322974,6,3
1102759146227655650,27,5
1102781931084135658,14,4
1102806100087645369,8,3
1102831682264661071,81,6
1102883410974913680,2,1
1102915928085966888,2,1
1102941338331883652,3,2
1103021542087330199,83,6
1103036528553488805,60,6
1103167163091908310,16,4
1103309023644618402,1,1
1103343013338360934,39,5
1103366337265947251,2,1
1103379363877453523,2,1
1103418492198083261,2,1
1103435060414474043,1,1
1103457930746847922,7,3
1103470076574037752,34,5
1103570971947070083,9,3
1103592410187579796,66,6
1103697187777648124,42,5
1103733889228901161,1,1
1104272793216488381,9,3
1104277307878011684,6,3
1104282338228066943,10,4
1104463158422867004,1,1
1104485470069938069,43,5
1104857535543752493,14,4
1105014073671918489,24,5
1105078153124262981,2,1
1105126761811580560,1,1
1105158456720724696,5,3
1105204476956494239,14,4
1105509791592968200,1,1
1105739998898928047,33,5
1105743495798521069,1,1
1105755010160873204,7,3
1105763097978426606,12,4
1105780558140072307,4,2
1105794805236927884,2,1
1105877415265247653,24,5
1105898074561706380,50,5
1106293655557429967,9,3
1106374890006461782,65,6
1106410746843029515,2,1
1106411632054546399,3,2
1106478618222725660,20,4
1106544345983185079,1,1
1106556324980760529,4,2
1106556909861366962,5,3
1106561737121652718,15,4
1106570220942136052,52,6
1106636995008303243,2,1
1106644007935566427,1,1
1107076518922904321,12,4
1107077109308458317,71,6
1107107788013451496,12,4
1107124498744125252,62,6
1107150671320871100,6,3
1107152741647064824,65,6
1107167481756905983,1,1
1107169472997536724,1,1
1107185829635839182,4,2
1107186801942865178,10,4
1107201390735720727,30,5
1107210094318047136,5,3
1107222260478965417,1,1
1107244617265070670,5,3
1107303133181392074,1,1
1107864657300330707,1,1
1108030867708612659,4,2
1108477157017440003,3,2
1108542278848674492,22,5
1108561260306872809,56,6
1108604487489344385,15,4
1108655368210457520,3,2
1108778586075508225,1,1
1109185011986336940,40,5
1109250195191872232,7,3
1109390596952517779,2,1
1109410403679737908,116,6
1109433543511752042,19,4
1109545657673192104,59,6
1109891274357141668,43,5
1109926096058559374,4,2
1109930571832783715,19,4
1109936778348261530,8,3
1109951385089621868,18,4
1110134345611619794,12,4
1110140046608146564,2,1
1110148349887517247,1,1
1110149195934768897,1,1
1110177302183628761,5,3
1110196143035027678,1,1
1110210815695617849,2,1
1110417377365876882,20,4
1110599704696925545,46,5
1110951532712385225,8,3
1111412057605522748,3,2
1111440628156310654,3,2
1111440700194295667,24,5
1111466337544042759,1,1
1111487879702573979,1,1
1111492135056401874,59,6
1111498252429361031,55,6
1111513336050801117,40,5
1111516789077432764,22,5
1111527654072630861,34,5
1111677056413223171,31,5
1111684780892012105,33,5
1111808508362714557,1,1
1112003847000709477,1,1
1112027297236563028,6,3
1112061070429470094,39,5
1112087839262921210,9,3
1112120383803663559,10,4
1112151294414395951,16,4
1112153751633749311,2,1
1112160046961700071,65,6
1112176601666904791,3,2
1112183723250007087,62,6
1112200280466208991,58,6
1112317893017398706,41,5
1112355004925434706,1,1
1112540902665933046,27,5
1112556081023254249,3,2
1112783965110962408,11,4
1112788385684195480,2,1
1113104324098783004,2,1
1113226122118121170,5,3
1113324853777818598,1,1
1113358718016723433,10,4
1113382422390852375,45,5
1113481592555032096,3,2
1113489101308261368,1,1
1113527130196119668,7,3
1113609175808194609,1,1
1113633790878958355,18,4
1113703719618998574,2,1
1113761648081023045,3,2
1113769268985573572,1,1
1113772386366346607,1,1
1113820879234876765,25,5
1113829461473370605,20,4
1113832386982739852,41,5
1113857621436159985,1,1
1113859055044613031,4,2
1113967198311143043,1,1
1114264806219891615,29,5
1114353744366803788,1,1
1114368488582037158,7,3
1114392110486230875,1,1
1114448312156995745,1,1
1114511613213898123,5,3
1114618917507655553,21,4
1114905674784660594,1,1
1114943711986556113,1,1
1115023874690206689,16,4
1115052691344945322,39,5
1115097848669438018,90,6
1115197570829917106,3,2
1115698008852992756,1,1
1115748130196745323,31,5
1115803812644920055,1,1
1115866435643947259,20,4
1115970740122730019,1,1
1116063811052682565,39,5
1116105134335621372,24,5
1116138270310844308,6,3
1116259188666407737,2,1
1116421253956779952,2,1
1116503255692550577,15,4
1116540810622143826,20,4
1116545010367334962,20,4
1116549349871148808,37,5
1116551290528383105,2,1
1116553157060163605,23,5
1116555719148823744,2,1
1116560926446736782,32,5
1116564869784486270,38,5
1116568945175844241,36,5
1116573792043301840,19,4
1116721539554915818,50,5
1117188485582968093,25,5
1117222156071314041,6,3
1117222293222123921,7,3
1117225145677188126,7,3
1117236151577778610,5,3
1117341666348527236,46,5
1117372487890350239,24,5
1117450736436075653,31,5
1117469237476397049,1,1
1117493168408103688,3,2
1117497143040358956,2,1
1117522819846109276,2,1
1117547652486321969,1,1
1117567395570177844,42,5
1117573375154173887,59,6
1117902300930103926,9,3
1117952512797252556,3,2
1117987198701609418,12,4
1117995577150430388,3,2
1118024435263993614,1,1
1118211220493624945,2,1
1118249094282861619,17,4
1118258865759710097,14,4
1118259486343039643,4,2
1118261945688301788,6,3
1118263375118768690,1,1
1118266185738935238,1,1
1118269719342593799,4,2
1118271880653456048,1,1
1118277492536356767,1,1
1118280284573858625,1,1
1118594269636336446,6,3
1118671455597529313,47,5
1118672398612945421,51,5
1118673244499234149,41,5
1118739484228232583,3,2
1118780329846272718,18,4
1118803154517451670,101,6
1118908347858890406,2,1
1119348944694425564,3,2
1119370223193561442,1,1
1119400299500943333,17,4
1119531038350115217,14,4
1119573749983825010,5,3
1119656115268066950,2,1
1120057478436395660,16,4
1120090474701546410,5,3
1120093125049996480,17,4
1120125163833186536,39,5
1120193173471829586,1,1
1120278070622185265,1,1
1120322512012947541,45,5
1120334788053375257,16,4
1120368235035077854,4,2
1120441949618562028,18,4
1120636318129472045,1,1
1120712681375920736,3,2
1120723028939142021,4,2
1120940160660563117,1,1
1120981620789423338,127,6
1120985397662131883,130,6
1121086925285287436,32,5
1121513905073001980,17,4
1121556185757531202,1,1
1121569806552798719,1,1
1121575746822362441,20,4
1121681110718950266,23,5
1121683645426635000,3,2
1121858565606883997,5,3
1121989502901618843,8,3
1122165638267281405,50,5
1122169755226884214,39,5
1122175527626754860,8,3
1122184991651148134,23,5
1122185723461111497,1,1
1122336662514951447,9,3
1122366854607006662,35,5
1122374828199580472,2,1
1122377155491289509,1,1
1122401667232634391,13,4
1122420836413293770,13,4
1122565530809371159,4,2
1123070738070755276,1,1
1123118075830750397,33,5
1123120103183539043,5,3
1123127434927089803,4,2
1123202946158193162,10,4
1123204568139659532,8,3
1123222819056455586,23,5
1123323142298244809,11,4
1123323826191187691,112,6
1123360579534904204,21,4
1123686350706457386,4,2
1123694971764020967,58,6
1123728931255579499,28,5
1123740708809758421,19,4
1123752060634410551,32,5
1123766575501744854,27,5
1123771275635233713,37,5
1123794335873121082,2,1
1123850017634086776,5,3
1123863679573924436,1,1
1123869882677029631,10,4
1123963131025959274,6,3
1124155776522421469,1,1
1124486271918045305,3,2
1124508717810635688,5,3
1124628227238608074,19,4
1124635755673553787,1,1
1124644988541659806,48,5
1124653235877607565,23,5
1124663599446299978,34,5
1124673984495177262,34,5
1124692255982861620,32,5
1125049043565665475,4,2
1125092201480538631,37,5
1125161461109031153,22,5
1125234998510081474,4,2
1125389350579815326,1,1
1125811523090244203,45,5
1125823526678425596,3,2
1126005559324945926,2,1
1126074984743719970,1,1
1126079849657499452,45,5
1126089754240399099,25,5
1126108900111151972,2,1
1126344757432662936,1,1
1126478670070771996,2,1
1126597995031634216,1,1
1126712739023463838,28,5
1126728810439724922,1,1
1126776057994113362,48,5
1126803181459582591,1,1
1126917788718180111,8,3
1126960139375049526,1,1
1126995716623295013,9,3
1127235327220755201,1,1
1127318840436945592,53,6
1127345621014070312,1,1
1127437699635870910,17,4
1127439452529108126,1,1
1127453691599067213,2,1
1127594323775810183,2,1
1127695264974664300,20,4
1127706287974725058,26,5
1128046578337610875,4,2
1128062009059105273,19,4
1128077362531295935,42,5
1128098405262946450,1,1
1128221682127282758,16,4
1128226310049596583,9,3
1128284557057972599,12,4
1128289125293598431,12,4
1128294379852259999,21,4
1128359486343908801,44,5
1128365513594402683,1,1
1128387648790331419,19,4
1128437783950036436,21,4
1128522742060792507,9,3
1128720270172399009,9,3
1128735686691914900,45,5
1128751137344200295,1,1
1128762409517674016,1,1
1128765055772571943,2,1
1128813599207761331,2,1
1128816647567819974,3,2
1128818716100627905,27,5
1128822653993378891,3,2
1128829551841647773,2,1
1128830492189236379,18,4
1128930234588221676,39,5
1128938726587428634,24,5
1129019757880934176,16,4
1129082778288016635,2,1
1129116421741972975,1,1
1129172481645749701,14,4
1129380614582640140,9,3
1129430594132161846,24,5
1129467630980641734,14,4
1129475202281317645,6,3
1129493543951973575,6,3
1129649023920383376,16,4
1129672717121907633,3,2
1129679409276106345,2,1
1129730707649441636,4,2
1129763077870043833,4,2
1130053967136972390,1,1
1130071422560642444,2,1
1130274269442139259,47,5
1130275326775130474,6,3
1130293482352965815,9,3
1130435094197809101,2,1
1131113665643793013,59,6
1131146586358461374,1,1
1131236745749519828,10,4
1131262342681747106,82,6
1131330814341143131,80,6
1131335715613548528,60,6
1131341832256101402,67,6
1131351333551026936,83,6
1131401369749863252,24,5
1131474519077642966,6,3
1131555968161320493,3,2
1131607586248297342,59,6
1131618713073213228,10,4
1131642124212995356,20,4
1131645988742615720,26,5
1131658889682469993,14,4
1131659904429324962,71,6
1131676684074412104,52,6
1131695934078842518,4,2
1131777764727659873,1,1
1131853961743516461,39,5
1132106504715045531,23,5
1132510339204855658,1,1
1132536995663692777,2,1
1132559248485001695,7,3
1132665090177513201,9,3
1132676104518273102,2,1
1132688524249660223,38,5
1133193605187424704,1,1
1133480567641197281,9,3
1133975102570713195,5,3
1134120493112398520,2,1
1134121895485329426,3,2
1134193835590026369,12,4
1134531610841041996,1,1
1134540085831606206,80,6
1134624829295789350,11,4
1134652086604926186,9,3
1134743621650627517,29,5
1134756605318669362,10,4
1135314829586073835,16,4
1135361592756021951,27,5
1135366961071555047,35,5
1135400010093674787,16,4
1135402353783269078,23,5
1135454117805102422,3,2
1136086566336887463,3,2
1136117933775954655,2,1
1136363465636373870,11,4
1136665424707656579,2,1
1136689372627857180,11,4
1136853178504499204,1,1
1136854476853475810,12,4
1137858441416520674,6,3
1138172859509039202,16,4
1138246991765899544,1,1
1138258183605703622,38,5
1138258257422050567,7,3
1138265499809237576,3,2
1138415277577047689,33,5
1138469956325493468,7,3
1139013046082508834,10,4
1139290146342078204,19,4
1139603196026754851,9,3
1139778078947523854,1,1
1139912546254574473,8,3
1139958648731364224,1,1
1140088414109913119,1,1
1140424963323839553,68,6
1141029016696543913,37,5
1141068502006725038,4,2
1141135664789553336,21,4
1141138121935945036,2,1
1141158893355631345,28,5
1141332853680879532,59,6
1141445183723215471,30,5
1141452161335776050,17,4
1141457483060763164,6,3
1141463136699099039,11,4
1141472188847896904,1,1
1141500244283918605,1,1
1141776831621081806,22,5
1141777902640714619,28,5
1141815833961756264,11,4
1141837327407852009,3,2
1141859309001917673,2,1
1141877911615667532,4,2
1141882040846140654,2,1
1141885793911482940,9,3
1141888728696532305,15,4
1141933128481740141,1,1
1141970686826644185,16,4
1142142669688588757,21,4
1142152805116012209,2,1
1142518908704622450,1,1
1142546328124018568,21,4
1142564901439812397,1,1
1142638312773175999,24,5
1142639729927581517,26,5
1142659075342561984,9,3
1142716565364099346,2,1
1142842270958378631,33,5
1143226829436520177,1,1
1143359666083290705,2,1
1143378367775141156,1,1
1143420903888990397,40,5
1143433191514177343,1,1
1143444531718304090,3,2
1143529797877323877,14,4
1143792872397823597,1,1
1143895482177294603,2,1
1144443737429283217,26,5
1144685668581007649,1,1
1144781569250320819,44,5
1144790844417740430,28,5
1144987558353688042,19,4
1145017800544114296,15,4
1145382308505865645,25,5
1145412478903112011,3,2
1145423691256271397,1,1
1145449198368477978,19,4
1145477813109476264,43,5
1145504921337399233,3,2
1145505115852654107,6,3
1145524083380671719,8,3
1145526936210410842,52,6
1145539840818513928,3,2
1145547440563592274,19,4
1145646101188170927,4,2
1146091801085619725,16,4
1146217531617406048,15,4
1146236257384241136,3,2
1146249312036775440,15,4
1146275420495798864,3,2
1146288693645288159,21,4
1146298122274834394,11,4
1146314042067707418,15,4
1146468765481118759,16,4
1146532773967477250,33,5
1146914304197316963,3,2
1146915499895573897,8,3
1146935820821043475,9,3
1146973160932194648,38,5
1146999891085339060,13,4
1147020284349289874,17,4
1147039028317849331,28,5
1147069769870499299,24,5
1147188130032182406,2,1
1147235817717913777,2,1
1147604252199162395,4,2
1147619773907701982,1,1
1147663442822643456,5,3
1147669702607819877,3,2
1147675802760621564,2,1
1147682650283593937,28,5
1147781568985255938,15,4
1147865822190518355,1,1
1147886333640826646,1,1
1147892986668117827,2,1
1147905814129730777,20,4
1147913479643616008,10,4
1147918447917942794,59,6
1147921871157027988,7,3
1147932657943003594,25,5
1147937142412016453,2,1
1147941938398329412,9,3
1148388579825278801,23,5
1148458890076169798,2,1
1148477074262039880,14,4
1148497996999926539,27,5
1148535551480438955,7,3
1149083413600568435,4,2
1149174926684363974,1,1
1149236069940590094,40,5
1149238414328272360,22,5
1149285320175607529,3,2
1149287020327241912,1,1
1149289134077215999,1,1
1149371032392065244,1,1
1149675080829987687,10,4
1149705208586557891,4,2
1149789437928620273,1,1
1149831803846249730,5,3
1149952271845878252,3,2
1150060563336810404,7,3
1150119157687861589,18,4
1150486569893764161,69,6
1150527666350850285,12,4
1150548029813434313,4,2
1150573948484205391,8,3
1150617142026527372,13,4
1150653878492660517,30,5
1150720085220573240,49,5
1150786088326536288,65,6
1150828985769820769,7,3
1150854248775916970,17,4
1150879205391010000,4,2
1150887119666002058,17,4
1150902944055316031,8,3
1150916861758275146,10,4
1150927139772939051,3,2
1150933261866022103,4,2
1150938731025619354,1,1
1150947820938690694,2,1
1150952985738298001,4,2
1150958598544454771,6,3
1150966327141223137,1,1
1151245329950308241,1,1
1151251253263328672,1,1
1151273465047225081,9,3
1151276434456147125,18,4
1151289272283034031,19,4
1151298470904933318,11,4
1151301786878193063,20,4
1151316881178591429,14,4
1151320102659145268,11,4
1151331087842588217,12,4
1151332965950441301,3,2
1151334036933228090,15,4
1151338461262194958,12,4
1151355780179800772,1,1
1151409200040924182,7,3
1151479689598343778,26,5
1151487557418930704,1,1
1151530398415805439,19,4
1151872357161192311,30,5
1151987101532267292,7,3
1151999895952142154,11,4
1152041553759333651,5,3
1152083385622838031,28,5
1152099908839584731,12,4
1152274320291428929,7,3
1152287421392815381,4,2
1152287462517330795,21,4
1152291919459262305,4,2
1152295938192211784,3,2
1152301146002111115,1,1
1152331700572910047,17,4
1152335618668358427,2,1
1152339050042584480,1,1
1152596013369702088,6,3
1152702628891652593,3,2
1152729933337640579,11,4
1152803863427919790,47,5
1152817439221500923,1,1
1152820554387531365,1,1
1152860423164370808,37,5
1152890286461260043,17,4
1152910578214910427,31,5
1153359378827835427,17,4
1153472880446239435,10,4
1153478234989925438,5,3
1153553928047737759,16,4
1153590591749735917,3,2
1153718763091125099,77,6
1153803004429516213,1,1
1153807810305630227,4,2
1153848520359474922,18,4
1153858331641931227,1,1
1153871682560134200,5,3
1154170010554032147,5,3
1154221729146367316,8,3
1154234532382782795,31,5
1154287170420599283,27,5
1154306223109191485,24,5
1154314423956510719,3,2
1154338814226761016,32,5
1154371107636142056,24,5
1154529891060946889,4,2
1154917614563277069,86,6
1154927501703177947,87,6
1154935264602504610,67,6
1154945908551355129,1,1
1154959175679556271,95,6
1154965223609050310,78,6
1154973284174863885,64,6
1155011862139751362,81,6
1155024330976056487,21,4
1155068368154418558,3,2
1155116728924287485,36,5
1155133831615058056,36,5
1155138937500515084,4,2
1155183215120435114,7,3
1155198751062086263,16,4
1155203126099639608,10,4
1155249598860763623,27,5
1155628138124919038,26,5
1155632451927026839,15,4
1155759766542445208,12,4
1155763669286642320,12,4
1155770524163347634,10,4
1155827098509312179,12,4
1155975522696435635,33,5
1156226405068493570,10,4
1156231841195691924,5,3
1156302535608159573,3,2
1156315555856134212,3,2
1156428014111577776,25,5
1156449434016903487,27,5
1156539720894766862,25,5
1156585627668622952,2,1
1156724255711366011,17,4
1156731812822633485,16,4
1156955187089231699,6,3
1157005506076531599,21,4
1157028409340528598,15,4
1157067864977432823,1,1
1157193478640355799,26,5
1157219963619485599,87,6
1157401108124890829,31,5
1157426883928539966,1,1
1157471582520390319,7,3
1157724626930518434,12,4
1157786792671750875,2,1
1157851759439848289,2,1
1157991176529167256,29,5
1157995406110665751,4,2
1158484713920422805,45,5
1158522290678124262,41,5
1158547933370747966,24,5
1158662393486919722,10,4
1158663940105574581,38,5
1158753307868808802,21,4
1158779811203632447,37,5
1158890990276085558,7,3
1158895631013294562,10,4
1159205545677696285,16,4
1159224460954254573,12,4
1159698460053475179,4,2
1160211321133440234,2,1
1160604825531603808,18,4
1160626142451416758,11,4
1160626171068272346,13,4
1160634903982388123,45,5
1160759473287443460,8,3
1160762339968117346,3,2
1160895789327955152,24,5
1160951125588751166,5,3
1160957387416235633,36,5
1161057541068823381,5,3
1161296924519745096,10,4
1161322851305790106,5,3
1161445060931844491,2,1
1161454067471529224,12,4
1161472336280308365,5,3
1161574476663515543,20,4
1161632728815023233,28,5
1161656530391209429,35,5
1161664008389716366,11,4
1161670080306403232,12,4
1161756704348165849,69,6
1161759596742374758,83,6
1161777932673631985,50,5
1161789505175519514,54,6
1161790513290100366,59,6
1161792205958428787,56,6
1162059627135004193,39,5
1162069496562477151,22,5
1162090451903914487,57,6
1162119847747729067,18,4
1162211741475063478,20,4
1162213957341819446,27,5
1162267159041820371,2,1
1162427812879750462,12,4
1162435652542701242,2,1
1162785250288841436,1,1
1162883251533601136,10,4
1162889271069453192,3,2
1162899849882492668,3,2
1163124064752308694,1,1
1163505212300238778,17,4
1163571447419158311,1,1
1163627689957009830,29,5
1163655031067115034,54,6
1163666844146601182,3,2
1163814700529068437,4,2
1163840771411967499,4,2
1163841519586654445,27,5
1163938902480033713,2,1
1164286329107044716,17,4
1164311805578465789,69,6
1164331420738236500,15,4
1164363949036149526,4,2
1164383164693293233,46,5
1164491207591691009,23,5
1164545996394799593,2,1
1164566582863708921,8,3
1165052067142868175,48,5
1165180403405052287,7,3
1165184740948902618,9,3
1165193683611371454,6,3
1165256688920075309,3,2
1165263765022287518,2,1
1165275592179079816,3,2
1165370487730299057,21,4
1165553924524330067,7,3
1165703205309385206,3,2
1165703281294958737,5,3
1165728375379190439,10,4
1165730886735075599,36,5
1165740195549776656,2,1
1165803957783531081,3,2
1165818222721137510,38,5
1165826771785425074,7,3
1166004709424912895,11,4
1166441402465473341,14,4
1166445762489920174,4,2
1166482056107972275,1,1
1166485994236974411,1,1
1166507311654582117,3,2
1166533875716039810,1,1
1166536939472281700,1,1
1166592072801492475,69,6
1166685179409512199,20,4
1167076176955839657,2,1
1167163773368760667,43,5
1167181658209297150,28,5
1167260419664667559,14,4
1167283120504420553,10,4
1167582673269046232,12,4
1167591130095580801,11,4
1168036310871825985,3,2
1168042632195781990,28,5
1168046163088459357,36,5
1168186372386094186,19,4
1168233781465287442,1,1
1168426532952321744,1,1
1168470361451243177,4,2
1168486961963219709,3,2
1168525569254438275,2,1
1168600964886851718,13,4
1168609017490290709,2,1
1168612981792678925,3,2
1168614974580970541,2,1
1168634296698778380,5,3
1168643071478684653,58,6
1168650102494856274,66,6
1168660480820551312,35,5
1168665447504143460,60,6
1168666638816757200,19,4
1168674568988111640,34,5
1168679848097278417,66,6
1168684424834591167,1,1
1168684861337618365,67,6
1168691135749642615,35,5
1168691623741405389,16,4
1168723752586313365,5,3
1168744956011661752,3,2
1168750724269783256,1,1
1168794721069906577,11,4
1168855365772151560,12,4
1168872426718165841,1,1
1168876046628664978,34,5
1168890339590346956,17,4
1168904388119606934,8,3
1169000933668470847,4,2
1169012815194083585,2,1
1169023739517541798,6,3
1169034994511486816,7,3
1169145303520930153,3,2
1169166265582166121,1,1
1169223643462541478,2,1
1169266930072078818,15,4
1169266942636263338,5,3
1169444974648322059,10,4
1169453694512087740,5,3
1169502739316793203,5,3
1169568127952724109,10,4
1169704243570729349,20,4
1170227745682737926,5,3
1170264042442891790,13,4
1170483167649765054,5,3
1170494921698045735,1,1
1170713626370991342,1,1
1170721112844610104,2,1
1170732001909021342,2,1
1170792574666201856,22,5
1170849223347464934,61,6
1170852631656671010,4,2
1170891975113977487,1,1
1170896027311229160,46,5
1170917219241155632,10,4
1170921501551301402,3,2
1170969673207054438,17,4
1170971348638642562,63,6
1171009743108737680,1,1
1171061827034095710,19,4
1171104378288146231,11,4
1171117498374249342,61,6
1171190260463952244,1,1
1171426839104574171,48,5
1171450556375787342,32,5
1171630390707332892,9,3
1171630447055171138,7,3
1171651007651719259,25,5
1171698664853481525,56,6
1171712380090531410,18,4
1171719412113549566,56,6
1171725083830319270,45,5
1171951558343243091,40,5
1171964193248488623,35,5
1171978315547269220,53,6
1172125156982009725,13,4
1172207534286166549,1,1
1172250761827191747,20,4
1172261172379073663,33,5
1172263494535916295,43,5
1172302114758712800,22,5
1172308687347384025,60,6
1172317606197009393,28,5
1172319794564840382,29,5
1172334674126036486,35,5
1172406652819577242,1,1
1172476289132273315,2,1
1172554974379701696,3,2
1172574618268883598,15,4
1172613065331884750,17,4
1172622485247544509,37,5
1172764160277159858,10,4
1172827431638232128,3,2
1172947347401404555,2,1
1173027055471062046,13,4
1173031500387388190,2,1
1173036893594498500,3,2
1173042533997441057,6,3
1173071509092249093,31,5
1173221992620412208,21,4
1173745002563410414,1,1
1173777914835912792,50,5
1173788502867915261,4,2
1173811278640808455,15,4
1173840180155386556,3,2
1173844645951464933,11,4
1174027116930826958,4,2
1174096479578807108,29,5
1174413233682659062,5,3
1174603931556883880,1,1
1175144176566004592,3,2
1175241519635339626,20,4
1175262997234745611,8,3
1175383805037600876,18,4
1175441331635210814,7,3
1175457966780309995,2,1
1175479192813720621,12,4
1175491268816519745,1,1
1175542302806800931,22,5
1175705308002599845,14,4
1175789357080502037,2,1
1175833874390753503,36,5
1175905463944787153,3,2
1175907192683679817,2,1
1175915520566506122,5,3
1175918719042113612,7,3
1175961858110361247,2,1
1176001756453215922,8,3
1176004588898124238,2,1
1176006327278165826,25,5
1176116128039997229,10,4
1176118308402014281,9,3
1176120433544292881,15,4
1176123328153324533,7,3
1176132627702905999,2,1
1176134575411968753,5,3
1176136499279512675,2,1
1176138629489277512,2,1
1176205418176789181,46,5
1176218762626078457,18,4
1176497064731302106,32,5
1176524394211173727,2,1
1176541578509293597,2,1
1176579376267328048,42,5
1176620742238410540,4,2
1176651774256519279,9,3
1176662799467270754,1,1
1176694435393883974,35,5
1176756223630442397,1,1
1176793687396052771,5,3
1176811392917656946,2,1
1176811628175508137,40,5
1176819497808286604,2,1
1176864797370744116,50,5
1176868253396543695,5,3
1176909570611859730,9,3
1176922589979295826,3,2
1176960661064264249,16,4
1176978466011771322,11,4
1176988067654242305,4,2
1177005291616953329,2,1
1177225415743007747,4,2
1177254477765083729,30,5
1177269895250314400,2,1
1177281827698433834,5,3
1177289280464577387,1,1
1177336392722945307,13,4
1177358317930577554,2,1
1177371563481067070,1,1
1177382203909683513,1,1
1177408743576572907,13,4
1177409495894922508,2,1
1177495717192978372,8,3
1177524625796408274,50,5
1177546621708572683,41,5
1177643442105775008,16,4
1177797921330576162,2,1
1178064173566332668,10,4
1178240310584336013,3,2
1178291057457980720,2,1
1178328327293969978,5,3
1178332780781303803,3,2
1178350225717871486,27,5
1178371962063617853,20,4
1178401982092016342,4,2
1178677564783921440,1,1
1178732366288776495,1,1
1178741678012755253,1,1
1178761420269223800,7,3
1178801021043561417,49,5
1178833164286600376,10,4
1178838210972666975,48,5
1178845113610449503,16,4
1178849820032491941,3,2
1178851239818860722,5,3
1178866734914876394,33,5
1178867837052538754,8,3
1178882226651063981,24,5
1178892368651710132,4,2
1178905557674319989,3,2
1178990492214159480,2,1
1178993198062100646,15,4
1179055773735309851,7,3
1179073022923668715,8,3
1179099896387706704,14,4
1179135176736381386,1,1
1179145033898622869,2,1
1179156115129724148,1,1
1179622047409627699,29,5
1179680987156717836,14,4
1179686575927257482,1,1
1179784456697748950,3,2
1179806724955225488,18,4
1179881556286020673,34,5
1180329650574920702,1,1
1180598441874560870,2,1
1180855941975997070,19,4
1180872648818191771,12,4
1180953464837778453,3,2
1180999927689163938,1,1
1181005016572496075,7,3
1181072190383878105,21,4
1181121873499948465,2,1
1181238733277255004,32,5
1181244818039387855,10,4
1181322149561072363,7,3
1181673946214077280,6,3
1181680949442393649,2,1
1181717699752090288,12,4
1181720745445383163,6,3
1181725357369679751,9,3
1181727811425447656,3,2
1181774473163651477,1,1
1181915950554945377,1,1
1181963358687533636,26,5
1182001101176433013,9,3
1182366174071904899,24,5
1182390375804113225,6,3
1182390654549222118,34,5
1182391897717870806,20,4
1182400689451151316,35,5
1182440247678459706,1,1
1182446739867942664,1,1
1182487154430401481,9,3
1182488352532393473,3,2
1182489116491839893,17,4
1182526137869233084,16,4
1182561478895144679,1,1
1182586110992962198,1,1
1183098215221682740,1,1
1183134352156594670,34,5
1183149208745373630,16,4
1183406592069736260,19,4
1183406829607884299,11,4
1183411263540707749,19,4
1183412479670916621,18,4
1183439573990741655,20,4
1183442981600884466,15,4
1183445871994768992,22,5
1183457818857586663,29,5
1183477046288976035,4,2
1183806097936260846,1,1
1183810001749117122,11,4
1183814827329220263,4,2
1183821196367402609,4,2
1183985133120211136,12,4
1184001523404967980,13,4
1184090666345382906,17,4
1184101197135446821,2,1
1184162461519951525,1,1
1184497183300661249,6,3
1184535646488725680,2,1
1184565344258913330,2,1
1184568110076160622,42,5
1184623931120246283,11,4
1184634479768325822,6,3
1184685556500310297,1,1
1184685611859092201,15,4
1184697844589241613,21,4
1184698981656564528,1,1
1184699054886541427,2,1
1184703057722190547,15,4
1184708830188540594,3,2
1184761674676866374,1,1
1184781992546959292,4,2
1184882802859175443,3,2
1184926053205515229,6,3
1184988056463158694,10,4
1185233680608793586,3,2
1185252225472040422,50,5
1185263633405553219,4,2
1185372350601605943,20,4
1185605502953905246,1,1
1185635141410154761,18,4
1185637243677777552,32,5
1185917452291287899,6,3
1185932617288541945,4,2
1185950881999165645,24,5
1185979480794500013,29,5
1185984184156986631,25,5
1185994661206169628,25,5
1185998490748570246,35,5
1186002557403073989,4,2
1186002755719865717,31,5
1186072846127562395,4,2
1186119371473546948,2,1
1186154551203743787,1,1
1186210163185443358,31,5
1186212891224237287,3,2
1186475247509089274,12,4
1186682753476800169,2,1
1186694635967572189,19,4
1186712845206034510,11,4
1186714736903908323,9,3
1186745853727943040,1,1
1186837830776522481,3,2
1186945505644553401,24,5
1186970729457663582,12,4
1186990187471840050,1,1
1187000830161473869,8,3
1187069133587567377,3,2
1187155847551419645,4,2
1187250972016824279,49,5
1187332441741495427,1,1
1187350001275042163,2,1
1187442343808565138,5,3
1187456959747150685,1,1
1187500609771838900,3,2
1187770562017730579,44,5
1187771328895226863,2,1
1187786353540051810,1,1
1187844817076281812,4,2
1188196025322467972,2,1
1188203723007923703,1,1
1188212453040470256,1,1
1188214667894326446,1,1
1188222144316491981,1,1
1188222212031765317,1,1
1188222479017878742,1,1
1188222530718820031,1,1
1188227979118037277,1,1
1188231028514076193,4,2
1188231042345459280,1,1
1188231058614588314,2,1
1188384000120007098,3,2
1188396169836311975,23,5
1188486142417056299,15,4
1188547305509567252,23,5
1188897809311094182,5,3
1188918551283208216,2,1
1188925320275845999,1,1
1188941872922907393,12,4
1189037699065635099,1,1
1189237576593154410,1,1
1189566662024363357,6,3
1189570648192422149,20,4
1189613694958488438,13,4
1189702657595347061,7,3
1189740180786063635,4,2
1189775878944591974,3,2
1190020590767755937,1,1
1190056604014767100,27,5
1190151483319434564,2,1
1190238659714507837,2,1
1190241883211827468,1,1
1190499046157898811,1,1
1190693336206271507,18,4
1190713906357136583,23,5
1190725910693909107,16,4
1190964884231792201,34,5
1191085587230625800,5,3
1191093518016967953,14,4
1191155439588410568,1,1
1191166203213104012,38,5
1191280817753960985,14,4
1191284972530833805,3,2
1191293842193295205,16,4
1191297117981512179,16,4
1191300521648979822,19,4
1191304648042549000,5,3
1191305195633856253,11,4
1191305570669778115,2,1
1191309772784365003,24,5
1191372834571267661,34,5
1191408467423315159,35,5
1191419939021775987,3,2
1191460020139540899,6,3
1191907096476310644,5,3
1191986439283399612,29,5
1192072013890103780,12,4
1192142289328178400,31,5
1192200913745825832,2,1
1192423580015949258,53,6
1192494259811301846,11,4
1192514557366046999,5,3
1192520889822469796,12,4
1192530128797415891,5,3
1192558424343275487,1,1
1192579836015399597,7,3
1192621585490551340,11,4
1192674338425722207,25,5
1192681207206829120,36,5
1192700228666618753,21,4
1192754037263557568,3,2
1192906276906039080,18,4
1193268922851100496,4,2
1193279870216591464,1,1
1193292582470953988,5,3
1193317547212724494,15,4
1193354702592079179,6,3
1193362103746462114,11,4
1193396787942557248,1,1
1193432514889317936,16,4
1193855600144070617,4,2
1194042289272543465,34,5
1194055309033198009,20,4
1194080409134020887,45,5
1194119090000507770,37,5
1194160349461693730,1,1
1194175575623499685,1,1
1194224853863184441,4,2
1194247195807175122,2,1
1194352021830253851,1,1
1194660880781823401,3,2
1194704377305779265,1,1
1194967864652815302,7,3
1195105414459828689,4,2
1195117809362022435,41,5
1195409416809078158,3,2
1195425937521880296,9,3
1195534448698609492,13,4
1195559257158307621,3,2
1195564136419700786,12,4
1195599359939589417,1,1
1195726396581884496,29,5
1195747483985580578,28,5
1195790718620269676,56,6
1195890517818551369,4,2
1196142872608133040,21,4
1196176626259564354,9,3
1196191372702293273,26,5
1196228069396891271,2,1
1196308536797354173,16,4
1196448251250876257,14,4
1196469726061033223,1,1
1196487102118147042,43,5
1196490276460907396,11,4
1196827389383678736,1,1
1196925730670777337,1,1
1197025841070902644,6,3
1197061016433835587,1,1
1197153346092654493,5,3
1197523723071320124,33,5
1197530847797984621,21,4
1197540464604782892,25,5
1197548302136486091,20,4
1197620510548740165,9,3
1197630648676493200,3,2
1197671516427652507,12,4
1197675297400453169,4,2
1197734533981912715,28,5
1197741292437503822,4,2
1197760899398593847,2,1
1197787701295955579,3,2
1197789347107514137,2,1
1197791038434168947,1,1
1197796374249295188,10,4
1197798416126798223,11,4
1197815434260689009,5,3
1197830049360009714,2,1
1197843298530323484,4,2
1197849396769945787,3,2
1197871385662370138,1,1
1198176816825358083,3,2
1198259811314857379,12,4
1198336928239795024,30,5
1198456690466098610,8,3
1198499403838080961,4,2
1198545024280704085,3,2
1198618558086336955,4,2
1198650802427430221,1,1
1198779527179445838,44,5
1198948111635028018,13,4
1199003113515998142,11,4
1199180798291168882,6,3
1199214967725036479,1,1
1199339218674895211,25,5
1199346297972771197,1,1
1199416979441879455,5,3
1199468076139207054,10,4
1199471695548045120,6,3
1199707048853373762,43,5
1199763825649698166,6,3
1199783745452598696,3,2
1199859943124124769,16,4
1199866934831259164,20,4
1199872285823390484,37,5
1199902500924202098,23,5
1199956509467757766,8,3
1200096393115091673,1,1
1200111756457610405,3,2
1200156719068421467,40,5
1200174065754151028,2,1
1200195447006520784,1,1
1200568896535791480,25,5
1200589665562411423,32,5
1200641902994223540,41,5
1200653193290134963,13,4
1200655508921008562,21,4
1200672943869446549,8,3
1200711012757988824,2,1
1200784327269986946,9,3
1200913423420857885,73,6
1200922781242776798,68,6
1201172933299492574,59,6
1201211358888872826,1,1
1201371375521116000,29,5
1201393391068456455,9,3
1201403360658938444,2,1
1201430063714122641,8,3
1201479378628018971,2,1
1201486972249518650,9,3
1201491174126384316,7,3
1201516920989553485,21,4
1201532023842081795,7,3
1201547157742717977,9,3
1201590622221213727,2,1
1201959719509225421,27,5
1201970703586851987,30,5
1201972022542124263,28,5
1201982732758245294,10,4
1202003814715151713,3,2
1202007436882007273,1,1
1202039186012658982,16,4
1202091315626979825,100,6
1202101969376971783,3,2
1202143913105743915,34,5
1202170548552720011,17,4
1202177682755479816,13,4
1202184444671013929,7,3
1202192574844651959,21,4
1202291857964951174,9,3
1202323019726381137,2,1
1202598479206536090,8,3
1202675463390510745,2,1
1202739891151736553,21,4
1202747183725906715,38,5
1202749578055003878,2,1
1202752642478612553,15,4
1202796455187120811,5,3
1202994637400472432,10,4
1203033332199418882,37,5
1203120448858553476,2,1
1203274409536134052,8,3
1203371572894920023,1,1
1203418069884714317,1,1
1203514069009447322,6,3
1203538446874825801,8,3
1203546710511865654,1,1
1203550484268450763,2,1
1203552776785588768,9,3
1203557336448377745,3,2
1203568800741521161,28,5
1203581536543754642,2,1
1203614237507083623,32,5
1203641195217081067,2,1
1203644804362202241,1,1
1203661471987618735,38,5
1203696531093976143,2,1
1203705836920726840,2,1
1203762043718543674,13,4
1204094193177824212,12,4
1204103115245661589,4,2
1204205847806268228,6,3
1204253603484579305,2,1
1204265704714498012,1,1
1204277314804945291,1,1
1204297157120841493,14,4
1204320500788587776,16,4
1204361803639874088,3,2
1204427312427617610,6,3
1204447856632863112,43,5
1204452180756329649,7,3
1204459815269565072,8,3
1204543935702106783,18,4
1204851546884451873,9,3
1204867860795688365,16,4
1204880949826356217,2,1
1204922194470690321,8,3
1204985904090852447,1,1
1205002556246558105,1,1
1205011668674290243,1,1
1205018312516599559,2,1
1205034359391378564,6,3
1205055184221586154,1,1
1205056328475651654,5,3
1205070710495905065,1,1
1205092429723043927,10,4
1205094508365935888,13,4
1205141282415250943,11,4
1205157372462875598,69,6
1205181324718386129,35,5
1205208398021730530,46,5
1205221320632571295,17,4
1205226969611588675,10,4
1205233809469798128,43,5
1205236709302531825,15,4
1205240046757284570,12,4
1205244041973313411,33,5
1205256514750338120,86,6
1205259925010097486,57,6
1205512677850079917,19,4
1205559894612840967,22,5
1205571835461804853,1,1
1205738693190043683,2,1
1205755936384711388,2,1
1205867250935151305,1,1
1205930665502106379,1,1
1206295067480295312,13,4
1206339244298425276,17,4
1206364500989034603,11,4
1206497544065285133,8,3
1206550867595179907,1,1
1206553659989344901,8,3
1206569507637630854,19,4
1206606863622099171,43,5
1206623058131457587,35,5
1206625167116436421,3,2
1206647901626485894,20,4
1207015680723627827,4,2
1207016604129341312,10,4
1207054077125789468,8,3
1207061058452947618,15,4
1207072222986202094,2,1
1207140190224595499,7,3
1207167763980168290,6,3
1207238690029571119,20,4
1207249307248775377,4,2
1207249514061267385,25,5
1207291410276881907,49,5
1207335001090599603,13,4
1207361590105176851,5,3
1207443827805104532,2,1
1207450356485599748,1,1
1207451758303742446,16,4
1207701557467427502,1,1
1207722818995508816,18,4
1207834497963590726,1,1
1207863322759801463,61,6
1207936301399485940,10,4
1208028373889634439,7,3
1208163110675953754,4,2
1208274061367419130,16,4
1208446876179840685,10,4
1208464991724451850,2,1
1208482525223438286,7,3
1208518873790103664,23,5
1208536951492001911,3,2
1208557684527527616,30,5
1208567808912500573,3,2
1208647505314045909,34,5
1208692698927714428,3,2
1208785482598715945,3,2
1208864704334446784,7,3
1208867446659179743,22,5
1209096046873126829,4,2
1209109469081175998,43,5
1209129018740540506,1,1
1209193311081044778,12,4
1209199902826040956,10,4
1209340010025764739,10,4
1209342297493160463,1,1
1209370249250985470,73,6
1209662712835109327,19,4
1209845612133050010,1,1
1209894806802293038,46,5
1209902763509450239,34,5
1209906371235488466,3,2
1209908905593338373,35,5
1210018726225902541,24,5
1210038748961008670,21,4
1210128872580422065,1,1
1210140750039957374,1,1
1210162624244856081,2,1
1210267728789973885,9,3
1210280457736849253,1,1
1210281502417326382,1,1
1210602347461753693,2,1
1210742255009863659,1,1
1210755388633877736,8,3
1210804629213594167,19,4
1210804940166741353,1,1
1210808535968585716,6,3
1210813359451479725,10,4
1210840750926720189,2,1
1210850510768217900,45,5
1210895955909273440,19,4
1210939327438932361,1,1
1211361731910452417,68,6
1211432432790354977,69,6
1211484785120648009,9,3
1211485668147188764,25,5
1211514754434281260,2,1
1211575710358687165,14,4
1211621689878174548,28,5
1211644062567021692,6,3
1211672794951438046,2,1
1211676145099518484,39,5
1212047951909367274,1,1
1212063352530488793,10,4
1212066501925475530,2,1
1212080013711716461,3,2
1212087682756530865,14,4
1212148537886657179,43,5
1212192395231983383,7,3
1212369011816978991,2,1
1212389397767342831,21,4
1212415223185132711,7,3
1212777066205288586,6,3
1212835400254445410,4,2
1212842148793433985,5,3
1213001970927644349,8,3
1213008388063163266,10,4
1213110633131281489,21,4
1213138199346406229,11,4
1213188258019377938,9,3
1213435749250573494,20,4
1213509837848610377,2,1
1213568931961098579,1,1
1213602452455420449,5,3
1213679426102270468,5,3
1213716212844859643,1,1
1213716852522871881,12,4
1213789070689045802,23,5
1213812394557076150,17,4
1213841141257489255,31,5
1213989418743326941,6,3
1214177869999960839,8,3
1214214382334045585,2,1
1214279309481746272,3,2
1214332304860008363,2,1
1214356753919627188,1,1
1214377420728515675,9,3
1214434100833331453,6,3
1214439607168501315,43,5
1214441231191370307,3,2
1214471176378433045,4,2
1214540039416799280,1,1
1214542652349136508,4,2
1214588138328898029,1,1
1214966725672481975,1,1
1214998851088867518,3,2
1215055223533399596,8,3
1215094369443045969,1,1
1215126623810580064,1,1
1215143542414740220,4,2
1215225115763720124,1,1
1215266314227396700,13,4
1215266880672923262,2,1
1215268896367001354,4,2
1215332949349604999,29,5
1215343278628466044,2,1
1215360773304789847,1,1
1215707233712457100,1,1
1215750134913349901,1,1
1215809385717033751,46,5
1215914421506881920,4,2
1215920471571015287,2,1
1215929828793644329,5,3
1215968903817822084,1,1
1215970956399184893,1,1
1216137245077627223,11,4
1216424419889131042,2,1
1216466638679624159,6,3
1216507346125918356,1,1
1216511147636732302,2,1
1216513948307023100,5,3
1216566917954396109,1,1
1216602359928745218,19,4
1216729114026216761,49,5
1216738952757665860,18,4
1216741288162110817,25,5
1216751166173555788,14,4
1216765001473058174,21,4
1216775868406687025,19,4
1216792989235929897,6,3
1216831103572395091,7,3
1216850889576361052,7,3
1217273625052779727,18,4
1217278557724552291,13,4
1217285962792235971,15,4
1217301177576155086,13,4
1217310592416483570,15,4
1217342289509532775,20,4
1217478934551353952,2,1
1217485851587246001,3,2
1217548676530853203,1,1
1217655910011364464,6,3
1217671630510467162,12,4
1217892995720196689,3,2
1217911833950682803,1,1
1217979255947320319,13,4
1217990783580394186,2,1
1217993442061980734,1,1
1218034266743409350,1,1
1218068941725913822,53,6
1218107129230381741,28,5
1218217656725923125,7,3
1218222514925363800,16,4
1218243211539614600,9,3
1218274731772932572,22,5
1218659901510012398,7,3
1218664636520802738,7,3
1218685239450335677,5,3
1218692324787492605,17,4
1218757630755247154,5,3
1218758453632004354,5,3
1218781220682830069,2,1
1218792814459280402,6,3
1218793370289129294,39,5
1218809045279183019,2,1
1218815576276819565,3,2
1218820685001488095,18,4
1218826706042954412,5,3
1218844174887987491,32,5
1218907147133824291,1,1
1218914416319708713,60,6
1218995444932160722,48,5
1219035972421734576,2,1
1219190872916522859,13,4
1219222759201470117,4,2
1219257282310272802,3,2
1219333905884906541,4,2
1219345451909739874,1,1
1219374913736354098,21,4
1219434281565648743,4,2
1219441390386950746,1,1
1219507885796794453,14,4
1219626619955713487,15,4
1219729007323851141,1,1
1219760913619441093,1,1
1219777354700696920,14,4
1219784111034165496,21,4
1220022277911326790,6,3
1220109412233409538,2,1
1220131291958964322,10,4
1220133722602297644,4,2
1220187220742586924,13,4
1220306927494834635,2,1
1220323887427110271,3,2
1220334849383412766,1,1
1220342084408381443,1,1
1220403706787642179,14,4
1220745730047574932,5,3
1220761216482257102,1,1
1220814895578301531,3,2
1220823062681142756,1,1
1220895466126320734,4,2
1220923596052631165,2,1
1220941691451038544,17,4
1220966036902159326,8,3
1220971514017954409,1,1
1221039412256992354,4,2
1221046389123485762,15,4
1221076032723847708,5,3
1221151062863001063,5,3
1221164336783475996,2,1
1221187147162498309,2,1
1221193440809691414,3,2
1221473386981292296,8,3
1221525477701886837,21,4
1221529815810416198,2,1
1221534840836971394,4,2
1221541240092668590,2,1
1221581146721981804,1,1
1221619933079409604,3,2
1221622316648396661,1,1
1221638091432829260,4,2
1221656486581324880,15,4
1221681565811403500,1,1
1221746365006591901,2,1
1221749934179792390,14,4
1221854601241727018,8,3
1221882890952244021,2,1
1221887340479980233,14,4
1222204175633728939,8,3
1222216332238271622,2,1
1222222819873516811,3,2
1222236849365172979,10,4
1222242855963276142,7,3
1222245650498714934,1,1
1222248205644147432,7,3
1222335427121416864,6,3
1222344477139605092,4,2
1222347571432083714,2,1
1222350876027259209,5,3
1222384677433606432,1,1
1222403378467525564,2,1
1222510836628674626,5,3
1222521011756998733,7,3
1222758005551371412,5,3
1222926295442421528,23,5
1223022553016407430,7,3
1223066703896177045,1,1
1223093847374565696,16,4
1223132559008195470,2,1
1223184233788496469,16,4
1223191136542571992,14,4
1223221325374897840,13,4
1223222398804626664,7,3
1223223204324304022,10,4
1223354507875776798,1,1
1223723513323573707,6,3
1223777958707293317,24,5
1223779442527151244,2,1
1223842363865033487,26,5
1223853636296833435,35,5
1223864749709143409,2,1
1223980960410665121,4,2
1223981125675463664,4,2
1223984652341287471,1,1
1223990504517717092,9,3
1224106753539721501,8,3
1224160266766982160,59,6
1224259641981896206,14,4
1224385350985244659,4,2
1224385593965553555,17,4
1224408186532332532,42,5
1224488073994541589,23,5
1224562731143978589,2,1
1224712118989348439,3,2
1224715898985827778,3,2
1224730440428581632,2,1
1224732540916271654,1,1
1224740337258039754,4,2
1224879610786110678,9,3
1224884221604835516,7,3
1225102048149658149,23,5
1225105838004344791,17,4
1225106413020566984,8,3
1225141952879136116,1,1
1225185289922849550,4,2
1225197939728154007,1,1
1225200626039456014,1,1
1225203657819103461,22,5
1225207769696938516,2,1
1225211940909180522,3,2
1225213246406171891,1,1
1225262963018026668,26,5
1225288587550368072,22,5
1225344361730229873,11,4
1225432964364901807,3,2
1225556227979505917,1,1
1225630095871488720,1,1
1226080617937910698,14,4
1226109241417612584,11,4
1226157474038629306,3,2
1226171292512754968,3,2
1226303183297243740,2,1
1226350669348713663,3,2
1226587991198485253,15,4
1226675089925301816,2,1
1226684810231129906,13,4
1226688341666783702,19,4
1226697050665801080,1,1
1226733136983559508,1,1
1226862445876620670,2,1
1226944418424713264,6,3
1226946989445579368,1,1
1226956248969750712,2,1
1226959328142211209,2,1
1226967772570302084,12,4
1227139119187457350,9,3
1227241742182650817,1,1
1227251111167527530,2,1
1227254130930397703,1,1
1227259125564301722,5,3
1227292626162888146,3,2
1227303650931979063,1,1
1227333459504297418,2,1
1227361042360017223,16,4
1227408488696288672,1,1
1227584319189380813,8,3
1227592813889484285,25,5
1227606427192120581,6,3
1227608789958855534,10,4
1227611052994884150,3,2
1227612990625743179,6,3
1227615215756838279,9,3
1227625566005804824,1,1
1227685653628421631,6,3
1227993382630672165,21,4
1228023709629651908,1,1
1228098276209455934,20,4
1228099799361590329,12,4
1228103250019364597,33,5
1228157865251395661,12,4
1228159046451473353,34,5
1228305614918154157,10,4
1228775216694150159,25,5
1228875939141504802,35,5
1228883849246162835,1,1
1228906166380356047,6,3
1229023844979649064,9,3
1229063919313617444,8,3
1229079245029972981,5,3
1229099334022854582,6,3
1229134465094007395,31,5
1229250710220014165,7,3
1229439744780297478,12,4
1229449396967353036,11,4
1229530981594582101,6,3
1229534302805804132,20,4
1229538889738601573,6,3
1229541492467620880,1,1
1229543208408444645,2,1
1229553415999562095,5,3
1229584082633482252,5,3
1229588772418469312,8,3
1229591462686211528,2,1
1229619327638464055,4,2
1229662488716250046,10,4
1229704959207367419,10,4
1229710437083707399,6,3
1229716849128940078,3,2
1229723113442455763,3,2
1229794306781745006,12,4
1229818839760999604,4,2
1229876145354694741,13,4
1229894316872371646,1,1
1230217598512769663,1,1
1230223522443573313,5,3
1230234757167491407,5,3
1230239666502052190,5,3
1230246776238302530,3,2
1230299969730807290,1,1
1230325961313139014,3,2
1230347809186986808,15,4
1230498129067428747,1,1
1230628298756228416,22,5
1230864368803608489,34,5
1230889769403623574,3,2
1230978704663894428,8,3
1231021936069181578,8,3
1231090702514070577,3,2
1231326571392448953,2,1
1231344258524143655,6,3
1231380992465972441,11,4
1231573434257919676,35,5
1231715423838796102,6,3
1231727398717672878,14,4
1231730390627217825,20,4
1231758476842153215,11,4
1231776770119269664,6,3
1231829930938955869,7,3
1231841921058607883,3,2
1231920602775549676,5,3
1232010574647423660,10,4
1232025820942561269,10,4
1232027447632002641,15,4
1232032235701678296,3,2
1232035791070137042,9,3
1232040698605929076,12,4
1232043377122842319,30,5
1232044656669465034,2,1
1232047713190574725,14,4
1232047791893017580,1,1
1232050227155919926,4,2
1232051061433531620,1,1
1232056591404923400,2,1
1232085807749563158,28,5
1232313910628267444,7,3
1232382480728562464,3,2
1232427547354955751,11,4
1232485003966345707,12,4
1232522365686318700,6,3
1232526047946619654,4,2
1232582660762314866,13,4
1232708719350740162,4,2
1233019850318494217,8,3
1233117643597448001,16,4
1233159833545663040,18,4
1233168831004122853,39,5
1233173629135453930,12,4
1233190778380487256,1,1
1233198699153976456,5,3
1233206762602933314,7,3
1233219842265747505,1,1
1233227144131486945,1,1
1233235874671814530,9,3
1233243681705538562,1,1
1233253010888334234,13,4
1233254483538622187,17,4
1233257222651613416,16,4
1233259604998674995,3,2
1233267395606403603,18,4
1233271107104132815,4,2
1233271711873959160,2,1
1233272213170715160,3,2
1233284690478706824,34,5
1233295872919577835,4,2
1233298761420495947,5,3
1233351473608856914,21,4
1233637984923397155,316,6
1233645631417849141,129,6
1233786466088301040,1,1
1233839741059507983,13,4
1233856878285529006,3,2
1233910395814965374,4,2
1233917537288897684,2,1
1233969765185019701,2,1
1233991918033363750,1,1
1234001538449744924,1,1
1234265794634739988,1,1
1234504057194295971,4,2
1234504372463720152,2,1
1234509485969718652,5,3
1234516168275548676,1,1
1234553101296583291,12,4
1234572140798441249,1,1
1234603306689971970,1,1
1234624841258038203,52,6
1234660845377138831,7,3
1234742362205886386,1,1
1234742951643162681,3,2
1234751649884208400,14,4
1234761584687294903,6,3
1234797401452064342,20,4
1235410121278202585,3,2
1235411571762195395,11,4
1235648630892763294,39,5
1235682807907470038,8,3
1235687768599704224,7,3
1235964849258890494,13,4
1236003445764457853,50,5
1236006484666843199,44,5
1236008589058277904,39,5
1236010359409853759,31,5
1236012207386030197,37,5
1236013794316633466,20,4
1236015292876838320,1,1
1236016948859269631,48,5
1236019981849692547,42,5
1236021384178791171,39,5
1236066349438148670,19,4
1236074822333595701,1,1
1236075041898164238,39,5
1236101730136566680,52,6
1236226817816441812,3,2
1236233977037679839,12,4
1236830703867818876,17,4
1236867360913199832,2,1
1236946138444428451,1,1
1236981073288157835,26,5
1237057868795967288,2,1
1237069398061425149,14,4
1237480651310090734,4,2
1237499761103903099,5,3
1237531796519096885,3,2
1237567699702724764,17,4
1237603188692989212,3,2
1237619450701095837,2,1
1237677167353615944,13,4
1237701563620923564,1,1
1237703590130053486,36,5
1237761386908787750,17,4
1237806349129627258,1,1
1237817605681708304,19,4
1237819933462326806,15,4
1238133384746137951,6,3
1238222036203393925,8,3
1238243695351576780,26,5
1238254485755284316,2,1
1238258896268913862,3,2
1238326061529748537,1,1
1238326429315997123,5,3
1238341579124205762,20,4
1238341641288270743,4,2
1238347652406585711,12,4
1238371907468185674,20,4
1238381443578046305,1,1
1238499227743321420,11,4
1238509498981065441,9,3
1238947803120956488,8,3
1238950592517244627,2,1
1238951844596878579,7,3
1238957326609723881,5,3
1238958623206523796,4,2
1238965701850757530,1,1
1238992059839990044,2,1
1239015740972986360,4,2
1239017057445480109,35,5
1239060069831602030,3,2
1239076907108012795,7,3
1239078439289498021,13,4
1239083966494415494,3,2
1239173019635439170,23,5
1239258459862677228,12,4
1239722670810979065,5,3
1239740835109958838,1,1
1239765039581212234,9,3
1239766424952117263,18,4
1239881306335980281,2,1
1240033435728584286,1,1
1240306208184693082,25,5
1240372444058136037,29,5
1240387691048729885,16,4
1240403168828729223,13,4
1240469956929695040,2,1
1240589608123936251,28,5
1240625971568344743,14,4
1240710741443731300,2,1
1240777385034369627,33,5
1241027954299833747,1,1
1241111442546117361,22,5
1241129710452353019,3,2
1241139204918511175,1,1
1241145626013420504,1,1
1241357696813957002,1,1
1241450504506768583,12,4
1241730283776613481,2,1
1241762276218704042,11,4
1241862405993183551,1,1
1241907383640494623,27,5
1241910488606317024,21,4
1241967082928365888,3,2
1241991290609853138,7,3
1242200237246111983,1,1
1242250558559949026,29,5
1242263523970104744,48,5
1242268958117967157,49,5
1242281907291918848,76,6
1242286863741660175,35,5
1242291922764084246,45,5
1242433967874827068,39,5
1242474175040905514,4,2
1242541773661012823,16,4
1242562034070871045,34,5
1242573969732395759,23,5
1242588867025161243,15,4
1242604429122662138,28,5
1242628640705208624,5,3
1242725035264945723,7,3
1242744201757855653,2,1
1242778526982617368,33,5
1242869899643710095,22,5
1242952892783282620,3,2
1243127699325018318,2,1
1243186749332514113,2,1
1243218653907886835,2,1
1243358572193173218,25,5
1243370726010213182,6,3
1243414609883189046,44,5
1243455146580062781,32,5
1243552369165689077,1,1
1243559015756488592,25,5
1243571013428552170,3,2
1243575627985484670,1,1
1243584329669244368,19,4
1243596374467798701,2,1
1243598084743894728,13,4
1243608631999512025,14,4
1243709372414830607,9,3
1243938475613591185,8,3
1243948355217835616,3,2
1243955570503973738,7,3
1243976767800787344,2,1
1243996029517363772,6,3
1244013485537167237,9,3
1244140350937615545,14,4
1244147093864976873,29,5
1244164362766226479,1,1
1244172682380439190,1,1
1244183448687585290,13,4
1244228686312788491,1,1
1244241638011406023,2,1
1244243567036896785,19,4
1244779225047248042,3,2
1244786174707953670,2,1
1244798056546735626,13,4
1244875879661308423,18,4
1245010947448538961,15,4
1245104978753224160,3,2
1245150700460907177,14,4
1245398181995221697,2,1
1245520658022713801,4,2
1245537660452181060,2,1
1245658878650603066,2,1
1245686875255563439,16,4
1245721309369954322,9,3
1245744980757322234,9,3
1245755802749861031,10,4
1245757058807411032,3,2
1245770232216609202,23,5
1245785806908575470,5,3
1245791785563274256,12,4
1245793839938980006,7,3
1245809705414139791,9,3
1245874219989717153,12,4
1246135228777818803,6,3
1246195277723309629,28,5
1246415792783908530,2,1
1246422100320305451,10,4
1246444727604840803,16,4
1246447239211664723,7,3
1246505130121722561,28,5
1246888703883170208,9,3
1246899710418031753,28,5
1246918725046471420,2,1
1246921325093798670,13,4
1246933238612513989,7,3
1246945662661168183,1,1
1246997584407535818,6,3
1247006064244509371,9,3
1247018688132273893,21,4
1247043448754032139,2,1
1247061996713194977,2,1
1247114741520242327,12,4
1247139803562470798,50,5
1247188183803632200,1,1
1247189310499119230,2,1
1247192007677126939,1,1
1247218376597825807,22,5
1247228293856524453,19,4
1247537080637687979,2,1
1247560398830824546,3,2
1247573622140686562,3,2
1247580287724426654,10,4
1247603418556579687,3,2
1247730988720838010,15,4
1247731967047673924,11,4
1247746111584233961,3,2
1247824905557156589,1,1
1247845299987766422,1,1
1247891235472328293,3,2
1247897859597871474,13,4
1247939576402232851,8,3
1247985077605165991,20,4
1248350682107581111,17,4
1248357735373975982,11,4
1248360051381160624,13,4
1248360830079976262,2,1
1248361392967924017,5,3
1248372905367284337,2,1
1248376207532345611,3,2
1248379190456808791,3,2
1248382748323360194,1,1
1248391452868186081,1,1
1248402308688809455,2,1
1248410881384188020,1,1
1248421143215538068,1,1
1248437281571195873,5,3
1248475845009956308,1,1
1248485168793177129,2,1
1248488358577291180,1,1
1248497525259483561,15,4
1248498204193572435,1,1
1248500742207174600,1,1
1248504995741735317,4,2
1248508791314997685,2,1
1248519000097876599,1,1
1248630216986322976,2,1
1248634540545807315,1,1
1248661531544113347,2,1
1248899684306187675,2,1
1248965418489915634,10,4
1249010164539759473,19,4
1249022124752204609,5,3
1249137978380301614,4,2
1249138100613381676,10,4
1249139171862797901,15,4
1249139557634733058,2,1
1249144498403376686,2,1
1249265245109679266,3,2
1249307727535811332,10,4
1249312776680308434,3,2
1249344719229281301,1,1
1249364468195682074,5,3
1249377228462333189,2,1
1249382918556835633,1,1
1249389219336268997,6,3
1249409618664332782,3,2
1249410900407537440,2,1
1249415453005863091,6,3
1249419370668388314,1,1
1249476434878311736,9,3
1249698858504723376,4,2
1249730409813685783,7,3
1249731105316435099,5,3
1249734794324277860,1,1
1249736915402155840,3,2
1249748755092109149,2,1
1249868507254559523,1,1
1249879043961129754,14,4
1249903271497337807,5,3
1249904904604819988,6,3
1249927841682622611,5,3
1249929682343432238,15,4
1249960607530671651,7,3
1250034321946404688,3,2
1250092058466135868,22,5
1250095220121970556,21,4
1250103439750633337,27,5
1250110590044752453,18,4
1250416454955637584,27,5
1250431549705532935,17,4
1250453933204913429,4,2
1250558948843424944,2,1
1250578998714124835,22,5
1250593696019396419,2,1
1250649871678027513,6,3
1250654069571019207,13,4
1250709579352799154,16,4
1250836880720843530,4,2
1251012359249309944,4,2
1251179860283688280,4,2
1251215995089499886,3,2
1251329134573529784,18,4
1251462693422157959,2,1
1251595539301903215,10,4
1251901483793366741,1,1
1252006123492718903,20,4
1252008969499799242,1,1
1252032387652290850,1,1
1252100748494317060,4,2
1252111415922762551,15,4
1252151387485148518,1,1
1252166299312830377,4,2
1252177156570224221,1,1
1252215240591843853,12,4
1252226889708620605,8,3
1252237090783322043,22,5
1252252242514791843,1,1
1252286224978083606,28,5
1252306610348209313,4,2
1252309987054355560,34,5
1252317525535065076,1,1
1252324367584586987,38,5
1252332747237750012,30,5
1252338945503833665,22,5
1252614600010750430,4,2
1252648222836888698,2,1
1252712409388722631,1,1
1252763211503162320,1,1
1252764235420992813,2,1
1252768893574335942,1,1
1252788340447587270,3,2
1252825910165703535,31,5
1252834872664502682,1,1
1252837896643003813,14,4
1252953344982892123,19,4
1253276397406965784,1,1
1253365017478679690,4,2
1253368874298595570,3,2
1253431078072456006,1,1
1253433441451134835,7,3
1253481209621087460,47,5
1253523183890719865,1,1
1253669091147350161,8,3
1253728897950080027,1,1
1253732620798052224,1,1
1253752154168063500,2,1
1253788870386111409,9,3
1253833842711798883,5,3
1253979243675779008,5,3
1254099608864221003,2,1
1254118516269325198,1,1
1254161400769134995,1,1
1254166441096208546,1,1
1254187177956335233,16,4
1254191679238654261,23,5
1254198533155223411,16,4
1254200254587379986,25,5
1254202604315711632,16,4
1254474295304586577,11,4
1254858593376433575,6,3
1254934927211575625,2,1
1254943510557944544,5,3
1254992379492387857,2,1
1255037474169981700,12,4
1255101974314613406,33,5
1255232764607444908,1,1
1255253269440596551,1,1
1255603537459551027,24,5
1255661304965855273,2,1
1255745421538794746,1,1
1255923675459150346,3,2
1255972064809923714,20,4
1256245860270772096,3,2
1256308487033815525,1,1
1256477523873705171,7,3
1256500773158301844,3,2
1256536013449930032,1,1
1256543553413727674,1,1
1257006142876376497,7,3
1257128068377113953,2,1
1257131137561799559,1,1
1257165742379664931,7,3
1257200228590364052,7,3
1257230127615046049,18,4
1257233051183930275,58,6
1257243956674156871,4,2
1257244630980241442,6,3
1257320754105311457,25,5
1257372759469296263,1,1
1257383827202770676,12,4
1257679898714016842,28,5
1257720797744764260,1,1
1257741347234291801,4,2
1257744978274678960,20,4
1257752659292865435,15,4
1257756831571394220,30,5
1257770435318210823,7,3
1257802296508932292,5,3
1257810784556164598,2,1
1257819880735582824,5,3
1257824239929384664,33,5
1257828262746293997,21,4
1257843705359963296,24,5
1257849684778933158,49,5
1257859082377396815,2,1
1257863381200228878,3,2
1257869378557516418,2,1
1257874170844876819,40,5
1257878204487055831,33,5
1257880670352461556,40,5
1257936671793162874,1,1
1258016979938543655,3,2
1258099742217172077,3,2
1258395534270697098,19,4
1258470221766415667,8,3
1258539712786930147,4,2
1258550240831876324,2,1
1258614753694890357,4,2
1258717608117827929,2,1
1258761041355950858,3,2
1258764926086510451,15,4
1258778730693339788,31,5
1258784106849058745,26,5
1258830231902967158,10,4
1258948880896591617,5,3
1258951723378778487,1,1
1259094556408472349,3,2
1259181274048196782,5,3
1259190849726652476,16,4
1259200941847100536,17,4
1259209088119119713,18,4
1259273337959072606,4,2
1259312605317940136,13,4
1259312620027177420,11,4
1259349339416556472,19,4
1259383831362024450,9,3
1259434396974742704,12,4
1259439750540382063,4,2
1259448899907315966,22,5
1259473920754348410,26,5
1259481526840688017,1,1
1259541246579817742,6,3
1259598555515797438,3,2
1259801982521966889,3,2
1259862546789639511,4,2
1259863189776384982,5,3
1259872206329389761,2,1
1259904777405087211,4,2
1259910831378043187,25,5
1259919527373373425,45,5
1260066048978349835,3,2
1260080343898895722,12,4
1260084380923624245,18,4
1260129923806878253,18,4
1260227518796956842,7,3
1260258189425327892,5,3
1260278750274022804,4,2
1260312620100220646,4,2
1260639949697374127,6,3
1260699457108011723,12,4
1260751489497048153,2,1
1260870198035583372,6,3
1260983183076047686,3,2
1261139948241928611,3,2
1261401973925911880,2,1
1261590252759179670,22,5
1261604133166268892,3,2
1261684821120572603,27,5
1261775157440061867,1,1
1261810616594719688,1,1
1262061887193663788,51,5
1262075007717437162,1,1
1262075443325542279,8,3
1262077228297425412,17,4
1262079001579000134,41,5
1262083983377021677,2,1
1262084862356791104,42,5
1262085055919993144,1,1
1262086962351214919,41,5
1262101215338710536,20,4
1262157643060277711,3,2
1262175698122998019,8,3
1262189200423098908,4,2
1262246821477823412,3,2
1262277279607461316,9,3
1262310109547521552,6,3
1262332363151970133,13,4
1262376606730324328,9,3
1262381527127481815,2,1
1262385000718450564,5,3
1262420105955316261,2,1
1262454092631676375,7,3
1262549410921032826,5,3
1262770454540912082,3,2
1262773956795410923,1,1
1262775955157590716,1,1
1262805058436797637,1,1
1262824885558755421,1,1
1262879151892140625,6,3
1262896931988276762,23,5
1263040021774098970,3,2
1263045537602863581,2,1
1263095177531075892,1,1
1263112893840274141,9,3
1263216499780286411,3,2
1263254764259662108,4,2
1263416574538876001,3,2
1263556244628810977,4,2
1263614160482587076,28,5
1263616061206209119,54,6
1263618055924138188,28,5
1263619858068019496,42,5
1263638711087041030,12,4
1263671783355975827,12,4
1263706899142567039,5,3
1263719585300282613,11,4
1263727054032564450,1,1
1263798100755505319,24,5
1263807957204294926,3,2
1263823654909441209,15,4
1263844688311680324,1,1
1263849120570090851,19,4
1263902734243416680,1,1
1264044471555423643,19,4
1264052357690102981,15,4
1264195499851453861,3,2
1264227395584950502,2,1
1264287944684384629,4,2
1264299428264291650,38,5
1264307526702579670,13,4
1264317524789698133,1,1
1264343834341146099,29,5
1264418885966388247,23,5
1264435391451812504,5,3
1264465034130232588,1,1
1264465706600210559,3,2
1264484524921992876,30,5
1264486021711459805,3,2
1264487621410316138,4,2
1264528930081428767,1,1
1264613212685911897,23,5
1264628578322751787,14,4
1264637184146300049,3,2
1264991342521352822,2,1
1264993866361110219,4,2
1265026467864978492,20,4
1265033105131226909,2,1
1265083648943249915,4,2
1265094251929285894,1,1
1265152362034586756,22,5
1265284636529995403,3,2
1265313795469443508,18,4
1265658659282041038,7,3
1265740568692938919,2,1
1265951030648561813,2,1
1266035720887986128,9,3
1266059490507193034,29,5
1266118668172415778,1,1
1266371187449786929,1,1
1266377393461308682,1,1
1266537147051465709,7,3
1266556841182684799,21,4
1266642016925177106,2,1
1266721633463751964,3,2
1266725100390868171,1,1
1266806820373439234,10,4
1266816900535667499,21,4
1266825434767332980,1,1
1266827729496058964,4,2
1266834166408896483,3,2
1266844100199304484,16,4
1267110417354557796,2,1
1267145514660157684,10,4
1267166307476330336,3,2
1267194776327788533,13,4
1267202626284565959,2,1
1267213348165445321,3,2
1267275470864859476,2,1
1267303276174419733,1,1
1267319986427419624,2,1
1267348381171161284,21,4
1267351264961262233,30,5
1267355320216616742,1,1
1267356305394478512,4,2
1267437523496521315,3,2
1267475544317835761,4,2
1267539183986275285,1,1
1267546253316042125,11,4
1267565165006921785,1,1
1267574974180346904,1,1
1267582385686756104,8,3
1267620923343422132,2,1
1267624792093764796,1,1
1267670247580160668,1,1
1267842550625409825,2,1
1267874225590045839,31,5
1267876166431414960,17,4
1267879600939978551,11,4
1267902736133444325,17,4
1267945216906054470,2,1
1267955569402871445,7,3
1267967533694513398,46,5
1267974090228347368,1,1
1267993288599592951,2,1
1267994464157438231,1,1
1268022146164738034,19,4
1268127109647831506,1,1
1268220789310809818,16,4
1268236515149695455,1,1
1268579433455882718,13,4
1268638698956704215,13,4
1268668784680460501,30,5
1268699829334209922,9,3
1268770463550914417,1,1
1268785976984172624,5,3
1268829509006363929,4,2
1268834257018682809,6,3
1268838003332153711,6,3
1268841853250961393,3,2
1268890620720008137,7,3
1268897746140135891,18,4
1268899068813032692,7,3
1268930610648187290,3,2
1268976803098280095,14,4
1269082585266762341,46,5
1269372339020173870,8,3
1269377964399369177,1,1
1269382342679027455,3,2
1269390842044788455,3,2
1269415209702027305,11,4
1269423576959155654,10,4
1269443146403482465,10,4
1269464482404708296,26,5
1269476125147110382,19,4
1269538354547299958,15,4
1269557893621674988,8,3
1269592809141608157,23,5
1269661977815217347,29,5
1270034265765155499,3,2
1270044780786831403,31,5
1270058962877444956,21,4
1270070916373724960,1,1
1270102828015213429,4,2
1270104993281982393,1,1
1270142647842454285,7,3
1270183002582491799,3,2
1270186198618442835,4,2
1270187072290802163,8,3
1270200408230770518,3,2
1270209073360122046,4,2
1270223245678530150,16,4
1270258412399698909,14,4
1270270718641732884,5,3
1270282971029160966,2,1
1270301000733328577,49,5
1270303214928531062,10,4
1270332246190573597,1,1
1270340203504934510,1,1
1270388483167020470,1,1
1270401303362201229,1,1
1270472661103903852,31,5
1270475013800998170,18,4
1270582902294455566,40,5
1270603355099648574,1,1
1270608186208335739,8,3
1270627883651928208,1,1
1270797384445958561,11,4
1270823871653526094,1,1
1270882291792070474,11,4
1270886602741288074,20,4
1271043833027179174,26,5
1271051475875406695,23,5
1271257931137130759,4,2
1271585400359525818,9,3
1271666320639744169,11,4
1271714106535628993,14,4
1271797992349566971,26,5
1272245099126701342,2,1
1272285899905940352,2,1
1272343268740760597,12,4
1272374584604261455,6,3
1272404806235853032,2,1
1272412676511867368,12,4
1272463855404026670,21,4
1272469675776959786,13,4
1272611860642168223,5,3
1272921993335962762,10,4
1273019243486966002,4,2
1273045015819718803,7,3
1273069545500676015,1,1
1273075025159477885,17,4
1273081519310376283,1,1
1273300327670406455,18,4
1273628822180515602,2,1
1273680745503114639,4,2
1273779449399676414,6,3
1273809936482561191,6,3
1273819696901832141,4,2
1273874791775501612,3,2
1274052428203393937,2,1
1274332583126901284,16,4
1274402555792415156,4,2
1274466759143364455,16,4
1274509244923306979,2,1
1274529736248995391,26,5
1274541313551739633,2,1
1274607356733270768,32,5
1274745455558070798,1,1
1274790151808538723,7,3
1274825908527735120,6,3
1275077623090235577,20,4
1275134879098746668,30,5
1275260381298993732,10,4
1275315933727424406,16,4
1275366172567482015,11,4
1275368569021984030,18,4
1275391485511694363,4,2
1275419526937666414,1,1
1275427192654729444,28,5
1275499638922295357,32,5
1275524276466309639,2,1
1275552371398325834,9,3
1275560934166683516,1,1
1275785061457483169,1,1
1275839167833721192,11,4
1275851858552167108,14,4
1275880114056289751,2,1
1275927470828569720,4,2
1275936552753830655,3,2
1275941920108552852,1,1
1275958983928421503,1,1
1276024887465415219,2,1
1276048246083553871,3,2
1276163794401572015,1,1
1276211117687438432,1,1
1276226709492381225,1,1
1276235445774797864,3,2
1276473983011192805,30,5
1276595361039184586,1,1
1276633265530198070,8,3
1276755545738866646,3,2
1276756219009439865,9,3
1276847835933744934,23,5
1276854941428396186,2,1
1276856031313802584,21,4
1276944379663078047,7,3
1277266371277254125,6,3
1277326174019992545,1,1
1277375507336820180,8,3
1277392215287750945,1,1
1277395752071731376,2,1
1277425228296505355,17,4
1277437776827951361,6,3
1277461822077020459,20,4
1277463966594315930,1,1
1277491869941999548,1,1
1277556915583000247,62,6
1277597332164506392,2,1
1277616396335402250,47,5
1277645982462653454,7,3
1277688244108242810,1,1
1277763146013399435,5,3
1277854143914160016,1,1
1278018296173205199,11,4
1278034297146070020,8,3
1278092240138719943,3,2
1278098608007358210,1,1
1278101764795110334,5,3
1278104426458173145,3,2
1278106163452904884,8,3
1278139598299167031,4,2
1278163900046261618,11,4
1278202710184453538,5,3
1278216640246959340,1,1
1278251703189962473,1,1
1278269990421114360,8,3
1278287907376756399,4,2
1278343582094652278,15,4
1278349921358545288,53,6
1278457939820263061,2,1
1278474668931718380,21,4
1278710514729752584,9,3
1278721270533275461,6,3
1278739246028413199,8,3
1278752175260997693,4,2
1278767487948815925,2,1
1278852102056916278,22,5
1278882632208693048,4,2
1278889080283543518,12,4
1278953851282366535,14,4
1278955292484038253,5,3
1278984398738882611,9,3
1279363500141691566,2,1
1279477946771626233,1,1
1279526056369406662,1,1
1279528844211434934,4,2
1279530445126873022,1,1
1279542047295660494,4,2
1279545424621596537,2,1
1279545998547817144,16,4
1279550700143368968,1,1
1279579360322344894,1,1
1279603589023251214,35,5
1279608567371584642,3,2
1279673381042042434,3,2
1279701032079274943,12,4
1279715910476476402,2,1
1279726354454983175,4,2
1279779418290615324,25,5
1279784984112508713,19,4
1279795962306868518,6,3
1279801752464592830,14,4
1279807786896555294,20,4
1279826767370709169,24,5
1279827307471043570,3,2
1279834896688696567,3,2
1279841609508052640,4,2
1279844251233667498,24,5
1279845399218619650,6,3
1279845419255313174,3,2
1279853594812227614,14,4
1279863339550847277,23,5
1280192831460488465,6,3
1280197477795387523,1,1
1280202749696680349,16,4
1280223934633959431,21,4
1280234748276841912,2,1
1280235599668876265,7,3
1280240456247564989,1,1
1280242259860882858,19,4
1280247866821466250,11,4
1280266304686791881,19,4
1280269144624864459,20,4
1280328371280365832,23,5
1280328468879946283,1,1
1280333043526871639,20,4
1280336631657166519,18,4
1280339263996023646,25,5
1280376663544602263,1,1
1280379509923061199,3,2
1280419053670369859,37,5
1280429818210651392,24,5
1280435808006793616,18,4
1280444025393755355,17,4
1280448691761692311,2,1
1280517983503904465,3,2
1280522446218609818,8,3
1280583083956184181,5,3
1280621206300826748,1,1
1280826012189894978,3,2
1280885468398865526,6,3
1280895556790743652,7,3
1280898243835796700,10,4
1280953617272581338,1,1
1280972587335410879,3,2
1280979698648958987,2,1
1280990312893592511,1,1
1280991783961245025,2,1
1281012785661194550,2,1
1281015231947513091,1,1
1281024005204230127,3,2
1281031047503465993,3,2
1281047165251013507,3,2
1281058759579100321,2,1
1281077361303157755,3,2
1281083563546992730,32,5
1281086255909301649,5,3
1281105034863109071,20,4
1281127965104421243,32,5
1281138785961730756,31,5
1281192000663567091,11,4
1281199463941782279,5,3
1281209999898947022,2,1
1281210211297390268,12,4
1281258915357043058,2,1
1281270457106547525,6,3
1281290986920528801,2,1
1281321652320591783,12,4
1281326072062272798,8,3
1281662324357165380,2,1
1281687927423577201,18,4
1281726529812497321,13,4
1281726974375673779,1,1
1281741235452565290,18,4
1281936175354488066,1,1
1282312071000294381,6,3
1282320454562985782,7,3
1282367598212167473,5,3
1282449979582288022,38,5
1282465310224499900,24,5
1282558081382023022,1,1
1282571462566874398,1,1
1282577728438489083,3,2
1282588571039586691,11,4
1282686619969647856,2,1
1282702579888164204,4,2
1282706091558660703,5,3
1282716685851062732,4,2
1282731251743513475,1,1
1283134341164945353,1,1
1283136311699473079,6,3
1283155183337311167,12,4
1283175752639284076,9,3
1283178785523994210,1,1
1283201955971193068,1,1
1283212581774455004,5,3
1283212962688273834,13,4
1283215707642269280,2,1
1283220997619505778,3,2
1283270234839975907,1,1
1283277915860660465,6,3
1283310040779157262,3,2
1283313831819745428,10,4
1283332102178853393,21,4
1283335730762394182,34,5
1283405965583968055,1,1
1283463244507801221,23,5
1283824000470066980,53,6
1283867838571684586,6,3
1283871877210137556,2,1
1283892058506904338,26,5
1283896698268826493,1,1
1283906675825710454,8,3
1283914122942167613,7,3
1283935012645472866,2,1
1283938765773484811,6,3
1283964377945738745,4,2
1284017926513604596,16,4
1284076001383113135,3,2
1284083745947557336,12,4
1284084087221794750,9,3
1284119849420197560,6,3
1284538973234968164,3,2
1284594247000962214,2,1
1284629234947848507,22,5
1284716589719088188,8,3
1284725287957960649,1,1
1284734119965940813,1,1
1284741084098301291,1,1
1284745374529781142,2,1
1284763313063213005,1,1
1284958147563481320,13,4
1284966640023960175,23,5
1284971225002040998,6,3
1284973472535972990,4,2
1284973495194006334,16,4
1284979703399583249,24,5
1285238638077255575,48,5
1285246357216210321,13,4
1285280513918672561,1,1
1285315110517405539,1,1
1285343973668952029,4,2
1285407068536766723,7,3
1285425901368291862,6,3
1285487678032468842,23,5
1285526045478683826,3,2
1285571275105868517,3,2
1285580607500893867,11,4
1285593031774505040,2,1
1285602477699604646,3,2
1285664253716946005,13,4
1285977887502316424,4,2
1286019576522803128,3,2
1286048591409479254,25,5
1286082523257688869,14,4
1286090259854831075,2,1
1286093481496921484,8,3
1286094012728068290,28,5
1286113608381168359,2,1
1286134392309923007,35,5
1286150501507025736,37,5
1286165017902697705,4,2
1286259142316539669,29,5
1286751550825570197,9,3
1286777588659902881,2,1
1286796046558699238,3,2
1286875570311081076,19,4
1286877163020325211,26,5
1286892884312337561,5,3
1286916267466293760,18,4
1286931891959298857,1,1
1287009819273158101,1,1
1287057690972018979,3,2
1287415356422132160,1,1
1287421571758019680,3,2
1287475882412818550,7,3
1287514053349357343,24,5
1287529269167801453,6,3
1287534020353793562,23,5
1287534352203010699,8,3
1287539382143252930,1,1
1287542245693084508,1,1
1287542283579423075,4,2
1287563008716971788,13,4
1287576273065620477,28,5
1287610175794236370,9,3
1287623015471723646,5,3
1287681011963941223,8,3
1287703428624537118,25,5
1288069485371983807,2,1
1288111041454234779,4,2
1288149476422663167,4,2
1288192150439739501,4,2
1288259691464986140,18,4
1288313041042708131,9,3
1288400110160292588,2,1
1288401622474497344,1,1
1288441992116535911,1,1
1288942793007030314,4,2
1288964846820653232,30,5
1288990785629822188,2,1
1289009875606672859,11,4
1289024725157223258,6,3
1289085935065395024,13,4
1289100801272606550,1,1
1289124126535923242,3,2
1289205139512790993,17,4
1289218353613456616,6,3
1289224767566301819,10,4
1289255799390629402,7,3
1289256587008014302,9,3
1289274109455718064,2,1
1289289242654214587,12,4
1289595603191878878,3,2
1289600930546251739,12,4
1289602962960452098,44,5
1289630452477596667,11,4
1289694400901419555,1,1
1289696322445575413,41,5
1289742607938659743,11,4
1289744110160899536,10,4
1289748192202363158,2,1
1289775680600306200,19,4
1289791537514453066,28,5
1289797652228656544,1,1
1289830775470569528,22,5
1289846301265889522,23,5
1289861596180365735,4,2
1289861743004678841,5,3
1289895597274215630,11,4
1289904227017463097,13,4
1289989542617558419,6,3
1290007141556997564,19,4
1290051166308054250,8,3
1290073788023582109,9,3
1290114740141914877,26,5
1290296739910260528,26,5
1290320833933125097,24,5
1290329707257391469,20,4
1290435399452595431,1,1
1290445900384009108,7,3
1290510022329797294,10,4
1290523518225829659,4,2
1290541837654025151,3,2
1290656996695948716,19,4
1290686965933417310,4,2
1290722493551733085,1,1
1291062723379277141,2,1
1291151178110195268,32,5
1291158549290995404,2,1
1291324878242878921,1,1
1291374835759210818,4,2
1291374847083992068,2,1
1291383211102645745,19,4
1291386621951316103,3,2
1291772734110582801,2,1
1291833359979517585,1,1
1291862018725960465,36,5
1291882208760480314,29,5
1291917332201635703,32,5
1291928958969645338,26,5
1291936522040020134,2,1
1291972432445694395,2,1
1292162535466516301,3,2
1292224382508571799,3,2
1292229332326472702,2,1
1292420972914200816,4,2
1292500118386034044,8,3
1292588220345133891,2,1
1292596351269997949,1,1
1292614451682879811,2,1
1292621227252914915,14,4
1292640258414115242,3,2
1292659551679663058,12,4
1292679206964899398,21,4
1292706602648347787,47,5
1292715393578131947,2,1
1292721450039911566,24,5
1292857688266503065,2,1
1292876195770638152,2,1
1292956568699060915,1,1
1292963141082927293,3,2
1293235074916041714,1,1
1293238958626021064,10,4
1293259932512439463,3,2
1293282887987318842,9,3
1293328504634336279,2,1
1293351033243149152,4,2
1293354270824205477,2,1
1293377821366182624,41,5
1293380487039079285,3,2
1293382274572978255,3,2
1293400206236338941,23,5
1293401499397490222,1,1
1293402062070430445,1,1
1293420931482217986,23,5
1293433293658128044,1,1
1293476340091151497,35,5
1293510771845216484,30,5
1293516234878096938,28,5
1293518874177835230,3,2
1293564947500739016,13,4
1293985260440089610,27,5
1293988881802417184,24,5
1294006582652751951,1,1
1294039990370658125,5,3
1294073584922734677,1,1
1294085259593403230,7,3
1294148741969714987,1,1
1294152894859566524,6,3
1294188068408618143,5,3
1294191433968479392,5,3
1294204491279547568,12,4
1294221677488618672,2,1
1294232165963011717,5,3
1294280950224196098,11,4
1294349495174385859,1,1
1294353146978358273,7,3
1294361231628057729,4,2
1294420596971683970,10,4
1294614830787103809,2,1
1294663813138124427,10,4
1294680816459415350,4,2
1294683965352875676,9,3
1294762764509187520,15,4
1294777988537572950,4,2
1294806089485521950,3,2
1294925322990537730,1,1
1294949779717251264,3,2
1294964189476948036,2,1
1294965664069831769,13,4
1295078380983695688,8,3
1295436279685763132,8,3
1295441349182684116,5,3
1295448473259163644,1,1
1295457808493489960,4,2
1295458596724957424,1,1
1295478476372822656,9,3
1295497750503279153,2,1
1295511588309353069,6,3
1295536242779109899,16,4
1295629239502297915,6,3
1295761124236351053,2,1
1296061986228729700,8,3
1296092830813445112,1,1
1296169297892184762,2,1
1296178571613793633,3,2
1296244859571974166,3,2
1296251014420882034,33,5
1296280102400412115,21,4
1296301135064142221,8,3
1296367287289349703,1,1
1296378247828017824,5,3
1296381617697798385,9,3
1296383507345289771,21,4
1296386015579631768,1,1
1296390180663232555,19,4
1296392154926543275,11,4
1296407448935201541,5,3
1296419511754698481,2,1
1296435221060834202,3,2
1296510699643959835,1,1
1296988125560955738,4,2
1297007502797556068,3,2
1297016966453078740,7,3
1297034399813276380,6,3
1297061833870225295,5,3
1297070359253073567,3,2
1297087251153639966,3,2
1297105824743229207,19,4
1297161923209515816,1,1
1297170309590106155,2,1
1297181935941893493,8,3
1297239362427080237,2,1
1297242867065185217,3,2
1297540965564335570,1,1
1297573461127120963,1,1
1297594976703418563,1,1
1297627775062295274,2,1
1297634334640065314,1,1
1297638963701348062,49,5
1297639470640976850,1,1
1297641145376945165,2,1
1297643489314657659,8,3
1297663701875406439,2,1
1297680502185851727,3,2
1297683744505329405,1,1
1297691800876345046,1,1
1297693865930886127,9,3
1297703781469436875,9,3
1297708115940393722,1,1
1297712156075527900,4,2
1297720193754221354,3,2
1297720224194541396,2,1
1297721318163664571,1,1
1297729785740113578,1,1
1297738848147194267,9,3
1297808566262643632,1,1
1297810392514985111,1,1
1297871209126392731,2,1
1297883912887212604,3,2
1297912637246207997,1,1
1297969762733120597,12,4
1298271428391126430,5,3
1298290468385373779,3,2
1298303006473561909,2,1
1298310521400822745,3,2
1298312385500210044,2,1
1298327500765279540,1,1
1298341921710183174,11,4
1298343738848873581,5,3
1298352534969408208,1,1
1298375453270708593,3,2
1298389716931042739,12,4
1298390722977118642,6,3
1298509188329488667,6,3
1298514731540124989,13,4
1298630945602527918,2,1
1298637976430964497,1,1
1298643230013367793,3,2
1298800494129450419,23,5
1298895678167516311,8,3
1299020016424243858,2,1
1299044853491258612,16,4
1299057888328761999,4,2
1299059756451065397,4,2
1299067234471681983,2,1
1299067679551603248,12,4
1299088225717183607,1,1
1299097249741109078,4,2
1299108055197913304,5,3
1299160770855761814,3,2
1299161414815018478,14,4
1299166317692859806,3,2
1299222024512863702,28,5
1299237829288182967,2,1
1299251542928152624,4,2
1299264936086407844,11,4
1299271290479557092,15,4
1299300671775594550,1,1
1299345973540594404,1,1
1299360984629864294,2,1
1299370119148657144,12,4
1299390241122423393,4,2
1299392877555827157,4,2
1299395178945013052,5,3
1299397374823317169,3,2
1299399575629038435,3,2
1299400673711174838,3,2
1299404764509263850,1,1
1299720433126781360,4,2
1299732960582208884,3,2
1299758076864233114,17,4
1299765695629798772,5,3
1299773238285716343,1,1
1299775198549401733,7,3
1299778499026527163,7,3
1299781042948281334,3,2
1299820604788274085,7,3
1299839169460373923,1,1
1299848421476568556,2,1
1299863274150476550,1,1
1299868047208432420,1,1
1299882109614146552,2,1
1299891735998095155,2,1
1299895740750986471,11,4
1299904059874082487,4,2
1299907730006130934,2,1
1299907742178882026,8,3
1299912749794188802,1,1
1299916693153920581,3,2
1299965693415034023,3,2
1299968233903407406,6,3
1299969373489231635,2,1
1299972936694013426,2,1
1299976166255495191,3,2
1299979653991503025,1,1
1300043109806663732,20,4
1300050490510278325,2,1
1300118105008009078,7,3
1300122571971779734,1,1
1300194223549765217,2,1
1300220022642428179,16,4
1300451176491573514,17,4
1300488087695866721,1,1
1300495174525892451,3,2
1300498639348797692,7,3
1300502917679543016,1,1
1300512762499394775,17,4
1300518703296309140,2,1
1300524217883168842,19,4
1300532793446587597,27,5
1300568615433535201,6,3
1300570004984117362,2,1
1300570470769642402,4,2
1300573761805503161,14,4
1300682286592935307,2,1
1300743590086171803,1,1
1300930367866324609,3,2
1300935764230015725,1,1
1300939446662249068,3,2
1300942971359729450,2,1
1301001752315517137,9,3
1301003279391111085,17,4
1301227049777506556,7,3
1301228894469259064,6,3
1301261125085806204,10,4
1301297273883430318,7,3
1301303486614436261,2,1
1301313124948248382,3,2
1301318320161403841,2,1
1301319857370605075,1,1
1301321251846461589,3,2
1301325067712837283,2,1
1301329710992614880,7,3
1301335379739702166,7,3
1301354613087497119,13,4
1301358388162990686,11,4
1301402989926556819,12,4
1301444270410065247,2,1
1301447484016381868,14,4
1301474564898901868,4,2
1301479516291269541,18,4
1301566296094822681,20,4
1302094066885879343,12,4
1302110090556572965,1,1
1302113163220201086,25,5
1302137902308589946,4,2
1302166763381275768,19,4
1302275445018168562,36,5
1302276218490104286,13,4
1302277590220249166,5,3
1302306898725181535,16,4
1302320247044526013,1,1
1302328093026624366,2,1
1302371744697415222,6,3
1302393914192328033,1,1
1302683929401777457,11,4
1302688544852008407,6,3
1302692864107483574,8,3
1302717269268348797,23,5
1302740126775333037,4,2
1302758654395844561,7,3
1302768891285104594,14,4
1302803278891979262,3,2
1302820681556613639,5,3
1302830899525908987,2,1
1302877807425310216,1,1
1302937206303555927,3,2
1302941387846696588,3,2
1302960438073217987,1,1
1302970860799527858,2,1
1303043123259057559,16,4
1303047321799878468,4,2
1303054932312802907,1,1
1303060308703536786,3,2
1303119417976866962,11,4
1303126407063523003,12,4
1303376954164012971,1,1
1303426216486196996,5,3
1303433257068513996,23,5
1303441414942762028,12,4
1303484984142939125,2,1
1303490517294669764,5,3
1303498998749525975,2,1
1303533862591524812,11,4
1303544329429763634,2,1
1303548464345637287,2,1
1303554869614316677,15,4
1303599301475145721,2,1
1303604650826902383,1,1
1303685162168854466,3,2
1303697812469447480,1,1
1303708060227353640,1,1
1303710802234785425,31,5
1303722500633951148,9,3
1304110148203716087,7,3
1304120416290775500,15,4
1304134109426498430,9,3
1304207632491203907,6,3
1304212627854739979,13,4
1304217347981849344,3,2
1304270264776891761,19,4
1304305564966078328,15,4
1304389507489815991,18,4
1304396008781854496,1,1
1304573851210765798,20,4
1304575434978416990,5,3
1304870097098283365,7,3
1304895146449511850,4,2
1304923386761933030,10,4
1304968172906328678,17,4
1304983908792112006,23,5
1305001014452134211,5,3
1305027919143884111,27,5
1305053248718038859,1,1
1305122082543204900,10,4
1305145283424530561,9,3
1305200850685629367,1,1
1305310077794018195,21,4
1305558146490805494,25,5
1305592835989164810,1,1
1305604071073452821,2,1
1305610970411680508,4,2
1305664898673824804,5,3
1305667084415625693,7,3
1305712331125007604,4,2
1305721793493477614,4,2
1305724685019234362,21,4
1305762735566157839,25,5
1305796767311726888,1,1
1305919439949992236,1,1
1306089340114010948,12,4
1306284544232217195,4,2
1306328535490048219,8,3
1306330426342606688,21,4
1306339632629843412,4,2
1306389104325339879,2,1
1306475035881848476,21,4
1306487668934444543,13,4
1306495194219689433,20,4
1306498029149464192,10,4
1306552599725768881,2,1
1306665311044558706,1,1
1307127514842790460,15,4
1307160264519962006,12,4
1307195625696900425,2,1
1307204926245797495,1,1
1307214123458340245,33,5
1307231133036327785,15,4
1307262028787918812,4,2
1307378260430163849,22,5
1307749706432493207,1,1
1307784401745919803,24,5
1307788211187855772,15,4
1307790657914455377,12,4
1307891057192831020,2,1
1307924088061212333,4,2
1307969662253393836,7,3
1308094962516381497,2,1
1308149184361892768,5,3
1308159617093400816,8,3
1308188487608852929,6,3
1308487665758503083,1,1
1308602686102254499,10,4
1308650243425547760,14,4
1308669548865337851,38,5
1308738975222958749,2,1
1308829447796161828,1,1
1309295556940418818,9,3
1309309425324048511,2,1
1309342674541955137,4,2
1309409468354121519,13,4
1309902602699343574,15,4
1309905852406963305,9,3
1309954862978792395,32,5
1310056983849082726,1,1
1310162057544389163,4,2
1310163288022287975,5,3
1310224097165671323,17,4
1310230145933738904,5,3
1310237364345703415,29,5
1310681797307328350,3,2
1310684077813346270,1,1
1310812232908561259,14,4
1310855162067681314,4,2
1310907595806757783,10,4
1310909714396885629,5,3
1311341631426864717,2,1
1311353313762409511,6,3
1311445061888047102,6,3
1311459459587775593,1,1
1311462140658322649,6,3
1311468717436881486,4,2
1311482289330584841,1,1
1311732962179191041,37,5
1311990443339266145,1,1
1312027788280087252,1,1
1312170871052199774,6,3
1312190010239779014,1,1
1312246017463261537,12,4
1312284483115162762,2,1
1312299373520739581,4,2
1312541526413653052,7,3
1312781471639311586,18,4
1312845791668758289,24,5
1312855506700467928,5,3
1312858922685621366,1,1
1312861614662499007,4,2
1312865885136025286,2,1
1312871905492991554,10,4
1312881958157277453,2,1
1312894469062979696,12,4
1312894571215290389,10,4
1312898542221954804,26,5
1312898547471495745,19,4
1312900104340395269,8,3
1312901327994427525,28,5
1312904486223006727,19,4
1312906102117794612,15,4
1312937237003622677,1,1
1312944919572670243,4,2
1312998956988933127,6,3
1313044560908506582,24,5
1313139576334552771,1,1
1313146070588876494,26,5
1313201160896821905,1,1
1313565179654973118,2,1
1313590789181999139,40,5
1313669552581760468,10,4
1313689349563263089,22,5
1313696781099487736,9,3
1313710274998514434,12,4
1313715922928504583,32,5
1313728285898890279,10,4
1313729198620512594,10,4
1313749909085210138,11,4
1313759413756536540,21,4
1313825590431946815,13,4
1313862754800912163,10,4
1313869175052858052,5,3
1313873020771378771,10,4
1313875553220468121,1,1
1313877789731046597,2,1
1313880742548841160,2,1
1313884442800500950,9,3
1313886370367951369,15,4
1313887679728983383,1,1
1313890186300926972,15,4
1313892492729422408,18,4
1313894891259718868,3,2
1313898241034076285,1,1
1313903911861469022,9,3
1313932738046667156,30,5
1313960137612475615,1,1
1314292812528281652,7,3
1314385338616132685,1,1
1314426328513017590,5,3
1314430359515339917,10,4
1314445837786385771,1,1
1314448787289581623,14,4
1314454852547473127,12,4
1314460724817280658,25,5
1314461526872734081,18,4
1314530037255517277,6,3
1314533717816646241,11,4
1314538350402187208,1,1
1314570340000105953,1,1
1314642585690079702,1,1
1314654414524815770,3,2
1314728164976417942,31,5
1314999095953562604,2,1
1315015886275187736,8,3
1315031327385182956,1,1
1315031574154282797,12,4
1315037701506987408,6,3
1315041714622376308,11,4
1315085397174978773,5,3
1315134052767269088,14,4
1315137294046937462,1,1
1315166720627270571,7,3
1315182929486386808,5,3
1315296180487444110,2,1
1315355830304056428,2,1
1315436611239202179,24,5
1315711638382982708,14,4
1315741214688055849,1,1
1315774243665266211,3,2
1315815582556944824,8,3
1315883577387156211,1,1
1315922279130101382,12,4
1315934236174503037,19,4
1315942421000037613,2,1
1315948344059868888,15,4
1315948826957730417,4,2
1315955578031746695,4,2
1315962440706179589,10,4
1315970989862291982,21,4
1315973379429095023,1,1
1316011713733912294,10,4
1316139111200855227,17,4
1316160600013363596,2,1
1316166411580286148,4,2
1316169964122074850,11,4
1316193130929744969,8,3
1316428904213896677,4,2
1316461390339297886,14,4
1316479518804474379,1,1
1316530035383067694,1,1
1316557083365900058,2,1
1316568910559993935,1,1
1316603031762057852,1,1
1316608036075782432,5,3
1316662061196311526,1,1
1316663752180887432,19,4
1316687531700445871,1,1
1316688438865717407,20,4
1316695229113275700,2,1
1316701360362584675,2,1
1316713539965346067,2,1
1316722132459031731,4,2
1316743313016132711,7,3
1316871760912561485,21,4
1317239637397048545,9,3
1317245100237961124,10,4
1317253732231667233,11,4
1317275907787877545,2,1
1317299521815395136,1,1
1317391942071767909,1,1
1317394525419599704,8,3
1317433272557142588,16,4
1317476063874107519,22,5
1317487387412775030,13,4
1317523004948591490,1,1
1317556723744547562,1,1
1317614999699248083,4,2
1317635752418406391,10,4
1317702134354005292,1,1
1317827852563319483,1,1
1317875995735987536,6,3
1317912596238088015,4,2
1317926177292023683,34,5
1317939361312593685,1,1
1317977596370620097,1,1
1318008301463595591,2,1
1318075880873116197,22,5
1318129089046247838,12,4
1318156421126106668,3,2
1318206037489849720,16,4
1318215579427896064,2,1
1318239990898077299,1,1
1318246978359839757,2,1
1318476288852617994,2,1
1318605188699806250,6,3
1318636698003755620,9,3
1318655633359091172,16,4
1318686939669278938,7,3
1318711450377083556,3,2
1318739339127740263,9,3
1318751803511857436,2,1
1318752926916440348,7,3
1318799498189068285,6,3
1318801802385912208,5,3
1318840881192657155,3,2
1318859247507598016,1,1
1318873422105036666,23,5
1318901120384225821,11,4
1318944435463435010,3,2
1319244184917162849,5,3
1319457262545986576,2,1
1319503782009506717,6,3
1319524150042924520,10,4
1319551823648661218,14,4
1319561083381533907,1,1
1319579798809627693,2,1
1319600074670598354,2,1
1319639425522470775,2,1
1319649616913778077,24,5
1319654837070033430,2,1
1319655624577431550,6,3
1319671113811997908,3,2
1319694262167005415,14,4
1319728375866308302,3,2
1320020184416082697,3,2
1320074983470850749,14,4
1320198356807794912,1,1
1320215757188408859,1,1
1320319156026191173,1,1
1320323263815432226,8,3
1320385531520719751,13,4
1320420185395562468,2,1
1320478324374309069,1,1
1320757205687585340,16,4
1320772581965406179,12,4
1320800109051273829,3,2
1320821537053894532,1,1
1320832094145966160,3,2
1320833798208394659,1,1
1320849743555892714,3,2
1320850124849867130,48,5
1320853439925504712,63,6
1320854961680896662,25,5
1320977244157677920,20,4
1320997455163542176,20,4
1321034032214963955,1,1
1321056621663084420,9,3
1321105780457909918,3,2
1321125037671148352,2,1
1321147768589751072,8,3
1321149384798332514,5,3
1321152253860685317,20,4
1321155782904228548,24,5
1321165046329185666,29,5
1321207035596001243,1,1
1321242509812880456,5,3
1321552332720017757,6,3
1321648399156748133,2,1
1321720055561885990,2,1
1321743338812791960,6,3
1321767746042966884,10,4
1321824116752120978,1,1
1321880339641315989,8,3
1321902534521486443,1,1
1321905938489432075,5,3
1321909971955212207,1,1
1321924240248922001,1,1
1321991236591634875,1,1
1322164858314715268,17,4
1322293334914113549,1,1
1322384463271736696,2,1
1322404091983945704,6,3
1322439902792565003,11,4
1322448316149363109,4,2
1322480753243310726,1,1
1322482129969966165,7,3
1322524830769736494,3,2
1322545126035057350,7,3
1322607150242146110,11,4
1322617398461736780,3,2
1322617655368114088,10,4
1322623536852521746,14,4
1322633897051922364,2,1
1322640573975237064,4,2
1322670514534549482,1,1
1322860354697057067,16,4
1322874554271219758,3,2
1322878036796234831,6,3
1322960686985212415,2,1
1322994921041125540,1,1
1323002784246523528,2,1
1323052956793931801,3,2
1323059928400868451,26,5
1323096836564919689,12,4
1323119407585545376,9,3
1323123802337348522,12,4
1323129141362614216,1,1
1323284440880253220,11,4
1323332375920049220,16,4
1323742754833100579,1,1
1323758327500921286,1,1
1323766845501846677,20,4
1323774359367217455,15,4
1323802411548659312,25,5
1323886155907034604,1,1
1323971096018846905,1,1
1324040445121535940,32,5
1324429736990451639,5,3
1324534357312587944,2,1
1324551990498447798,2,1
1324592312570715976,3,2
1324664390348053279,3,2
1324697920571173175,1,1
1324704722738172377,5,3
1324790720088459295,4,2
1324835374757466958,5,3
1325150390241551750,14,4
1325235358325624480,4,2
1325254644307624322,12,4
1325263446536144351,2,1
1325303219639395321,2,1
1325407987422335905,7,3
1325415366133694023,9,3
1325879381799648492,3,2
1325915654917708098,3,2
1325955402553668781,3,2
1326089739927526700,8,3
1326100272623029680,12,4
1326126450859524088,10,4
1326271179048120581,5,3
1326555726248740789,3,2
1326593770319461669,4,2
1326597262249371032,1,1
1326668609769987096,1,1
1326672132603124900,1,1
1326672503041967666,2,1
1326721268852550156,3,2
1326762515589202961,1,1
1326820245129041723,4,2
1326848763212550368,11,4
1326850562906696484,21,4
1327052286483758528,8,3
1327091452392871989,10,4
1327410377688221970,16,4
1327443896320338399,1,1
1327507343604918710,2,1
1327509679881781133,6,3
1327541399620387944,8,3
1327627818652710229,23,5
1327634846393102338,5,3
1327663125023607262,14,4
1327940003903909140,3,2
1327967180889659522,4,2
1327986648251011425,9,3
1328017122481094951,1,1
1328042465217108608,1,1
1328103808275309461,5,3
1328128900219413565,20,4
1328188573160725920,6,3
1328265012490521304,1,1
1328296401800303844,1,1
1328312611507184939,8,3
1328327327650307510,1,1
1328329857359256784,5,3
1328368102081691661,1,1
1328376066404241991,7,3
1328395704050415393,14,4
1328409127534849347,7,3
1328726937714290070,1,1
1328759516825242538,1,1
1328812887890190467,10,4
1328826899946063619,9,3
1328858115703642455,2,1
1328872454311965387,3,2
1328895818108134967,3,2
1328904017192710990,1,1
1328938791883345167,1,1
1329105639144092322,2,1
1329132116578477901,4,2
1329261475460260273,4,2
1329307242595134008,1,1
1329509682583963481,12,4
1329522690418413638,2,1
1329541455489976101,7,3
1329572466878579424,12,4
1329577802253529866,1,1
1329597395865003847,11,4
1329599524537013288,1,1
1329626813335849934,3,2
1329639538918548067,1,1
1329657655845959415,17,4
1329792351151791694,22,5
1329886702636224247,15,4
1329956335905918123,1,1
1330165728344403135,11,4
1330254279964275727,1,1
1330255914116959825,11,4
1330315194673081118,1,1
1330363008295430583,2,1
1330380825572407473,6,3
1330391092716660968,8,3
1330395404080235471,3,2
1330405966598713331,4,2
1330407912974170449,16,4
1330420674671177241,10,4
1330427382522223579,12,4
1330436581453828965,13,4
1330521693255082563,1,1
1330541078101872123,2,1
1330576269905451644,12,4
1330657973894169080,10,4
1330676754991664979,12,4
1330687151658899912,13,4
1330954451607216451,10,4
1331038642295701296,3,2
1331053464531117625,2,1
1331071075930063940,10,4
1331082336864670769,18,4
1331095493727658191,12,4
1331119035374236719,1,1
1331141809329578200,9,3
1331160660434756654,3,2
1331161750734593288,8,3
1331164748276080206,1,1
1331261441612818900,6,3
1331262892683756312,1,1
1331272924867828026,1,1
1331273462318520323,6,3
1331329865987515188,1,1
1331332507874433070,5,3
1331332816527351227,2,1
1331347384582628140,1,1
1331619766127924472,21,4
1331692989127730274,1,1
1331761986290981970,25,5
1331791166389043929,6,3
1331801791543865530,6,3
1331826238540433972,10,4
1331845716283233676,19,4
1331853181371344654,21,4
1331874727100689438,10,4
1331940047841564478,2,1
1332545552127804037,3,2
1332683334412563120,15,4
1332789116433594120,1,1
1332827998228484185,6,3
1333049442325052548,14,4
1333080216829278963,1,1
1333105014878043136,3,2
1333125259225521611,10,4
1333136830610830680,31,5
1333137955143429658,1,1
1333143294442139405,4,2
1333148445152866130,1,1
1333162297707750767,11,4
1333233408016740937,1,1
1333251029824540350,10,4
1333293711057870222,36,5
1333317776118898830,17,4
1333329573211567848,2,1
1333335431927234913,3,2
1333346534887521372,9,3
1333347719064016110,8,3
1333359200247158929,2,1
1333369060602128118,18,4
1333387566750713721,1,1
1333432774024094308,3,2
1333434463614768839,1,1
1333435637689848934,1,1
1333438121596700308,8,3
1333441390790755061,1,1
1333442947370476898,1,1
1333469926075261998,1,1
1333485828656959199,1,1
1333489248967591521,7,3
1333491283439605385,2,1
1333496218508176062,1,1
1333498143023472286,2,1
1333500188716906167,10,4
1333599939271083688,5,3
1333608960460128923,4,2
1333907896469147718,1,1
1333984623849269679,33,5
1334023457658805838,2,1
1334065160295144451,3,2
1334071559900390874,4,2
1334071724376501853,7,3
1334092028370365039,25,5
1334122162243809203,3,2
1334222986395123573,2,1
1334533506652837462,5,3
1334547990282896728,3,2
1334549697063198471,8,3
1334566771862343853,12,4
1334570560037641840,10,4
1334607213793807121,1,1
1334691807280016614,2,1
1334719637070610564,1,1
1334726660949143879,24,5
1334873534200869038,8,3
1334905461971404733,19,4
1334942671987417937,1,1
1335222128444067544,12,4
1335436099241045121,1,1
1335484878635499936,1,1
1335567854505071032,3,2
1335689213550181404,13,4
1335690699152151211,6,3
1336179486544235364,18,4
1336301669434894647,1,1
1336347795834677920,9,3
1336419681220558750,6,3
1336548332723154030,2,1
1336559986598527032,2,1
1336727791211208093,11,4
1336755779190978866,6,3
1336771392243241387,1,1
1336771673524122294,21,4
1336774779758438528,6,3
1336781020190239853,1,1
1336806936822497919,1,1
1336811716987159456,1,1
1336820065724909964,1,1
1336822092290048109,1,1
1336842313894819332,7,3
1336879215643801365,1,1
1336887740016029402,6,3
1337000598427478843,6,3
1337046728482278024,4,2
1337062482660646094,2,1
1337115928119091829,7,3
1337508636119849120,5,3
1337510301012411937,25,5
1337544535027972975,8,3
1337561409646388138,1,1
1337588470874163081,6,3
1337882550324279945,4,2
1338181070964166549,3,2
1338183992514878011,9,3
1338192827577382829,5,3
1338194932807563600,6,3
1338224007270503713,4,2
1338311882174816288,2,1
1338341493818892266,20,4
1338345239414481988,2,1
1338359764535523007,25,5
1338387193560480055,6,3
1338431365644767316,1,1
1338465843913761402,10,4
1338471724549217194,2,1
1338950586133404164,3,2
1339022524433174452,5,3
1339133606516867800,7,3
1339143001930817164,1,1
1339234508221950469,10,4
1339255485739608168,12,4
1339331117528772824,11,4
1339712057594490183,3,2
1339724215375618063,9,3
1339726941568012165,2,1
1339728959415711935,17,4
1339794320622406537,7,3
1339826877166743663,15,4
1339838841597021529,4,2
1339845464166269595,7,3
1339847850488727532,12,4
1339879426818236359,15,4
1339911653960298435,3,2
1339917083812700919,1,1
1339921625979902764,2,1
1339960270885155378,1,1
1339968901795639286,7,3
1339992011435353994,18,4
1340087788421897701,9,3
1340697851843626491,10,4
1340708072149992781,1,1
1340724531083187629,11,4
1341165819400782182,1,1
1341281687517734155,12,4
1341600958593166505,1,1
1341856409332930301,8,3
1341870244670093212,4,2
1341889322723039686,1,1
1341898427312028927,6,3
1341903868290517819,2,1
1341941091415517755,20,4
1342082318675744621,3,2
1342210705450176162,15,4
1342423666721201645,1,1
1342742162755077558,26,5
1342779065192536556,13,4
1342842087545423170,1,1
1342864028656286646,23,5
1342928751220980233,1,1
1342944421349945746,17,4
1343307515071666612,11,4
1343324199406185772,6,3
1343329693557313851,4,2
1343358582836795841,1,1
1343367193374512660,7,3
1343390267869368372,1,1
1343395913027924179,6,3
1343423455134855387,17,4
1343612978968160307,4,2
1343880611122846745,6,3
1344145690915650843,3,2
1344163152512985650,14,4
1344204076226828928,3,2
1344357655526056376,2,1
1344437394159470528,15,4
1344715247474041040,10,4
1344731210449460464,6,3
1344748880507128022,10,4
1344811930907684139,1,1
1344958457670329506,1,1
1345118632068291449,15,4
1345428451606647357,12,4
1345570397931167044,25,5
1345646294035027516,7,3
1345652733620574429,3,2
1345664091691601069,8,3
1345671495395039911,13,4
1345763036096718416,10,4
1345770573252845119,13,4
1346130858342232314,2,1
1346152745773632344,8,3
1346165298865288847,1,1
1346184540821405380,2,1
1346265907676625412,10,4
1346286959111885829,5,3
1346492226907218621,1,1
1346523501485634918,8,3
1346921292491040373,15,4
1346944153899869827,10,4
1346987728936278259,3,2
1347519176708904479,12,4
1347577368629034901,2,1
1347632709623772858,20,4
1347653488642846092,7,3
1347735062706816836,10,4
1347796211982906409,15,4
1347858157481164997,10,4
1347862993092208459,1,1
1347917860306073513,15,4
1348073289595566214,18,4
1348328578977064149,6,3
1348332430547782506,2,1
1348413886702409794,2,1
1348461968430917164,3,2
1348469119980557582,2,1
1348477067624204068,17,4
1348503778064749024,2,1
1348551035866724500,20,4
1348564507699817381,1,1
1348570919772149056,17,4
1348573799334090719,11,4
1348579076611318812,3,2
1348595833667657066,11,4
1348634325487071632,14,4
1348709638871509736,3,2
1348764333326736442,4,2
1349019307951672056,2,1
1349030087381328292,1,1
1349048325963418421,1,1
1349063532119673421,2,1
1349081425310266236,4,2
1349096736128637948,3,2
1349133210253146325,11,4
1349162898957432588,4,2
1349185668665344932,9,3
1349191464930165533,9,3
1349214447805442036,19,4
1349242709634643218,3,2
1349409945341176632,19,4
1349424829113750836,1,1
1349599441654440375,9,3
1349775688788677739,6,3
1349833544604817307,6,3
1349861436736393768,11,4
1349876614305757438,1,1
1349897599342118967,1,1
1349901857981889856,7,3
1349923093166550155,3,2
1349954379740916605,1,1
1349971878651351264,2,1
1350112509668060296,4,2
1350112532795049675,12,4
1350112540624294165,1,1
1350230197972691522,6,3
1350230855079470653,4,2
1350303902109912493,11,4
1350483467950766379,4,2
1350507683418487667,1,1
1350559011490745136,20,4
1350567116275647348,7,3
1350584577842266647,5,3
1350623362322024302,4,2
1350642271462832756,6,3
1350646103364071886,9,3
1350647401970705626,16,4
1350653712056924226,12,4
1350661419391009181,3,2
1350663884442888830,11,4
1350666151115499637,7,3
1350672858350142084,4,2
1350684183697167311,8,3
1350687250007086856,31,5
1350689412204832549,2,1
1350694450687761320,10,4
1350698946384688799,5,3
1350708658507924018,10,4
1350714081285483849,3,2
1350716949731036137,3,2
1350738652616771075,4,2
1350835980883152870,6,3
1350840167228922272,6,3
1350907596463031322,13,4
1351193547292114226,3,2
1351249046785193764,5,3
1351281106796828497,10,4
1351329568655629933,3,2
1351331144145936167,5,3
1351333472734994662,2,1
1351356469011502854,3,2
1351361439615857706,1,1
1351371255304662134,5,3
1351523172738447466,4,2
1351529033976147813,8,3
1351530504503390467,1,1
1352021975566270292,4,2
1352057155182734498,4,2
1352067823462325348,6,3
1352158536233274078,15,4
1352165961562615910,3,2
1352165985199448240,20,4
1352194489037645813,9,3
1352218510789889297,2,1
1352380025610988316,23,5
1352851238960831677,26,5
1352969861113626840,21,4
1353444264011212204,8,3
1353469341210754832,2,1
1353545506044088907,2,1
1353585596927828200,4,2
1353599009934473203,12,4
1353618706911449751,1,1
1353646465217524761,10,4
1353754350628831335,31,5
1353764684852177200,11,4
1353784866848479349,1,1
1353909352138897692,3,2
1353931224754203604,3,2
1354098713863469700,1,1
1354164980406265787,8,3
1354174162036017817,5,3
1354204118372043140,5,3
1354328226521014254,18,4
1354441775809529697,4,2
1354456847784829585,1,1
1354480197938694569,1,1
1354496891535284518,5,3
1354841914842495472,17,4
1354893368906040795,6,3
1354912654654480281,1,1
1354917680418112873,2,1
1354919680468966414,3,2
1354985286520505465,8,3
1354995758727256085,3,2
1354997676424864984,2,1
1354999393819942041,4,2
1355002381288491741,7,3
1355016790509825310,5,3
1355021206799592608,3,2
1355040003080858451,6,3
1355057642650329980,5,3
1355061040913294793,26,5
1355120571321823835,24,5
1355168306042988092,6,3
1355227050573064651,13,4
1355239132536153229,22,5
1355567355741534949,11,4
1355574854117666581,6,3
1355659041526666349,5,3
1355686815968519303,13,4
1355691290031625839,7,3
1355777365534152417,4,2
1355807868856539766,2,1
1355845640817560168,6,3
1355898266447649850,3,2
1355919436339733837,6,3
1355938779223704027,5,3
1356003344314115730,10,4
1356009892906004424,1,1
1356013963294567054,4,2
1356017111723904325,10,4
1356020036922702620,3,2
1356023379153958688,5,3
1356063618363638904,4,2
1356136028715287921,10,4
1356138624555988388,15,4
1356248773052276358,9,3
1356276249605753171,10,4
1356285922402134708,4,2
1356340927934390471,1,1
1356381956047957598,17,4
1356391952411606040,19,4
1356522383422226357,7,3
1356590043859560742,6,3
1356983059737267237,9,3
1356987125992211200,7,3
1357015699941367454,3,2
1357096667792187029,3,2
1357142613648980527,6,3
1357171191317502774,3,2
1357187062691173017,3,2
1357187754955612354,17,4
1357252466338282835,30,5
1357257806014027643,15,4
1357328611755876517,15,4
1357723503909211212,16,4
1357799579554538557,3,2
1357869411174942589,11,4
1357874125510708278,3,2
1357898581497113475,2,1
1357951228428236992,17,4
1357964085441586517,17,4
1357967620350676226,28,5
1357971157605173364,23,5
1357975272737408293,15,4
1358008824612322771,2,1
1358023122948342502,5,3
1358069761222323392,3,2
1358080593862993436,11,4
1358109668836934267,5,3
1358201664017789992,10,4
1358428671286873215,6,3
1358476453433238134,21,4
1358493183860997629,3,2
1358563194015494470,5,3
1358581866483569620,7,3
1358611566186108359,4,2
1358674457735733020,8,3
1358694151132950468,9,3
1358712181667228029,24,5
1358724137270668826,1,1
1358730630902522820,1,1
1358731474528705831,2,1
1358734504857043827,17,4
1358744388104111842,7,3
1358749095701868571,4,2
1358760331501233337,3,2
1358762899741493388,6,3
1358768779667135546,3,2
1358788984590484733,3,2
1358802433593560623,12,4
1358880256444429751,7,3
1358889869768223898,9,3
1358891839863168691,8,3
1359175468755554104,3,2
1359207980902580729,5,3
1359211612840496892,8,3
1359217270696247466,4,2
1359236537742474962,1,1
1359289994959947483,13,4
1359312066762823889,9,3
1359324172329009081,4,2
1359337148799313468,11,4
1359349487696827119,5,3
1359368182419438744,23,5
1359382394315793879,3,2
1359388334586656941,1,1
1359392328307929425,3,2
1359394740275482337,7,3
1359407167693406607,5,3
1359410488175287675,7,3
1359461626828109687,4,2
1359482068575447193,75,6
1359535537244942470,4,2
1359596369756246448,7,3
1359600339941398207,17,4
1359970207174149545,3,2
1359970590165570100,5,3
1360042233614023576,2,1
1360044856198213951,2,1
1360045582213983906,3,2
1360069425663174001,2,1
1360072062428493653,2,1
1360092631211052268,5,3
1360107592716383716,2,1
1360135594284152294,2,1
1360142777170133727,1,1
1360148252201450700,1,1
1360163969556655683,12,4
1360187581477656758,22,5
1360206322568425902,6,3
1360366119425809818,2,1
1360421570607385936,3,2
1360593216101920554,3,2
1360618935177628293,7,3
1360722473426056156,6,3
1360729549667359124,11,4
1360732431085343497,6,3
1360810244941702904,1,1
1360828241341155041,14,4
1360900116036099196,5,3
1360947848271861180,8,3
1360973100708990074,9,3
1361038662332166083,12,4
1361296996428584212,3,2
1361425235060501130,9,3
1361430333366435382,10,4
1361433590659664352,5,3
1361465893222954092,15,4
1361503067059718578,19,4
1361540039846090340,6,3
1361557609287812096,4,2
1361591299582745283,3,2
1361639523139286899,8,3
1361643436531681788,6,3
1361776429207400047,4,2
1361792178794946829,4,2
1361805564777939653,3,2
1362115063681930648,5,3
1362140525677308518,1,1
1362238465596025878,14,4
1362490881714979937,1,1
1362521744622123423,7,3
1362787359257904469,9,3
1362804390493433836,3,2
1362804509362858090,11,4
1363000473216808433,1,1
1363028275754582748,31,5
1363098189005101098,4,2
1363193584236249753,3,2
1363528669446907706,10,4
1363544364698150524,5,3
1363558309194602211,11,4
1363592592279259553,5,3
1363626666118538606,9,3
1363810996477763898,2,1
1364030268431627375,2,1
1364256716736463843,28,5
1364296711434042558,6,3
1364557675245158081,9,3
1364594557170434820,2,1
1364671782196609785,3,2
1364678472292835463,2,1
1364680928213872565,1,1
1365053654944325026,5,3
1365106897700183401,6,3
1365154545272188404,18,4
1365156107198632453,1,1
1365165210754502682,15,4
1365226513011904235,13,4
1365244456856923210,9,3
1365259778810650833,9,3
1365327362523780757,4,2
1365754372067907425,17,4
1365767023777011666,11,4
1365787147531828501,1,1
1365810090961199193,16,4
1365816240844743803,20,4
1365834642091668623,13,4
1365844289672912224,12,4
1365863652512407851,4,2
1366028009891657435,5,3
1366480601653231168,4,2
1366531219367984581,1,1
1366534542530481128,8,3
1366608971126314605,1,1
1366642752277580764,3,2
1366654163514306201,3,2
1366727376716779119,9,3
1366812790380222684,2,1
1367042474748644621,1,1
1367176213742578656,4,2
1367183031935152849,1,1
1367198524032122438,2,1
1367202211123869560,23,5
1367215120707614456,1,1
1367223393115575352,1,1
1367232662316389651,5,3
1367241628163286249,12,4
1367247029530102268,7,3
1367250328801645627,3,2
1367272215093541463,9,3
1367330783407288048,8,3
1367377742191793987,5,3
1367417803725660310,14,4
1367590500483046791,1,1
1367649980917093766,7,3
1367892594617154769,12,4
1367898953097228226,7,3
1367921279851419942,2,1
1367951208391683233,2,1
1367957256035217773,12,4
1368001270316454302,2,1
1368014442658181603,1,1
1368038529794749355,16,4
1368078113481131615,20,4
1368106877685935585,7,3
1368119865343991731,12,4
1368139229884133902,22,5
1368141787822983855,2,1
1368171732543585998,31,5
1368183487615840642,18,4
1368190419611212688,19,4
1368193711642475130,21,4
1368196402109985229,21,4
1368200945604161074,16,4
1368206793203198202,1,1
1368209373669156694,16,4
1368212264438612825,18,4
1368369391465670635,23,5
1368374598216579227,21,4
1368375815733071613,18,4
1368377026099884013,17,4
1368378708962393660,13,4
1368548466229205791,4,2
1368742897717196165,1,1
1368791793515316534,9,3
1368822207699036996,8,3
1368958443087314704,6,3
1368964654325475999,3,2
1368972497704260121,6,3
1368981191304213834,21,4
1369053505085000654,13,4
1369304724246465037,3,2
1369343275916467428,1,1
1369344759545599453,11,4
1369362713998991095,1,1
1369387767100188872,5,3
1369397016104237824,2,1
1369415431372904958,7,3
1369419882000745536,1,1
1369421571363404550,6,3
1369445125582278327,7,3
1369451189064035809,1,1
1369451890733321826,1,1
1369460718409118996,5,3
1369461214772238268,1,1
1369465968757365033,1,1
1369466360746528112,9,3
1369467069302944260,9,3
1369475261268124453,6,3
1369487058990079112,6,3
1369487559061301814,17,4
1369491063500768026,1,1
1369510627203640062,1,1
1369519435405533947,1,1
1369525415778046772,1,1
1369526911530852693,3,2
1369570762427791827,12,4
1370023576226815629,1,1
1370032010124340100,4,2
1370039241455865247,2,1
1370053520667975004,4,2
1370083272603986265,7,3
1370129964273664068,7,3
1370139758803312893,2,1
1370152957532393880,10,4
1370201446914717082,7,3
1370268949305275031,27,5
1370365327118543376,1,1
1370386791462906775,4,2
1370389562487826138,8,3
1370392361869816515,1,1
1370402363579605099,3,2
1370438292588279220,15,4
1370455273263220701,5,3
1370478507623250464,1,1
1370586876740320263,3,2
1370783815768813965,14,4
1370788130258984840,12,4
1370848888160874245,3,2
1370875255496142212,3,2
1370920932197865753,2,1
1370939247172271714,15,4
1371051578925350704,1,1
1371113867020130233,1,1
1371552368588582733,1,1
1371574649162730103,8,3
1371578561895501391,3,2
1371584943133569121,1,1
1371588233221779468,1,1
1371633265697706014,9,3
1371665410816463923,8,3
1371671305380873188,8,3
1371727737276451119,2,1
1371731977190846544,1,1
1371773745156748922,1,1
1371780887029549110,2,1
1371851825962268260,1,1
1371855878450320027,3,2
1371971113495422620,1,1
1372070830901599729,8,3
1372215792596037624,12,4
1372222979379015116,10,4
1372280408596583874,5,3
1372286659396772938,5,3
1372291735053887571,9,3
1372293745192045221,1,1
1372329633267679436,10,4
1372353833767498369,1,1
1372360351527915374,1,1
1372364318484226638,1,1
1372443553659945589,4,2
1372443598014570004,4,2
1372448470313566023,9,3
1372449040902692020,2,1
1372451598446058955,1,1
1372461278775835638,1,1
1372541896354631524,5,3
1372563006082341143,10,4
1372599449594708049,2,1
1372637792724010300,13,4
1372892795484833945,1,1
1372926202950531498,1,1
1372973752609209854,9,3
1372978784429888186,2,1
1373064874378124920,18,4
1373074703856441030,5,3
1373120079658812314,3,2
1373132085080561981,1,1
1373162715168611631,3,2
1373178161412250522,5,3
1373190316501340604,10,4
1373196711825921424,14,4
1373255433406873488,5,3
1373287714333447057,1,1
1373296466606588084,10,4
1373729161660140858,6,3
1373732698582612346,11,4
1373753990569573187,7,3
1373763278480457396,1,1
1373782351126021986,2,1
1373898571251657630,4,2
1373940048482095719,6,3
1373972490288170697,1,1
1374049349067860591,1,1
1374192737862792461,47,5
1374380172871536001,5,3
1374398788856221633,2,1
1374400020163269146,6,3
1374469739278330661,3,2
1374471947669247548,7,3
1374475391698581563,12,4
1374490714135346400,3,2
1374493900135251331,2,1
1374495522224643770,5,3
1374509781112895720,1,1
1374523893618746768,1,1
1374525448549360407,5,3
1374526103349531938,4,2
1374527010925144486,5,3
1374535978163455891,1,1
1374539582829085503,14,4
1374542862024727794,8,3
1374563069156211369,2,1
1374581230527643707,2,1
1374584418178821153,6,3
1374590242713754142,1,1
1374591963574883678,2,1
1374593977239456005,8,3
1374601621876445746,8,3
1374603973559077371,4,2
1374606923342987286,8,3
1374612773365955157,5,3
1374656337487133779,8,3
1374665857529910464,6,3
1374722075312686306,3,2
1374731828205634553,1,1
1374738004968030548,8,3
1374740300180544775,9,3
1374743563720644189,4,2
1374749154526989433,6,3
1374749495743012923,2,1
1374753657251866543,4,2
1374774422865332459,9,3
1374786705142871671,5,3
1374810372943528307,1,1
1374866501260729454,1,1
1375157785671540469,5,3
1375160541315075666,9,3
1375183179503654799,15,4
1375183192542636390,7,3
1375184628074126871,15,4
1375250288240393366,2,1
1375270566252558647,8,3
1375277187333759294,15,4
1375323829921614716,9,3
1375407267307384252,13,4
1375623725760583234,1,1
1375626657872324118,2,1
1375902626289858930,17,4
1375947721331394049,5,3
1375954477902327567,6,3
1376000213115996364,1,1
1376003021711423239,4,2
1376034302473340793,1,1
1376057068257829792,2,1
1376139779486193276,2,1
1376191073450968239,1,1
1376194792205317844,2,1
1376207946718773318,7,3
1376312741143161974,1,1
1376321018516838457,3,2
1376328263353221366,1,1
1376337974624970947,1,1
1376348632974825102,4,2
1376537689710241871,2,1
1376542962232431856,3,2
1376544999945691219,4,2
1376613461105817105,7,3
1376652534554650360,5,3
1376683274963067068,3,2
1376692762603181465,16,4
1376713677991937273,7,3
1376727827208466641,1,1
1376727845730244818,2,1
1376727909508518656,1,1
1376863341706280263,18,4
1376930330402903983,2,1
1376945785138974965,9,3
1376965696873689325,3,2
1377355998513501759,3,2
1377463534519764170,9,3
1377504306149734797,4,2
1377604051407533941,6,3
1377611003467131979,3,2
1377615206799293577,3,2
1377619008377067531,11,4
1377672044150761557,2,1
1378029610526997107,14,4
1378086507777506016,2,1
1378094510442271842,12,4
1378124094596809181,3,2
1378216891261454728,4,2
1378232715623898460,1,1
1378283059890515973,13,4
1378325377392660779,3,2
1378487918043671289,1,1
1378702748912766126,7,3
1378713295519097546,9,3
1378804484600934014,10,4
1378859880605047274,6,3
1378880349221380923,3,2
1378890768080579965,17,4
1379065666495108480,2,1
1379076938112058059,13,4
1379085600201148496,8,3
1379192970273186193,9,3
1379505037940704301,1,1
1379531941140930388,6,3
1379703757679683336,6,3
1379703922810261861,1,1
1379707421222597757,4,2
1379757964084574947,1,1
1379775468815693662,17,4
1379784997663666678,3,2
1379791003789611348,1,1
1379814671983792337,3,2
1379854430077042986,1,1
1379890697169531400,1,1
1380176848253084963,1,1
1380235859082204917,7,3
1380332147887396077,6,3
1380333733126095155,8,3
1380343356594105861,1,1
1380409940785615200,7,3
1380420367351395165,10,4
1380458002276448161,7,3
1380487911431060381,2,1
1380526915414335757,2,1
1380965708020039693,1,1
1381186962218080755,2,1
1381318191488769855,13,4
1381320697638550833,2,1
1381331264859541127,7,3
1381348657100553134,10,4
1381349318073337740,19,4
1381391412260842693,5,3
1381627558455776025,1,1
1381703849386573356,1,1
1381846809991941179,7,3
1381898700067306994,4,2
1381907215313358554,2,1
1381942297162100961,1,1
1382006450789719181,4,2
1382183038989353101,2,1
1382183264932339032,1,1
1382536299036373734,5,3
1382561485063891479,16,4
1382627246920807090,5,3
1382699482624419478,11,4
1382766711573713014,1,1
1382832186087767025,7,3
1383226189225663101,4,2
1383329366162467601,7,3
1383356211059265672,11,4
1383515643991556339,5,3
1383535062563819462,1,1
1383792568219200290,8,3
1383801635482567506,6,3
1383857767984722188,4,2
1383867821310497302,3,2
1383901109033609493,1,1
1383937100068534521,14,4
1383983068978164273,4,2
1384003622959900985,2,1
1384027267875555833,2,1
1384039570035226429,4,2
1384051762241524453,3,2
1384137079629161105,11,4
1384138209373957857,3,2
1384194892412590849,10,4
1384410592154386794,1,1
1384552501687114600,5,3
1384561981708022099,9,3
1384567132769621421,2,1
1384596003907425815,8,3
1384612593563175188,7,3
1384621293108467235,12,4
1384629353770296096,13,4
1384632467736959427,5,3
1384636028806324621,3,2
1384641569327510489,8,3
1384648362072370463,5,3
1384687062778671954,4,2
1384764946546459514,2,1
1384799112440387035,3,2
1385326045740226480,20,4
1385563023051734639,10,4
1385731035754384802,5,3
1385742086959632790,13,4
1386043519670542188,1,1
1386223212089524365,10,4
1386233138126419331,11,4
1386304975557380250,4,2
1386373522929498279,1,1
1386446465918269177,1,1
1386495858306133222,2,1
1386750708388983344,2,1
1386782603177759699,7,3
1386836017175823617,2,1
1386857060072628160,4,2
1387043852286357731,1,1
1387049512866657122,3,2
1387170932869191080,11,4
1387245690190295692,9,3
1387442094528760626,10,4
1387544108459251108,2,1
1387591614149731702,5,3
1387667004947052526,3,2
1387723290725257896,2,1
1387924006011209271,3,2
1387953532552317645,14,4
1388264645342934049,2,1
1388307335756977741,13,4
1388334247041184810,8,3
1388362312764766027,4,2
1388474654689210733,13,4
1388478239055216631,10,4
1388492891997306510,10,4
1388546504008815439,3,2
1388630915570825270,7,3
1388641991349868689,7,3
1388677270567461292,10,4
1388893326653881406,5,3
1388951981546244237,2,1
1389178209533677800,2,1
1389184248784036079,5,3
1389447072564821768,1,1
1389605597303495366,3,2
1389633495613620033,2,1
1389644454697130090,1,1
1389651422179293549,1,1
1389655218248470822,1,1
1389677800470580921,7,3
1389763346776581291,1,1
1389766265240024537,7,3
1389767211332208454,1,1
1389837214234035026,1,1
1389853215216754002,2,1
1389987996238385997,1,1
1390026685715508109,3,2
1390323158239594969,1,1
1390387077245127898,5,3
1390411740627611098,5,3
1390482706850296743,4,2
1390492504119954555,1,1
1390551259658260437,5,3
1390619632963639129,5,3
1390720829054006531,1,1
1390738172845442645,10,4
1391081706147559327,4,2
1391094576841210828,11,4
1391193003103311868,1,1
1391379809104090655,7,3
1391434989297191630,5,3
1391786133726419364,11,4
1391828091291583418,1,1
1391856241310702702,5,3
1391906513071041588,2,1
1391984473435159482,5,3
1391996486734420276,6,3
1392008488072475921,6,3
1392021050113839963,5,3
1392032578218616220,3,2
1392043800816233387,11,4
1392094179778225299,2,1
1392115719895247043,1,1
1392210551554207737,1,1
1392488522130632920,3,2
1392493815608527685,7,3
1392498183353509042,2,1
1392500822058452313,3,2
1392583510463851108,8,3
1392591267826495245,5,3
1392614541688755090,3,2
1392638941854105138,12,4
1392653408114956568,5,3
1392728680069397371,3,2
1392768680803318967,6,3
1392786583531480308,18,4
1392814218481488413,1,1
1392857374092700239,3,2
1392857459933340401,7,3
1392897073429340974,4,2
1392983788809934494,5,3
1393203369398109360,4,2
1393282670803630454,16,4
1393360400205742116,1,1
1393373875217736962,2,1
1393376271906963540,2,1
1393409900737164769,2,1
1393426246491833538,2,1
1393498293989189042,9,3
1393509841960723247,1,1
1393542693436041642,2,1
1393552889359724796,1,1
1393556918833323380,2,1
1393560598546746995,1,1
1393566739391488042,5,3
1393624932948436180,1,1
1393662349314325932,8,3
1394055926754484316,1,1
1394089529433950664,5,3
1394105008611046274,1,1
1394148537838125222,5,3
1394285722429272924,8,3
1394364999738395622,1,1
1394389744009519546,10,4
1394410552649406895,4,2
1394500442439008735,7,3
1394503114667858456,7,3
1394510693953672268,1,1
1394787306785144732,1,1
1394795651936364299,1,1
1394804504884978624,9,3
1394809841864304860,4,2
1394903877374244621,12,4
1395015978502133717,3,2
1395127958294711051,2,1
1395143618337861960,1,1
1395164937352200618,1,1
1395346056995225900,7,3
1395359751663073269,3,2
1395537286551740688,3,2
1395624649245076898,2,1
1395654322832061871,6,3
1395764574639641952,1,1
1395799381547841309,3,2
1395826808687085313,15,4
1395833365758322227,7,3
1395837362107288827,1,1
1395865015901202562,3,2
1396199689847220432,2,1
1396214692271889948,1,1
1396216523287844771,3,2
1396217776787329070,3,2
1396218993964981752,5,3
1396232138796221332,2,1
1396261171469666972,5,3
1396284175087519004,3,2
1396295963304740126,7,3
1396337125764175196,6,3
1396337376524709815,6,3
1396340928856879868,3,2
1396348348954813780,2,1
1396410375444879592,1,1
1396444655561105042,3,2
1396455310481610243,5,3
1396551047067869174,3,2
1396861050389251888,1,1
1396883967583223163,2,1
1397003532575906423,2,1
1397016041597752017,3,2
1397016225993813240,3,2
1397097182334046446,1,1
1397113340002091967,1,1
1397114974608210647,11,4
1397146497813626481,5,3
1397157861846316847,1,1
1397167872712601003,1,1
1397171146607763602,7,3
1397229728359124335,2,1
1397252636605719726,4,2
1397564047318854132,1,1
1397587115411877058,1,1
1397681135936021298,1,1
1397699431469410926,1,1
1397714506946025860,1,1
1397747228776626002,5,3
1397880774566520517,4,2
1397901841111213759,5,3
1398089241625445870,1,1
1398337471962341185,2,1
1398345507631705342,4,2
1398393158263891068,1,1
1398415248570904394,2,1
1398440208265164800,2,1
1398440723016604197,4,2
1398450530258295107,1,1
1398529905401483792,4,2
1398534984063919071,1,1
1398549225428483229,3,2
1398579722871514606,2,1
1398589046755817841,2,1
1398673852930544035,5,3
1398836067722586174,1,1
1399146874939428230,8,3
1399155290502471195,1,1
1399157706648015037,11,4
1399164215011944570,13,4
1399176028591160823,2,1
1399193781152808108,1,1
1399198445514150157,2,1
1399198574159812387,7,3
1399214031599482534,1,1
1399216480347109756,4,2
1399233083199619132,1,1
1399263508268515219,10,4
1399296880138729459,1,1
1399314422504266594,1,1
1399419068363937914,2,1
1399457882729046694,1,1
1399542751587346625,1,1
1399779652827780502,5,3
1399788746588061461,5,3
1399796935191306804,1,1
1399816800283726692,1,1
1399890160674805108,1,1
1399929378712881000,1,1
1399987627793915562,7,3
1400003250114922976,1,1
1400005558674116440,3,2
1400022091515128079,8,3
1400096455234589026,2,1
1400144290718286239,12,4
1400175975694052855,8,3
1400191831974918369,6,3
1400364640784653432,1,1
1400507486502885341,2,1
1400562725235479979,2,1
1400663741322897180,5,3
1400727202120329516,12,4
1400774120756675409,10,4
1400819629809950649,1,1
1400884440797578384,2,1
1401245723727651585,1,1
1401291812951617158,2,1
1401302597785362075,2,1
1401303675972716345,3,2
1401305012723052726,2,1
1401335359415637296,4,2
1401336601349948712,1,1
1401343093348869477,4,2
1401364953879724202,9,3
1401364970293333281,7,3
1401379065523878693,1,1
1401479480162333952,1,1
1401491087512314402,1,1
1401495921483743231,3,2
1401623139894158257,6,3
1401997107726991539,1,1
1402040960181006001,1,1
1402067423119543272,9,3
1402116234469181833,2,1
1402147307606663854,2,1
1402233186798816402,3,2
1402252339171654234,8,3
1402261819802306401,10,4
1402270231131159218,11,4
1402274523851106807,15,4
1402278945878344149,5,3
1402282516034980521,9,3
1402316417242855321,2,1
1402357315820003341,1,1
1402779797521629144,7,3
1402784238999377622,2,1
1402812788058420450,2,1
1402827932341723398,6,3
1402838197531909461,6,3
1402913257675258574,2,1
1402996876058460832,7,3
1403030365093216603,2,1
1403077304078031454,4,2
1403092057312864465,4,2
1403198252420316002,1,1
1403445340558811230,1,1
1403450371543598899,2,1
1403652213903827699,4,2
1403697651868730405,1,1
1403920821251767858,1,1
1404147361311063535,1,1
1404149582644690777,1,1
1404163403618229926,1,1
1404282928461212974,3,2
1404324953872719237,1,1
1404331782584047853,3,2
1404392431056870931,5,3
1404462971568292367,9,3
1404511221001944811,2,1
1404514217966458383,1,1
1404527541064584580,2,1
1404530472463918929,4,2
1404803387477194183,1,1
1404803689598683669,5,3
1404829966054854533,1,1
1404884490631878470,3,2
1404967979212356463,4,2
1404989701193326563,2,1
1405043390134398575,2,1
1405091508023563530,2,1
1405183625068122166,2,1
1405286790853227093,5,3
1405297612168659583,2,1
1405472861288367099,3,2
1405589216992047045,1,1
1405681384152168491,1,1
1405691594131487442,5,3
1405717881527664545,5,3
1405855675573508088,2,1
1406328434907078476,1,1
1406379385484819893,6,3
1406443976537900117,1,1
1406462758594678948,2,1
1406470062172782635,5,3
1406500764792781358,6,3
1406505738130374899,2,1
1406508252698853657,4,2
1406513968255465037,3,2
1406518021150171739,1,1
1406521617481315254,1,1
1406531709537394802,1,1
1406533049802645332,25,5
1406533708692901177,3,2
1406555370483425697,1,1
1406562070153316257,14,4
1406562871772822681,8,3
1406677778384441632,1,1
1406727523564965965,5,3
1406736973216716250,2,1
1406742482681596403,2,1
1406749183197753266,2,1
1406776184788333665,1,1
1406966661692623045,5,3
1407011356491383018,3,2
1407139030796648755,1,1
1407187256338151075,2,1
1407191190105920495,10,4
1407197983453710243,1,1
1407267701548649007,14,4
1407291243685824676,8,3
1407381897126148150,2,1
1407401918475025518,1,1
1407417774012612203,2,1
1407705459108043845,1,1
1407738851372397142,1,1
1407773846579605954,1,1
1407798794366906862,1,1
1407906090536582846,4,2
1407961489875032484,5,3
1407973863081553483,4,2
1408001469238963168,1,1
1408021326545517712,1,1
1408022698859837051,6,3
1408073520621329561,1,1
1408089675074150220,1,1
1408094046076794113,1,1
1408102095235129361,9,3
1408140620224064557,3,2
1408158889201896381,1,1
1408165299906190847,7,3
1408166667231362256,1,1
1408176861526596808,1,1
1408183339242106917,4,2
1408462549861619468,5,3
1408474606976140764,1,1
1408482135774101804,1,1
1408482526379809518,2,1
1408485820144554792,6,3
1408490138114976535,10,4
1408490985834514816,4,2
1408492488863119163,2,1
1408530236847585109,1,1
1408573694790187144,1,1
1408581567454675200,2,1
1408599041319249850,1,1
1408665239938683229,4,2
1408725340631637636,1,1
1408727581610998611,1,1
1408786584958935484,1,1
1408799409460423589,3,2
1408822740573966068,5,3
1408828580999679733,3,2
1408832266658683956,4,2
1408836394040196554,4,2
1408838237864546039,5,3
1408945954956015378,8,3
1409129129553951614,1,1
1409238416857087193,7,3
1409247791813858681,4,2
1409249180464474792,1,1
1409252696849923951,3,2
1409287815724954457,4,2
1409295353198362483,9,3
1409315167032856399,2,1
1409350729761721547,11,4
1409383275185608828,4,2
1409390058122744090,5,3
1409406383569369020,2,1
1409441823306514326,2,1
1409457001986019175,1,1
1409520460790822532,7,3
1409659957460025252,1,1
1409757094449814886,3,2
1409947888149062636,1,1
1409952095495512023,5,3
1409990069875752506,2,1
1409995276354171327,3,2
1409998223035526500,1,1
1410002795129119667,3,2
1410028096366943017,7,3
1410028872564066463,6,3
1410029048533606374,4,2
1410039180232969057,6,3
1410124406506863990,4,2
1410159210688227173,1,1
1410177788842955413,1,1
1410183593486977077,1,1
1410196527549631616,4,2
1410197137317071679,1,1
1410203330459001037,1,1
1410205126625320989,2,1
1410216526962948219,1,1
1410216920857126116,2,1
1410221755548214229,1,1
1410247496414786634,1,1
1410267683704749037,2,1
1410272233501079934,4,2
1410278112043858983,7,3
1410285210499498670,5,3
1410290404596391264,3,2
1410317091609702139,4,2
1410339617769472698,15,4
1410405687584546123,1,1
1410550972864787587,2,1
1410567089884608937,2,1
1410569771305356791,1,1
1410573448355503160,4,2
1410577089264699807,3,2
1410578572713759452,3,2
1410649111473289922,2,1
1410689482293626911,8,3
1410702354537647703,1,1
1410704033876247916,1,1
1410709996834028956,1,1
1410722024806832874,2,1
1410749452010789558,1,1
1410783241617699964,5,3
1410834161474659093,2,1
1410842745980798872,14,4
1410843113456078506,6,3
1410847738714855837,2,1
1410860776933063220,4,2
1410955456181341126,10,4
1410963547528093833,3,2
1410965903915902870,4,2
1410987525037724443,7,3
1411016794678559156,4,2
1411024107675355016,1,1
1411076580876154071,1,1
1411123326418857816,7,3
1411189896709604107,18,4
1411299303436775546,4,2
1411304927998206899,2,1
1411314990001509141,2,1
1411373670638884213,4,2
1411387677156597489,1,1
1411396573069025834,2,1
1411406986526644510,4,2
1411479848688826616,1,1
1411520449848184753,3,2
1411655106089569094,2,1
1411725013032970405,1,1
1411750162060509974,8,3
1411765240725739064,1,1
1411789918343646991,3,2
1412052654689512249,1,1
1412111737497129944,4,2
1412114617013362023,3,2
1412159924478865649,1,1
1412161577461046375,1,1
1412207258028431930,1,1
1412235587929949531,3,2
1412268548493470259,2,1
1412293015984003852,6,3
1412331806452594060,5,3
1412335872319582061,4,2
1412414329068865405,5,3
1412416162286770477,3,2
1412515152700844976,1,1
1412528090358645811,2,1
1412549442713875383,1,1
1412563455220267607,1,1
1412839225061751359,1,1
1412853592819998573,2,1
1412885912021251047,5,3
1412890994564187567,2,1
1412945813682199563,5,3
1412951524187519568,1,1
1412956223319269474,5,3
1413031766570116339,11,4
1413032878496544329,4,2
1413117198206127457,1,1
1413135023041640775,2,1
1413140173843174065,1,1
1413143262575026024,7,3
1413150206356954515,4,2
1413153858788258803,2,1
1413155980920386175,2,1
1413159284792303460,1,1
1413160524230819300,3,2
1413163298378799384,1,1
1413170731631975467,10,4
1413244888520195571,2,1
1413275809075547036,3,2
1413553202223481103,27,5
1413568972940970358,3,2
1413681256524677511,3,2
1413689098319064087,3,2
1413696774720127303,26,5
1413699720625311990,3,2
1413716574612307718,3,2
1413864824491417765,7,3
1413917415067715763,1,1
1413917870827636280,1,1
1414032166164887220,2,1
1414035835606671766,4,2
1414042594745219499,7,3
1414069940718967710,2,1
1414208643173741976,2,1
1414302818018663723,14,4
1414307529226690719,19,4
1414320356406801127,1,1
1414333938474969760,2,1
1414334047428307510,4,2
1414341633432280637,6,3
1414371770197759722,6,3
1414434279254643548,6,3
1414518932662974258,6,3
1414602042738034703,2,1
1414680244917012529,5,3
1414744965373372150,1,1
1414821736382919222,1,1
1414918435969585169,2,1
1415006659041156002,4,2
1415079451294284230,8,3
1415079931673312979,2,1
1415098905467935664,2,1
1415122750605717677,1,1
1415139894811379527,1,1
1415260508135001122,1,1
1415340953072684559,2,1
1415349082010207868,1,1
1415398150818103648,13,4
1415731689447030418,1,1
1415752208407457461,7,3
1415785514370165673,1,1
1415884606500230029,6,3
1415905634190492462,1,1
1415918874678417330,2,1
1415951901275962054,10,4
1415968625592175679,9,3
1415971647645438745,2,1
1415973108529471642,1,1
1415994395534717434,2,1
1416003570336647390,6,3
1416008942887446671,2,1
1416013787285367595,9,3
1416015648190200299,8,3
1416034036789205212,6,3
1416059639026798189,8,3
1416111072681116559,3,2
1416129013989255547,4,2
1416130693229519999,3,2
1416176243084810921,2,1
1416385384425226345,1,1
1416385650303131274,5,3
1416421797485674213,3,2
1416437397117540287,2,1
1416478038524297082,1,1
1416541129807742450,3,2
1416555252848500879,4,2
1416564420753589502,2,1
1416578672732439451,3,2
1416579466821075619,5,3
1416820736519403642,1,1
1416887944247160470,2,1
1417166557242749044,1,1
1417175177209137458,4,2
1417203429642617915,1,1
1417212750306608980,1,1
1417236051371773078,1,1
1417473904950917503,1,1
1417722876026123606,1,1
1417727296201863192,2,1
1417730196918419149,1,1
1417762168654122379,1,1
1417901155308076957,4,2
1417940152959660887,1,1
1417958270105784236,2,1
1417997390206997900,2,1
1418004201184013325,1,1
1418031491811994955,1,1
1418055598195056620,2,1
1418150345445270031,4,2
1418732145905172806,2,1
1418749440614320637,2,1
1418837849682145640,3,2
1418925353209745991,2,1
1418948877954195406,1,1
1419005857138223237,1,1
1419370952261829380,1,1
1419373870919889846,1,1
1419423487590910077,6,3
1419434650014131661,1,1
1419441514709476122,3,2
1419471128678440705,4,2
1419484136428391989,4,2
1419493443392125023,2,1
1419506075502191758,2,1
1419512259731127860,2,1
1419533760495242266,5,3
1419539817882988115,2,1
1419542863931876729,1,1
1419587531415819636,1,1
1419618917208672239,1,1
1419641972454583040,3,2
1419648917915370559,2,1
1419669869710806091,1,1
1419721291976892535,1,1
1419723667975717646,3,2
1420048226402958606,5,3
1420156289811839046,3,2
1420175410636815593,5,3
1420178520187126981,1,1
1420179132989236788,1,1
1420184242306021709,3,2
1420191773647298774,1,1
1420210461841206643,2,1
1420226382437363367,1,1
1420241477711104028,3,2
1420250698423229296,1,1
1420255996358063014,4,2
1420268850817691282,3,2
1420325544669457531,2,1
1420329594314752493,1,1
1420397582165408560,4,2
1420413334406636272,2,1
1420425680924387725,3,2
1420430331467942459,2,1
1420456831784030808,2,1
1420784762064064212,3,2
1420854849968757888,1,1
1420883289954617334,1,1
1421144489324094673,2,1
1421159745829272442,4,2
1421234776609134355,2,1
1421525491585497898,5,3
1421525867038385140,5,3
1421573272843506357,5,3
1421590204502308102,8,3
1421615592276340998,4,2
1421618100704731959,8,3
1421631445973635655,5,3
1421661317603438442,3,2
1421664972255451241,3,2
1421666994551582511,5,3
1421672769512267251,6,3
1421674942405044591,5,3
1421762097701807656,1,1
1421880808389480215,2,1
1421930060656724175,7,3
1422209877103318453,6,3
1422222853380599534,1,1
1422228302916443452,1,1
1422232257850126295,2,1
1422233440208333724,1,1
1422236170268075779,2,1
1422268032979155843,1,1
1422270213297327090,1,1
1422349318626992678,1,1
1422365382233186070,6,3
1422384116032406767,2,1
1422394346639922389,2,1
1422404435634134520,2,1
1422423437621611721,4,2
1422526303417754359,1,1
1422572942561481074,5,3
1422609442421652671,4,2
1422628103172467492,1,1
1422636364449349069,1,1
1423061034748534456,1,1
1423065496493822059,1,1
1423070727813813919,1,1
1423180535675141419,4,2
1423204426217992824,1,1
1423528599929492366,1,1
1423744842400097783,1,1
1423775232117882939,1,1
1423832276473757808,1,1
1423917526989579763,1,1
1423953906966959715,2,1
1423995169387206659,3,2
1424006215481055236,2,1
1424096671914341370,2,1
1424434127388517306,1,1
1424441292141222695,1,1
1424452993395484836,10,4
1424460453658503977,1,1
1424468879349217105,1,1
1424504105903767813,2,1
1424507459624210075,1,1
1424531023756354594,1,1
1424555796721878084,2,1
1424672269311912143,1,1
1424726913788266051,6,3
1424742278624650375,4,2
1424796315276646395,3,2
1424845024823493939,1,1
1424853874591386695,1,1
1425129725860476161,4,2
1425143239439802822,3,2
1425192359994445646,1,1
1425256676688879613,4,2
1425329131741030515,3,2
1425381447648807634,4,2
1425384551898329429,5,3
1425540534496960996,3,2
1425545529636695770,1,1
1425545582397590143,6,3
1425834368886197827,1,1
1425867087783159180,2,1
1425900658607344593,11,4
1425950022657646272,4,2
1426022865631474439,1,1
1426093717138519499,2,1
1426127554515236262,1,1
1426186279027532436,1,1
1426563763280771156,2,1
1426662723946920196,6,3
1426698693317036882,3,2
1426755505362377740,2,1
1427072172748186873,4,2
1427201324487201658,1,1
1427280705020389737,3,2
1427341381403577342,1,1
1427536275308565687,1,1
1427562515342493524,1,1
1427651676224417295,1,1
1427734216093914168,1,1
1427983239054998243,3,2
1428098990659157584,1,1
1428160187120752337,1,1
1428164468544991113,1,1
1428171699965582549,3,2
1428210579123543834,1,1
1428220074536256243,1,1
1428324834597770230,1,1
1428365172775492383,8,3
1428385874748594290,2,1
1428396674497091517,5,3
1428407658795599977,1,1
1428456887081821080,8,3
1428807514618902232,3,2
1428851699870516455,3,2
1428891192444829885,1,1
1428899505926391457,1,1
1429410616899978528,3,2
1429462663209203475,3,2
1429513430856550532,1,1
1429529863752707124,1,1
1429547580896088761,2,1
1429678087113005767,2,1
1429720188966749773,2,1
1429726511497346646,7,3
1429757036745500214,1,1
1429768895894245089,1,1
1429795650357691662,1,1
1430100079308493613,2,1
1430143799300240699,4,2
1430243027467925663,1,1
1430308678711399891,2,1
1430365667334068624,1,1
1430394565382413323,6,3
1430499700501674194,3,2
1430501896922119927,1,1
1430520868545177497,1,1
1430554996562275525,1,1
1430578988904057502,4,2
1430596163498621738,1,1
1430597900995303518,1,1
1430610660438204537,3,2
1430626963710132842,2,1
1430901280251142595,1,1
1430965749079028918,3,2
1430968912494765456,1,1
1431028696380858249,1,1
1431057942673738986,2,1
1431071061754326534,1,1
1431107564176884282,1,1
1431134778923790493,3,2
1431290436621545835,2,1
1431672245993605225,1,1
1431741295257409778,5,3
1431760812478157134,3,2
1431761792923130754,1,1
1431837054864015181,2,1
1431852890605373631,1,1
1431933827478365009,1,1
1431956891908407967,5,3
1431992412545454395,3,2
1432020073510749617,1,1
1432027437971469731,1,1
1432064281761263324,7,3
1432258528265361673,1,1
1432383162848070105,4,2
1432387393245323701,1,1
1432396626579078205,1,1
1432411712661715752,2,1
1432503341507523713,5,3
1432585049509379034,1,1
1432712569806869194,6,3
1432736951426949265,3,2
1432779331128585612,3,2
1432783809727013227,2,1
1432830503987295084,2,1
1432838794851756494,4,2
1432900676954433169,2,1
1433345340393330671,1,1
1433465491525425709,2,1
1433798717345613632,3,2
1433805984798609745,1,1
1433953522251050011,1,1
1433958623397618674,1,1
1433960057413872324,1,1
1434068367926437277,3,2
1434070078784373747,3,2
1434076821838385854,1,1
1434169512803452774,2,1
1434221027778779869,1,1
1434585562637665041,3,2
1434610796454950865,2,1
1434614093217630084,1,1
1434675327846383786,1,1
1434684360287027378,1,1
1434691974506976994,3,2
1434701145859756181,1,1
1434723538252413269,2,1
1434797302722243124,1,1
1434905762558557764,1,1
1434951202328574194,2,1
1434957973498443899,7,3
1434958902233960509,6,3
1435343780577104911,1,1
1435367411196459035,1,1
1435565785876751408,1,1
1435578797520194666,2,1
1435617611979217092,1,1
1435749740213149335,2,1
1436019988476022721,6,3
1436108509349098824,3,2
1436171783455732822,2,1
1436211587566927357,1,1
1436219155823783466,1,1
1436225686619717635,2,1
1436240632456522108,1,1
1436273813373373395,1,1
1436377185705903372,1,1
1436457745245870513,3,2
1436494893616892369,3,2
1436510006108188737,4,2
1436985904874305403,4,2
1437113837136220950,1,1
1437123071460498556,1,1
1437193765292254398,3,2
1437253476614349628,1,1
1437530470142157376,2,1
1437649957829200566,1,1
1437676640187871467,3,2
1437712638761606069,1,1
1437735512877843805,2,1
1438186497618698959,1,1
1438203277542050401,4,2
1438219135769408478,1,1
1438230563213173627,1,1
1438366425840529586,2,1
1438426024771138131,1,1
1438531475274679497,3,2
1438551226006989082,1,1
1438942468701203605,1,1
1438949440359847142,2,1
1438957805108952461,1,1
1439093105824691632,2,1
1439097888955356728,1,1
1439217339513900370,1,1
1439249527509052846,1,1
1439608441287171482,3,2
1439643820867772522,1,1
1439654692099462204,2,1
1439704219883926727,1,1
1439752299783469391,1,1
1439793551293519743,1,1
1439793801886383677,1,1
1440151746239710907,2,1
1440300511231615246,1,1
1440307053638870440,1,1
1440310282714143750,1,1
1440479392455728713,1,1
1440505198567668969,2,1
1440614260780889144,1,1
1440763145706292952,3,2
1441051962592400130,1,1
1441247584912857916,1,1
1441275701047855127,1,1
1441282580750204585,1,1
1441290989684615014,1,1
1441328756833297862,2,1
1441344652532514528,2,1
1441796469570809131,1,1
1441877201983557861,1,1
1441894664215771363,2,1
1442028573879962722,1,1
1442088419976884367,1,1
1442097452508292629,1,1
1442133930620355514,1,1
1442166086819545384,2,1
1442221136123747215,2,1
1442225132212688979,1,1
1442230951842164857,1,1
1442242583779624104,4,2
1442250627431237836,1,1
1442720117830665844,1,1
1442724394705246726,1,1
1442787484003804991,1,1
1442953251812872101,1,1
1442961083906267060,1,1
1443256404426908495,1,1
1443277108351113717,1,1
1443313720011981316,2,1
1443316507043651909,3,2
1443341101692647485,2,1
1443427735829551551,3,2
1443515576345897000,1,1
1443570058112310020,1,1
1444105669971713391,1,1
1444185884842822319,1,1
1444284421414694560,3,2
1444289250008539198,2,1
1444352580049378640,2,1
1444357509565703766,1,1
1444387742755702326,4,2
1444665761737050389,1,1
1444678284539636174,1,1
1444917240367617236,1,1
1444985429830714301,1,1
1444995351430598420,1,1
1444998843542244693,1,1
1445001370735410681,1,1
1445004318648719315,1,1
1445017877340779081,2,1
1445021384860242888,1,1
1445413678423598646,1,1
1445630839204994901,2,1
1445864217864498588,1,1
1446236053843520298,2,1
1446237343082128104,1,1
1446239372194776039,2,1
1446240523572116833,1,1
1446391975767574477,3,2
1446402145878277876,1,1
1446409223215431684,2,1
1446415908588950600,1,1
1447022639404367873,1,1
1447151820342014643,3,2
1447173492163008175,1,1
1447692338045565156,1,1
1448548564627259760,1,1
1449793825514842141,2,1
